2026-09-22 18:44:32,458 - nanochat.common - [32m[1mINFO[0m - Distributed world size: 1
wandb: [wandb.login()] Loaded credentials for https://api.wandb.ai from /Users/mayureshkhalane/.netrc.
wandb: Currently logged in as: mayureshkhalane1 (mayureshkhalane1-leiden-university) to https://api.wandb.ai. Use `wandb login --relogin` to force relogin
wandb: setting up run dhepncj8
wandb: Tracking run with wandb version 0.30.0
wandb: Run data is saved locally in /Users/mayureshkhalane/transformers_assignment/nanochat/wandb/run-20260922_184433-dhepncj8
wandb: Run `wandb offline` to turn off syncing.
wandb: Syncing run task3_d2_sft
wandb: ⭐️ View project at https://wandb.ai/mayureshkhalane1-leiden-university/nanochat-sft
wandb: 🚀 View run at https://wandb.ai/mayureshkhalane1-leiden-university/nanochat-sft/runs/dhepncj8
2026-09-22 18:44:36,359 - nanochat.checkpoint_manager - [32m[1mINFO[0m - Loading model from /Users/mayureshkhalane/.cache/nanochat/chatsft_checkpoints/d2_mid with step 928
2026-09-22 18:44:36,396 - nanochat.checkpoint_manager - [32m[1mINFO[0m - Building model with config: {'sequence_len': 2048, 'vocab_size': 32768, 'n_layer': 2, 'n_head': 1, 'n_kv_head': 1, 'n_embd': 128, 'window_pattern': 'L'}
2026-09-22 18:44:36,879 - nanochat.checkpoint_manager - [32m[1mINFO[0m - Loading optimizer state from /Users/mayureshkhalane/.cache/nanochat/chatsft_checkpoints/d2_mid/optim_000928_rank0.pt
Autodetected device type: mps
COMPUTE_DTYPE: torch.float32 (auto-detected: no CUDA (CPU/MPS))
WARNING: Flash Attention 3 not available, using PyTorch SDPA fallback. Training will be less efficient.
Inherited max_seq_len=2048 from pretrained checkpoint
Inherited device_batch_size=16 from pretrained checkpoint
Inherited total_batch_size=131072 from pretrained checkpoint
Inherited embedding_lr=0.3 from pretrained checkpoint
Inherited unembedding_lr=0.008 from pretrained checkpoint
Inherited matrix_lr=0.02 from pretrained checkpoint
Tokens / micro-batch / rank: 16 x 2048 = 32,768
Tokens / micro-batch: 32,768
Total batch size 131,072 => gradient accumulation steps: 4
Scaling the LR for the AdamW parameters ∝1/√(128/768) = 2.449490
Loaded optimizer state from pretrained checkpoint (momentum buffers only, LRs reset)
Training mixture (sft): 460,341 rows
Step 00000 | Validation bpb: 2.7609
step 00001 (0.04%) | loss: 4.760094 | lrm: 1.00 | dt: 3414.39ms | tok/sec: 38,388 | mfu: 0.00 | epoch: 1 | total time: 0.00m
step 00002 (0.09%) | loss: 5.768661 | lrm: 1.00 | dt: 1908.20ms | tok/sec: 68,688 | mfu: 0.00 | epoch: 1 | total time: 0.00m
step 00003 (0.12%) | loss: 6.282244 | lrm: 1.00 | dt: 1911.58ms | tok/sec: 68,567 | mfu: 0.00 | epoch: 1 | total time: 0.00m
step 00004 (0.16%) | loss: 6.348998 | lrm: 1.00 | dt: 1916.82ms | tok/sec: 68,380 | mfu: 0.00 | epoch: 1 | total time: 0.00m
step 00005 (0.19%) | loss: 6.279998 | lrm: 1.00 | dt: 1842.26ms | tok/sec: 71,147 | mfu: 0.00 | epoch: 1 | total time: 0.00m
step 00006 (0.23%) | loss: 6.202207 | lrm: 1.00 | dt: 1930.27ms | tok/sec: 67,903 | mfu: 0.00 | epoch: 1 | total time: 0.00m
step 00007 (0.26%) | loss: 6.105332 | lrm: 1.00 | dt: 1488.04ms | tok/sec: 88,083 | mfu: 0.00 | epoch: 1 | total time: 0.00m
step 00008 (0.30%) | loss: 5.994390 | lrm: 1.00 | dt: 1486.21ms | tok/sec: 88,192 | mfu: 0.00 | epoch: 1 | total time: 0.00m
step 00009 (0.34%) | loss: 5.886507 | lrm: 1.00 | dt: 1592.67ms | tok/sec: 82,296 | mfu: 0.00 | epoch: 1 | total time: 0.00m
step 00010 (0.37%) | loss: 5.802850 | lrm: 1.00 | dt: 1465.02ms | tok/sec: 89,467 | mfu: 0.00 | epoch: 1 | total time: 0.00m
step 00011 (0.41%) | loss: 5.705387 | lrm: 1.00 | dt: 1457.53ms | tok/sec: 89,927 | mfu: 0.00 | epoch: 1 | total time: 0.02m
step 00012 (0.44%) | loss: 5.621429 | lrm: 1.00 | dt: 1459.44ms | tok/sec: 89,809 | mfu: 0.00 | epoch: 1 | total time: 0.05m
step 00013 (0.47%) | loss: 5.514163 | lrm: 1.00 | dt: 1456.34ms | tok/sec: 90,000 | mfu: 0.00 | epoch: 1 | total time: 0.07m
step 00014 (0.51%) | loss: 5.431365 | lrm: 1.00 | dt: 1457.69ms | tok/sec: 89,917 | mfu: 0.00 | epoch: 1 | total time: 0.10m
step 00015 (0.54%) | loss: 5.350874 | lrm: 1.00 | dt: 1459.17ms | tok/sec: 89,826 | mfu: 0.00 | epoch: 1 | total time: 0.12m
step 00016 (0.57%) | loss: 5.266812 | lrm: 1.00 | dt: 1605.99ms | tok/sec: 81,614 | mfu: 0.00 | epoch: 1 | total time: 0.15m
step 00017 (0.61%) | loss: 5.183402 | lrm: 1.00 | dt: 1618.56ms | tok/sec: 80,980 | mfu: 0.00 | epoch: 1 | total time: 0.18m
step 00018 (0.64%) | loss: 5.126461 | lrm: 1.00 | dt: 1618.03ms | tok/sec: 81,006 | mfu: 0.00 | epoch: 1 | total time: 0.20m
step 00019 (0.68%) | loss: 5.069253 | lrm: 1.00 | dt: 1496.98ms | tok/sec: 87,557 | mfu: 0.00 | epoch: 1 | total time: 0.23m
step 00020 (0.72%) | loss: 5.006560 | lrm: 1.00 | dt: 1496.31ms | tok/sec: 87,596 | mfu: 0.00 | epoch: 1 | total time: 0.25m
step 00021 (0.75%) | loss: 4.972499 | lrm: 1.00 | dt: 1471.08ms | tok/sec: 89,098 | mfu: 0.00 | epoch: 1 | total time: 0.28m
step 00022 (0.78%) | loss: 4.937789 | lrm: 1.00 | dt: 1480.61ms | tok/sec: 88,525 | mfu: 0.00 | epoch: 1 | total time: 0.30m
step 00023 (0.82%) | loss: 4.886045 | lrm: 1.00 | dt: 1619.58ms | tok/sec: 80,929 | mfu: 0.00 | epoch: 1 | total time: 0.33m
step 00024 (0.85%) | loss: 4.836458 | lrm: 1.00 | dt: 1468.41ms | tok/sec: 89,261 | mfu: 0.00 | epoch: 1 | total time: 0.35m
step 00025 (0.89%) | loss: 4.804200 | lrm: 1.00 | dt: 1460.31ms | tok/sec: 89,756 | mfu: 0.00 | epoch: 1 | total time: 0.38m
step 00026 (0.92%) | loss: 4.773053 | lrm: 1.00 | dt: 1456.78ms | tok/sec: 89,973 | mfu: 0.00 | epoch: 1 | total time: 0.40m
step 00027 (0.95%) | loss: 4.713089 | lrm: 1.00 | dt: 1460.48ms | tok/sec: 89,745 | mfu: 0.00 | epoch: 1 | total time: 0.43m
step 00028 (0.98%) | loss: 4.687432 | lrm: 1.00 | dt: 1460.31ms | tok/sec: 89,756 | mfu: 0.00 | epoch: 1 | total time: 0.45m
step 00029 (1.02%) | loss: 4.630559 | lrm: 1.00 | dt: 1460.90ms | tok/sec: 89,719 | mfu: 0.00 | epoch: 1 | total time: 0.47m
step 00030 (1.06%) | loss: 4.587192 | lrm: 1.00 | dt: 1463.13ms | tok/sec: 89,583 | mfu: 0.00 | epoch: 1 | total time: 0.50m
step 00031 (1.09%) | loss: 4.541155 | lrm: 1.00 | dt: 1466.14ms | tok/sec: 89,399 | mfu: 0.00 | epoch: 1 | total time: 0.52m
step 00032 (1.13%) | loss: 4.482948 | lrm: 1.00 | dt: 1466.83ms | tok/sec: 89,357 | mfu: 0.00 | epoch: 1 | total time: 0.55m
step 00033 (1.16%) | loss: 4.461336 | lrm: 1.00 | dt: 1469.58ms | tok/sec: 89,190 | mfu: 0.00 | epoch: 1 | total time: 0.57m
step 00034 (1.19%) | loss: 4.433135 | lrm: 1.00 | dt: 1469.81ms | tok/sec: 89,176 | mfu: 0.00 | epoch: 1 | total time: 0.60m
step 00035 (1.22%) | loss: 4.420860 | lrm: 1.00 | dt: 1472.33ms | tok/sec: 89,023 | mfu: 0.00 | epoch: 1 | total time: 0.62m
step 00036 (1.25%) | loss: 4.391666 | lrm: 1.00 | dt: 1471.52ms | tok/sec: 89,072 | mfu: 0.00 | epoch: 1 | total time: 0.65m
step 00037 (1.29%) | loss: 4.367989 | lrm: 1.00 | dt: 1476.11ms | tok/sec: 88,795 | mfu: 0.00 | epoch: 1 | total time: 0.67m
step 00038 (1.32%) | loss: 4.300281 | lrm: 1.00 | dt: 1472.83ms | tok/sec: 88,993 | mfu: 0.00 | epoch: 1 | total time: 0.69m
step 00039 (1.36%) | loss: 4.288897 | lrm: 1.00 | dt: 1476.14ms | tok/sec: 88,793 | mfu: 0.00 | epoch: 1 | total time: 0.72m
step 00040 (1.40%) | loss: 4.261025 | lrm: 1.00 | dt: 1474.87ms | tok/sec: 88,870 | mfu: 0.00 | epoch: 1 | total time: 0.74m
step 00041 (1.43%) | loss: 4.235923 | lrm: 1.00 | dt: 1480.99ms | tok/sec: 88,503 | mfu: 0.00 | epoch: 1 | total time: 0.77m
step 00042 (1.46%) | loss: 4.199648 | lrm: 1.00 | dt: 1477.12ms | tok/sec: 88,734 | mfu: 0.00 | epoch: 1 | total time: 0.79m
step 00043 (1.50%) | loss: 4.194099 | lrm: 1.00 | dt: 1480.37ms | tok/sec: 88,540 | mfu: 0.00 | epoch: 1 | total time: 0.82m
step 00044 (1.53%) | loss: 4.171058 | lrm: 1.00 | dt: 1478.10ms | tok/sec: 88,676 | mfu: 0.00 | epoch: 1 | total time: 0.84m
step 00045 (1.57%) | loss: 4.136807 | lrm: 1.00 | dt: 1481.09ms | tok/sec: 88,496 | mfu: 0.00 | epoch: 1 | total time: 0.87m
step 00046 (1.60%) | loss: 4.116805 | lrm: 1.00 | dt: 1477.05ms | tok/sec: 88,739 | mfu: 0.00 | epoch: 1 | total time: 0.89m
step 00047 (1.64%) | loss: 4.109905 | lrm: 1.00 | dt: 1481.34ms | tok/sec: 88,482 | mfu: 0.00 | epoch: 1 | total time: 0.92m
step 00048 (1.66%) | loss: 4.083969 | lrm: 1.00 | dt: 1479.92ms | tok/sec: 88,567 | mfu: 0.00 | epoch: 1 | total time: 0.94m
step 00049 (1.70%) | loss: 4.059113 | lrm: 1.00 | dt: 1479.12ms | tok/sec: 88,615 | mfu: 0.00 | epoch: 1 | total time: 0.97m
step 00050 (1.73%) | loss: 4.053230 | lrm: 1.00 | dt: 1474.12ms | tok/sec: 88,915 | mfu: 0.00 | epoch: 1 | total time: 0.99m
step 00051 (1.77%) | loss: 4.023450 | lrm: 1.00 | dt: 1477.18ms | tok/sec: 88,731 | mfu: 0.00 | epoch: 1 | total time: 1.02m
step 00052 (1.80%) | loss: 4.008755 | lrm: 1.00 | dt: 1474.25ms | tok/sec: 88,907 | mfu: 0.00 | epoch: 1 | total time: 1.04m
step 00053 (1.84%) | loss: 3.986271 | lrm: 1.00 | dt: 1475.55ms | tok/sec: 88,829 | mfu: 0.00 | epoch: 1 | total time: 1.06m
step 00054 (1.88%) | loss: 3.986556 | lrm: 1.00 | dt: 1472.59ms | tok/sec: 89,007 | mfu: 0.00 | epoch: 1 | total time: 1.09m
step 00055 (1.91%) | loss: 3.977275 | lrm: 1.00 | dt: 1473.78ms | tok/sec: 88,935 | mfu: 0.00 | epoch: 1 | total time: 1.11m
step 00056 (1.95%) | loss: 3.970634 | lrm: 1.00 | dt: 1472.41ms | tok/sec: 89,018 | mfu: 0.00 | epoch: 1 | total time: 1.14m
step 00057 (1.98%) | loss: 3.960457 | lrm: 1.00 | dt: 1472.32ms | tok/sec: 89,023 | mfu: 0.00 | epoch: 1 | total time: 1.16m
step 00058 (2.01%) | loss: 3.939563 | lrm: 1.00 | dt: 1470.23ms | tok/sec: 89,150 | mfu: 0.00 | epoch: 1 | total time: 1.19m
step 00059 (2.05%) | loss: 3.897936 | lrm: 1.00 | dt: 1472.05ms | tok/sec: 89,040 | mfu: 0.00 | epoch: 1 | total time: 1.21m
step 00060 (2.09%) | loss: 3.877359 | lrm: 1.00 | dt: 1468.15ms | tok/sec: 89,276 | mfu: 0.00 | epoch: 1 | total time: 1.24m
step 00061 (2.13%) | loss: 3.860405 | lrm: 1.00 | dt: 1469.09ms | tok/sec: 89,219 | mfu: 0.00 | epoch: 1 | total time: 1.26m
step 00062 (2.17%) | loss: 3.836360 | lrm: 1.00 | dt: 1467.20ms | tok/sec: 89,334 | mfu: 0.00 | epoch: 1 | total time: 1.28m
step 00063 (2.20%) | loss: 3.829425 | lrm: 1.00 | dt: 1466.88ms | tok/sec: 89,354 | mfu: 0.00 | epoch: 1 | total time: 1.31m
step 00064 (2.24%) | loss: 3.810873 | lrm: 1.00 | dt: 1467.32ms | tok/sec: 89,327 | mfu: 0.00 | epoch: 1 | total time: 1.33m
step 00065 (2.27%) | loss: 3.764340 | lrm: 1.00 | dt: 1466.54ms | tok/sec: 89,374 | mfu: 0.00 | epoch: 1 | total time: 1.36m
step 00066 (2.30%) | loss: 3.762006 | lrm: 1.00 | dt: 1464.29ms | tok/sec: 89,512 | mfu: 0.00 | epoch: 1 | total time: 1.38m
step 00067 (2.33%) | loss: 3.745093 | lrm: 1.00 | dt: 1466.14ms | tok/sec: 89,399 | mfu: 0.00 | epoch: 1 | total time: 1.41m
step 00068 (2.37%) | loss: 3.731431 | lrm: 1.00 | dt: 1464.55ms | tok/sec: 89,496 | mfu: 0.00 | epoch: 1 | total time: 1.43m
step 00069 (2.41%) | loss: 3.714060 | lrm: 1.00 | dt: 1466.30ms | tok/sec: 89,389 | mfu: 0.00 | epoch: 1 | total time: 1.46m
step 00070 (2.44%) | loss: 3.731488 | lrm: 1.00 | dt: 1464.34ms | tok/sec: 89,509 | mfu: 0.00 | epoch: 1 | total time: 1.48m
step 00071 (2.48%) | loss: 3.724216 | lrm: 1.00 | dt: 1466.39ms | tok/sec: 89,384 | mfu: 0.00 | epoch: 1 | total time: 1.50m
step 00072 (2.52%) | loss: 3.722920 | lrm: 1.00 | dt: 1465.00ms | tok/sec: 89,468 | mfu: 0.00 | epoch: 1 | total time: 1.53m
step 00073 (2.55%) | loss: 3.702288 | lrm: 1.00 | dt: 1466.66ms | tok/sec: 89,367 | mfu: 0.00 | epoch: 1 | total time: 1.55m
step 00074 (2.59%) | loss: 3.681456 | lrm: 1.00 | dt: 1465.12ms | tok/sec: 89,461 | mfu: 0.00 | epoch: 1 | total time: 1.58m
step 00075 (2.63%) | loss: 3.676429 | lrm: 1.00 | dt: 1466.81ms | tok/sec: 89,358 | mfu: 0.00 | epoch: 1 | total time: 1.60m
step 00076 (2.66%) | loss: 3.654896 | lrm: 1.00 | dt: 1465.39ms | tok/sec: 89,445 | mfu: 0.00 | epoch: 1 | total time: 1.63m
step 00077 (2.69%) | loss: 3.644720 | lrm: 1.00 | dt: 1466.66ms | tok/sec: 89,367 | mfu: 0.00 | epoch: 1 | total time: 1.65m
step 00078 (2.72%) | loss: 3.666207 | lrm: 1.00 | dt: 1463.96ms | tok/sec: 89,532 | mfu: 0.00 | epoch: 1 | total time: 1.68m
step 00079 (2.76%) | loss: 3.657793 | lrm: 1.00 | dt: 1467.83ms | tok/sec: 89,296 | mfu: 0.00 | epoch: 1 | total time: 1.70m
step 00080 (2.79%) | loss: 3.637480 | lrm: 1.00 | dt: 1463.99ms | tok/sec: 89,530 | mfu: 0.00 | epoch: 1 | total time: 1.72m
step 00081 (2.82%) | loss: 3.646477 | lrm: 1.00 | dt: 1465.07ms | tok/sec: 89,464 | mfu: 0.00 | epoch: 1 | total time: 1.75m
step 00082 (2.85%) | loss: 3.636836 | lrm: 1.00 | dt: 1464.27ms | tok/sec: 89,513 | mfu: 0.00 | epoch: 1 | total time: 1.77m
step 00083 (2.89%) | loss: 3.625288 | lrm: 1.00 | dt: 1464.54ms | tok/sec: 89,496 | mfu: 0.00 | epoch: 1 | total time: 1.80m
step 00084 (2.93%) | loss: 3.617381 | lrm: 1.00 | dt: 1465.67ms | tok/sec: 89,427 | mfu: 0.00 | epoch: 1 | total time: 1.82m
step 00085 (2.96%) | loss: 3.606947 | lrm: 1.00 | dt: 1464.90ms | tok/sec: 89,475 | mfu: 0.00 | epoch: 1 | total time: 1.85m
step 00086 (2.99%) | loss: 3.600955 | lrm: 1.00 | dt: 1464.84ms | tok/sec: 89,478 | mfu: 0.00 | epoch: 1 | total time: 1.87m
step 00087 (3.02%) | loss: 3.606506 | lrm: 1.00 | dt: 1464.76ms | tok/sec: 89,483 | mfu: 0.00 | epoch: 1 | total time: 1.90m
step 00088 (3.05%) | loss: 3.588664 | lrm: 1.00 | dt: 1465.12ms | tok/sec: 89,461 | mfu: 0.00 | epoch: 1 | total time: 1.92m
step 00089 (3.09%) | loss: 3.581471 | lrm: 1.00 | dt: 1466.29ms | tok/sec: 89,390 | mfu: 0.00 | epoch: 1 | total time: 1.94m
step 00090 (3.13%) | loss: 3.551234 | lrm: 1.00 | dt: 1464.16ms | tok/sec: 89,520 | mfu: 0.00 | epoch: 1 | total time: 1.97m
step 00091 (3.17%) | loss: 3.556016 | lrm: 1.00 | dt: 1465.18ms | tok/sec: 89,458 | mfu: 0.00 | epoch: 1 | total time: 1.99m
step 00092 (3.21%) | loss: 3.553278 | lrm: 1.00 | dt: 1465.09ms | tok/sec: 89,463 | mfu: 0.00 | epoch: 1 | total time: 2.02m
step 00093 (3.24%) | loss: 3.545276 | lrm: 1.00 | dt: 1464.95ms | tok/sec: 89,471 | mfu: 0.00 | epoch: 1 | total time: 2.04m
step 00094 (3.28%) | loss: 3.532713 | lrm: 1.00 | dt: 1465.45ms | tok/sec: 89,441 | mfu: 0.00 | epoch: 1 | total time: 2.07m
step 00095 (3.32%) | loss: 3.524580 | lrm: 1.00 | dt: 1465.29ms | tok/sec: 89,451 | mfu: 0.00 | epoch: 1 | total time: 2.09m
step 00096 (3.36%) | loss: 3.518576 | lrm: 1.00 | dt: 1465.13ms | tok/sec: 89,461 | mfu: 0.00 | epoch: 1 | total time: 2.12m
step 00097 (3.40%) | loss: 3.522778 | lrm: 1.00 | dt: 1467.29ms | tok/sec: 89,329 | mfu: 0.00 | epoch: 1 | total time: 2.14m
step 00098 (3.43%) | loss: 3.489289 | lrm: 1.00 | dt: 1464.56ms | tok/sec: 89,496 | mfu: 0.00 | epoch: 1 | total time: 2.16m
step 00099 (3.46%) | loss: 3.482061 | lrm: 1.00 | dt: 1466.01ms | tok/sec: 89,407 | mfu: 0.00 | epoch: 1 | total time: 2.19m
step 00100 (3.50%) | loss: 3.459531 | lrm: 1.00 | dt: 1464.88ms | tok/sec: 89,476 | mfu: 0.00 | epoch: 1 | total time: 2.21m
Step 00100 | Validation bpb: 1.0708
step 00101 (3.53%) | loss: 3.438879 | lrm: 1.00 | dt: 1528.85ms | tok/sec: 85,732 | mfu: 0.00 | epoch: 1 | total time: 2.24m
step 00102 (3.57%) | loss: 3.425821 | lrm: 1.00 | dt: 1466.12ms | tok/sec: 89,400 | mfu: 0.00 | epoch: 1 | total time: 2.26m
step 00103 (3.60%) | loss: 3.406626 | lrm: 1.00 | dt: 1466.01ms | tok/sec: 89,407 | mfu: 0.00 | epoch: 1 | total time: 2.29m
step 00104 (3.63%) | loss: 3.421761 | lrm: 1.00 | dt: 1465.12ms | tok/sec: 89,461 | mfu: 0.00 | epoch: 1 | total time: 2.31m
step 00105 (3.66%) | loss: 3.409458 | lrm: 1.00 | dt: 1464.83ms | tok/sec: 89,479 | mfu: 0.00 | epoch: 1 | total time: 2.34m
step 00106 (3.69%) | loss: 3.392797 | lrm: 1.00 | dt: 1464.62ms | tok/sec: 89,491 | mfu: 0.00 | epoch: 1 | total time: 2.36m
step 00107 (3.72%) | loss: 3.382904 | lrm: 1.00 | dt: 1465.78ms | tok/sec: 89,421 | mfu: 0.00 | epoch: 1 | total time: 2.39m
step 00108 (3.76%) | loss: 3.393531 | lrm: 1.00 | dt: 1466.08ms | tok/sec: 89,402 | mfu: 0.00 | epoch: 1 | total time: 2.41m
step 00109 (3.80%) | loss: 3.400425 | lrm: 1.00 | dt: 1465.93ms | tok/sec: 89,412 | mfu: 0.00 | epoch: 1 | total time: 2.43m
step 00110 (3.84%) | loss: 3.388864 | lrm: 1.00 | dt: 1464.72ms | tok/sec: 89,486 | mfu: 0.00 | epoch: 1 | total time: 2.46m
step 00111 (3.88%) | loss: 3.376192 | lrm: 1.00 | dt: 1467.43ms | tok/sec: 89,320 | mfu: 0.00 | epoch: 1 | total time: 2.48m
step 00112 (3.92%) | loss: 3.378637 | lrm: 1.00 | dt: 1464.29ms | tok/sec: 89,512 | mfu: 0.00 | epoch: 1 | total time: 2.51m
step 00113 (3.95%) | loss: 3.374634 | lrm: 1.00 | dt: 1466.96ms | tok/sec: 89,349 | mfu: 0.00 | epoch: 1 | total time: 2.53m
step 00114 (3.99%) | loss: 3.354268 | lrm: 1.00 | dt: 1464.35ms | tok/sec: 89,508 | mfu: 0.00 | epoch: 1 | total time: 2.56m
step 00115 (4.02%) | loss: 3.320129 | lrm: 1.00 | dt: 1467.70ms | tok/sec: 89,304 | mfu: 0.00 | epoch: 1 | total time: 2.58m
step 00116 (4.06%) | loss: 3.322613 | lrm: 1.00 | dt: 1465.08ms | tok/sec: 89,463 | mfu: 0.00 | epoch: 1 | total time: 2.60m
step 00117 (4.09%) | loss: 3.317327 | lrm: 1.00 | dt: 1466.15ms | tok/sec: 89,398 | mfu: 0.00 | epoch: 1 | total time: 2.63m
step 00118 (4.13%) | loss: 3.321353 | lrm: 1.00 | dt: 1468.99ms | tok/sec: 89,226 | mfu: 0.00 | epoch: 1 | total time: 2.65m
step 00119 (4.16%) | loss: 3.325927 | lrm: 1.00 | dt: 1464.78ms | tok/sec: 89,482 | mfu: 0.00 | epoch: 1 | total time: 2.68m
step 00120 (4.19%) | loss: 3.375288 | lrm: 1.00 | dt: 1466.96ms | tok/sec: 89,349 | mfu: 0.00 | epoch: 1 | total time: 2.70m
step 00121 (4.23%) | loss: 3.366779 | lrm: 1.00 | dt: 1466.41ms | tok/sec: 89,383 | mfu: 0.00 | epoch: 1 | total time: 2.73m
step 00122 (4.26%) | loss: 3.366038 | lrm: 1.00 | dt: 1465.71ms | tok/sec: 89,425 | mfu: 0.00 | epoch: 1 | total time: 2.75m
step 00123 (4.29%) | loss: 3.355359 | lrm: 1.00 | dt: 1466.50ms | tok/sec: 89,377 | mfu: 0.00 | epoch: 1 | total time: 2.78m
step 00124 (4.33%) | loss: 3.357342 | lrm: 1.00 | dt: 1467.13ms | tok/sec: 89,338 | mfu: 0.00 | epoch: 1 | total time: 2.80m
step 00125 (4.37%) | loss: 3.343928 | lrm: 1.00 | dt: 1464.43ms | tok/sec: 89,503 | mfu: 0.00 | epoch: 1 | total time: 2.82m
step 00126 (4.40%) | loss: 3.358325 | lrm: 1.00 | dt: 1467.68ms | tok/sec: 89,305 | mfu: 0.00 | epoch: 1 | total time: 2.85m
step 00127 (4.44%) | loss: 3.355454 | lrm: 1.00 | dt: 1465.75ms | tok/sec: 89,422 | mfu: 0.00 | epoch: 1 | total time: 2.87m
step 00128 (4.47%) | loss: 3.337824 | lrm: 1.00 | dt: 1466.80ms | tok/sec: 89,359 | mfu: 0.00 | epoch: 1 | total time: 2.90m
step 00129 (4.50%) | loss: 3.363594 | lrm: 1.00 | dt: 1464.65ms | tok/sec: 89,490 | mfu: 0.00 | epoch: 1 | total time: 2.92m
step 00130 (4.54%) | loss: 3.337263 | lrm: 1.00 | dt: 1466.14ms | tok/sec: 89,399 | mfu: 0.00 | epoch: 1 | total time: 2.95m
step 00131 (4.57%) | loss: 3.330252 | lrm: 1.00 | dt: 1464.75ms | tok/sec: 89,483 | mfu: 0.00 | epoch: 1 | total time: 2.97m
step 00132 (4.60%) | loss: 3.346393 | lrm: 1.00 | dt: 1464.29ms | tok/sec: 89,512 | mfu: 0.00 | epoch: 1 | total time: 3.00m
step 00133 (4.63%) | loss: 3.343134 | lrm: 1.00 | dt: 1466.44ms | tok/sec: 89,381 | mfu: 0.00 | epoch: 1 | total time: 3.02m
step 00134 (4.67%) | loss: 3.313011 | lrm: 1.00 | dt: 1466.21ms | tok/sec: 89,395 | mfu: 0.00 | epoch: 1 | total time: 3.04m
step 00135 (4.70%) | loss: 3.319239 | lrm: 1.00 | dt: 1466.62ms | tok/sec: 89,370 | mfu: 0.00 | epoch: 1 | total time: 3.07m
step 00136 (4.74%) | loss: 3.332495 | lrm: 1.00 | dt: 1465.12ms | tok/sec: 89,461 | mfu: 0.00 | epoch: 1 | total time: 3.09m
step 00137 (4.77%) | loss: 3.304978 | lrm: 1.00 | dt: 1466.72ms | tok/sec: 89,364 | mfu: 0.00 | epoch: 1 | total time: 3.12m
step 00138 (4.80%) | loss: 3.294107 | lrm: 1.00 | dt: 1464.47ms | tok/sec: 89,501 | mfu: 0.00 | epoch: 1 | total time: 3.14m
step 00139 (4.84%) | loss: 3.288133 | lrm: 1.00 | dt: 1466.43ms | tok/sec: 89,381 | mfu: 0.00 | epoch: 1 | total time: 3.17m
step 00140 (4.87%) | loss: 3.286182 | lrm: 1.00 | dt: 1465.45ms | tok/sec: 89,441 | mfu: 0.00 | epoch: 1 | total time: 3.19m
step 00141 (4.91%) | loss: 3.269169 | lrm: 1.00 | dt: 1466.78ms | tok/sec: 89,360 | mfu: 0.00 | epoch: 1 | total time: 3.22m
step 00142 (4.95%) | loss: 3.257902 | lrm: 1.00 | dt: 1465.42ms | tok/sec: 89,443 | mfu: 0.00 | epoch: 1 | total time: 3.24m
step 00143 (4.99%) | loss: 3.263124 | lrm: 1.00 | dt: 1466.48ms | tok/sec: 89,378 | mfu: 0.00 | epoch: 1 | total time: 3.26m
step 00144 (5.02%) | loss: 3.246162 | lrm: 1.00 | dt: 1465.84ms | tok/sec: 89,417 | mfu: 0.00 | epoch: 1 | total time: 3.29m
step 00145 (5.06%) | loss: 3.259921 | lrm: 1.00 | dt: 1465.57ms | tok/sec: 89,433 | mfu: 0.00 | epoch: 1 | total time: 3.31m
step 00146 (5.09%) | loss: 3.249966 | lrm: 1.00 | dt: 1466.25ms | tok/sec: 89,392 | mfu: 0.00 | epoch: 1 | total time: 3.34m
step 00147 (5.13%) | loss: 3.235815 | lrm: 1.00 | dt: 1465.20ms | tok/sec: 89,456 | mfu: 0.00 | epoch: 1 | total time: 3.36m
step 00148 (5.16%) | loss: 3.254424 | lrm: 1.00 | dt: 1465.51ms | tok/sec: 89,437 | mfu: 0.00 | epoch: 1 | total time: 3.39m
step 00149 (5.19%) | loss: 3.244662 | lrm: 1.00 | dt: 1464.76ms | tok/sec: 89,483 | mfu: 0.00 | epoch: 1 | total time: 3.41m
step 00150 (5.22%) | loss: 3.233484 | lrm: 1.00 | dt: 1469.24ms | tok/sec: 89,210 | mfu: 0.00 | epoch: 1 | total time: 3.44m
step 00151 (5.26%) | loss: 3.247833 | lrm: 1.00 | dt: 1464.95ms | tok/sec: 89,471 | mfu: 0.00 | epoch: 1 | total time: 3.46m
step 00152 (5.30%) | loss: 3.218271 | lrm: 1.00 | dt: 1467.15ms | tok/sec: 89,338 | mfu: 0.00 | epoch: 1 | total time: 3.48m
step 00153 (5.34%) | loss: 3.237176 | lrm: 1.00 | dt: 1465.45ms | tok/sec: 89,441 | mfu: 0.00 | epoch: 1 | total time: 3.51m
step 00154 (5.37%) | loss: 3.254394 | lrm: 1.00 | dt: 1466.56ms | tok/sec: 89,373 | mfu: 0.00 | epoch: 1 | total time: 3.53m
step 00155 (5.41%) | loss: 3.259477 | lrm: 1.00 | dt: 1465.63ms | tok/sec: 89,430 | mfu: 0.00 | epoch: 1 | total time: 3.56m
step 00156 (5.44%) | loss: 3.274738 | lrm: 1.00 | dt: 1466.39ms | tok/sec: 89,384 | mfu: 0.00 | epoch: 1 | total time: 3.58m
step 00157 (5.47%) | loss: 3.243266 | lrm: 1.00 | dt: 1465.37ms | tok/sec: 89,446 | mfu: 0.00 | epoch: 1 | total time: 3.61m
step 00158 (5.51%) | loss: 3.228255 | lrm: 1.00 | dt: 1466.47ms | tok/sec: 89,379 | mfu: 0.00 | epoch: 1 | total time: 3.63m
step 00159 (5.55%) | loss: 3.226249 | lrm: 1.00 | dt: 1465.97ms | tok/sec: 89,409 | mfu: 0.00 | epoch: 1 | total time: 3.66m
step 00160 (5.58%) | loss: 3.259892 | lrm: 1.00 | dt: 1465.28ms | tok/sec: 89,452 | mfu: 0.00 | epoch: 1 | total time: 3.68m
step 00161 (5.61%) | loss: 3.289824 | lrm: 1.00 | dt: 1466.55ms | tok/sec: 89,374 | mfu: 0.00 | epoch: 1 | total time: 3.70m
step 00162 (5.65%) | loss: 3.288310 | lrm: 1.00 | dt: 1466.52ms | tok/sec: 89,376 | mfu: 0.00 | epoch: 1 | total time: 3.73m
step 00163 (5.68%) | loss: 3.288840 | lrm: 1.00 | dt: 1466.48ms | tok/sec: 89,378 | mfu: 0.00 | epoch: 1 | total time: 3.75m
step 00164 (5.71%) | loss: 3.295373 | lrm: 1.00 | dt: 1465.22ms | tok/sec: 89,455 | mfu: 0.00 | epoch: 1 | total time: 3.78m
step 00165 (5.74%) | loss: 3.288944 | lrm: 1.00 | dt: 1467.98ms | tok/sec: 89,287 | mfu: 0.00 | epoch: 1 | total time: 3.80m
step 00166 (5.78%) | loss: 3.277504 | lrm: 1.00 | dt: 1465.55ms | tok/sec: 89,435 | mfu: 0.00 | epoch: 1 | total time: 3.83m
step 00167 (5.81%) | loss: 3.273304 | lrm: 1.00 | dt: 1467.56ms | tok/sec: 89,313 | mfu: 0.00 | epoch: 1 | total time: 3.85m
step 00168 (5.85%) | loss: 3.266805 | lrm: 1.00 | dt: 1465.48ms | tok/sec: 89,439 | mfu: 0.00 | epoch: 1 | total time: 3.88m
step 00169 (5.88%) | loss: 3.268048 | lrm: 1.00 | dt: 1466.65ms | tok/sec: 89,368 | mfu: 0.00 | epoch: 1 | total time: 3.90m
step 00170 (5.91%) | loss: 3.276419 | lrm: 1.00 | dt: 1464.66ms | tok/sec: 89,489 | mfu: 0.00 | epoch: 1 | total time: 3.92m
step 00171 (5.95%) | loss: 3.268646 | lrm: 1.00 | dt: 1465.72ms | tok/sec: 89,424 | mfu: 0.00 | epoch: 1 | total time: 3.95m
step 00172 (5.99%) | loss: 3.239066 | lrm: 1.00 | dt: 1466.04ms | tok/sec: 89,405 | mfu: 0.00 | epoch: 1 | total time: 3.97m
step 00173 (6.03%) | loss: 3.237354 | lrm: 1.00 | dt: 1465.51ms | tok/sec: 89,437 | mfu: 0.00 | epoch: 1 | total time: 4.00m
step 00174 (6.06%) | loss: 3.219771 | lrm: 1.00 | dt: 1466.19ms | tok/sec: 89,396 | mfu: 0.00 | epoch: 1 | total time: 4.02m
step 00175 (6.10%) | loss: 3.217541 | lrm: 1.00 | dt: 1466.45ms | tok/sec: 89,380 | mfu: 0.00 | epoch: 1 | total time: 4.05m
step 00176 (6.13%) | loss: 3.200069 | lrm: 1.00 | dt: 1466.06ms | tok/sec: 89,404 | mfu: 0.00 | epoch: 1 | total time: 4.07m
step 00177 (6.17%) | loss: 3.196746 | lrm: 1.00 | dt: 1465.55ms | tok/sec: 89,435 | mfu: 0.00 | epoch: 1 | total time: 4.10m
step 00178 (6.20%) | loss: 3.182877 | lrm: 1.00 | dt: 1465.79ms | tok/sec: 89,420 | mfu: 0.00 | epoch: 1 | total time: 4.12m
step 00179 (6.24%) | loss: 3.173529 | lrm: 1.00 | dt: 1464.41ms | tok/sec: 89,505 | mfu: 0.00 | epoch: 1 | total time: 4.14m
step 00180 (6.27%) | loss: 3.180984 | lrm: 1.00 | dt: 1466.54ms | tok/sec: 89,375 | mfu: 0.00 | epoch: 1 | total time: 4.17m
step 00181 (6.30%) | loss: 3.175583 | lrm: 1.00 | dt: 1465.03ms | tok/sec: 89,467 | mfu: 0.00 | epoch: 1 | total time: 4.19m
step 00182 (6.34%) | loss: 3.135599 | lrm: 1.00 | dt: 1467.06ms | tok/sec: 89,343 | mfu: 0.00 | epoch: 1 | total time: 4.22m
step 00183 (6.38%) | loss: 3.118455 | lrm: 1.00 | dt: 1464.73ms | tok/sec: 89,485 | mfu: 0.00 | epoch: 1 | total time: 4.24m
step 00184 (6.41%) | loss: 3.127900 | lrm: 1.00 | dt: 1466.41ms | tok/sec: 89,383 | mfu: 0.00 | epoch: 1 | total time: 4.27m
step 00185 (6.45%) | loss: 3.124521 | lrm: 1.00 | dt: 1464.40ms | tok/sec: 89,505 | mfu: 0.00 | epoch: 1 | total time: 4.29m
step 00186 (6.49%) | loss: 3.109208 | lrm: 1.00 | dt: 1470.70ms | tok/sec: 89,122 | mfu: 0.00 | epoch: 1 | total time: 4.32m
step 00187 (6.52%) | loss: 3.098343 | lrm: 1.00 | dt: 1475.03ms | tok/sec: 88,860 | mfu: 0.00 | epoch: 1 | total time: 4.34m
step 00188 (6.56%) | loss: 3.100831 | lrm: 1.00 | dt: 1474.71ms | tok/sec: 88,879 | mfu: 0.00 | epoch: 1 | total time: 4.36m
step 00189 (6.59%) | loss: 3.097178 | lrm: 1.00 | dt: 1477.55ms | tok/sec: 88,708 | mfu: 0.00 | epoch: 1 | total time: 4.39m
step 00190 (6.64%) | loss: 3.133818 | lrm: 1.00 | dt: 1479.03ms | tok/sec: 88,619 | mfu: 0.00 | epoch: 1 | total time: 4.41m
step 00191 (6.67%) | loss: 3.177874 | lrm: 1.00 | dt: 1466.59ms | tok/sec: 89,372 | mfu: 0.00 | epoch: 1 | total time: 4.44m
step 00192 (6.71%) | loss: 3.150496 | lrm: 1.00 | dt: 1465.15ms | tok/sec: 89,459 | mfu: 0.00 | epoch: 1 | total time: 4.46m
step 00193 (6.76%) | loss: 3.149222 | lrm: 1.00 | dt: 1466.51ms | tok/sec: 89,376 | mfu: 0.00 | epoch: 1 | total time: 4.49m
step 00194 (6.79%) | loss: 3.152613 | lrm: 1.00 | dt: 1464.88ms | tok/sec: 89,476 | mfu: 0.00 | epoch: 1 | total time: 4.51m
step 00195 (6.83%) | loss: 3.148454 | lrm: 1.00 | dt: 1467.17ms | tok/sec: 89,336 | mfu: 0.00 | epoch: 1 | total time: 4.54m
step 00196 (6.86%) | loss: 3.158467 | lrm: 1.00 | dt: 1465.47ms | tok/sec: 89,440 | mfu: 0.00 | epoch: 1 | total time: 4.56m
step 00197 (6.90%) | loss: 3.190227 | lrm: 1.00 | dt: 1464.88ms | tok/sec: 89,476 | mfu: 0.00 | epoch: 1 | total time: 4.58m
step 00198 (6.93%) | loss: 3.183633 | lrm: 1.00 | dt: 1465.21ms | tok/sec: 89,456 | mfu: 0.00 | epoch: 1 | total time: 4.61m
step 00199 (6.96%) | loss: 3.181768 | lrm: 1.00 | dt: 1465.83ms | tok/sec: 89,418 | mfu: 0.00 | epoch: 1 | total time: 4.63m
step 00200 (6.99%) | loss: 3.184955 | lrm: 1.00 | dt: 1466.06ms | tok/sec: 89,404 | mfu: 0.00 | epoch: 1 | total time: 4.66m
Step 00200 | Validation bpb: 0.9708
step 00201 (7.02%) | loss: 3.190770 | lrm: 1.00 | dt: 1518.90ms | tok/sec: 86,294 | mfu: 0.00 | epoch: 1 | total time: 4.68m
step 00202 (7.05%) | loss: 3.184856 | lrm: 1.00 | dt: 1464.88ms | tok/sec: 89,476 | mfu: 0.00 | epoch: 1 | total time: 4.71m
step 00203 (7.09%) | loss: 3.184561 | lrm: 1.00 | dt: 1467.98ms | tok/sec: 89,287 | mfu: 0.00 | epoch: 1 | total time: 4.73m
step 00204 (7.13%) | loss: 3.204690 | lrm: 1.00 | dt: 1471.71ms | tok/sec: 89,061 | mfu: 0.00 | epoch: 1 | total time: 4.76m
step 00205 (7.17%) | loss: 3.191288 | lrm: 1.00 | dt: 1470.12ms | tok/sec: 89,157 | mfu: 0.00 | epoch: 1 | total time: 4.78m
step 00206 (7.21%) | loss: 3.188690 | lrm: 1.00 | dt: 1470.52ms | tok/sec: 89,133 | mfu: 0.00 | epoch: 1 | total time: 4.81m
step 00207 (7.24%) | loss: 3.193308 | lrm: 1.00 | dt: 1470.54ms | tok/sec: 89,131 | mfu: 0.00 | epoch: 1 | total time: 4.83m
step 00208 (7.27%) | loss: 3.174324 | lrm: 1.00 | dt: 1468.83ms | tok/sec: 89,235 | mfu: 0.00 | epoch: 1 | total time: 4.85m
step 00209 (7.31%) | loss: 3.167807 | lrm: 1.00 | dt: 1466.97ms | tok/sec: 89,348 | mfu: 0.00 | epoch: 1 | total time: 4.88m
step 00210 (7.34%) | loss: 3.149793 | lrm: 1.00 | dt: 1467.60ms | tok/sec: 89,310 | mfu: 0.00 | epoch: 1 | total time: 4.90m
step 00211 (7.37%) | loss: 3.142845 | lrm: 1.00 | dt: 1466.88ms | tok/sec: 89,354 | mfu: 0.00 | epoch: 1 | total time: 4.93m
step 00212 (7.41%) | loss: 3.131659 | lrm: 1.00 | dt: 1464.98ms | tok/sec: 89,470 | mfu: 0.00 | epoch: 1 | total time: 4.95m
step 00213 (7.44%) | loss: 3.104686 | lrm: 1.00 | dt: 1466.52ms | tok/sec: 89,376 | mfu: 0.00 | epoch: 1 | total time: 4.98m
step 00214 (7.47%) | loss: 3.115328 | lrm: 1.00 | dt: 1466.27ms | tok/sec: 89,391 | mfu: 0.00 | epoch: 1 | total time: 5.00m
step 00215 (7.51%) | loss: 3.105314 | lrm: 1.00 | dt: 1467.22ms | tok/sec: 89,333 | mfu: 0.00 | epoch: 1 | total time: 5.03m
step 00216 (7.54%) | loss: 3.102795 | lrm: 1.00 | dt: 1465.13ms | tok/sec: 89,461 | mfu: 0.00 | epoch: 1 | total time: 5.05m
step 00217 (7.57%) | loss: 3.097734 | lrm: 1.00 | dt: 1466.30ms | tok/sec: 89,389 | mfu: 0.00 | epoch: 1 | total time: 5.07m
step 00218 (7.60%) | loss: 3.081214 | lrm: 1.00 | dt: 1465.77ms | tok/sec: 89,422 | mfu: 0.00 | epoch: 1 | total time: 5.10m
step 00219 (7.63%) | loss: 3.063392 | lrm: 1.00 | dt: 1466.12ms | tok/sec: 89,400 | mfu: 0.00 | epoch: 1 | total time: 5.12m
step 00220 (7.67%) | loss: 3.075466 | lrm: 1.00 | dt: 1466.22ms | tok/sec: 89,394 | mfu: 0.00 | epoch: 1 | total time: 5.15m
step 00221 (7.70%) | loss: 3.063028 | lrm: 1.00 | dt: 1465.31ms | tok/sec: 89,450 | mfu: 0.00 | epoch: 1 | total time: 5.17m
step 00222 (7.73%) | loss: 3.088186 | lrm: 1.00 | dt: 1465.79ms | tok/sec: 89,420 | mfu: 0.00 | epoch: 1 | total time: 5.20m
step 00223 (7.77%) | loss: 3.091814 | lrm: 1.00 | dt: 1466.45ms | tok/sec: 89,380 | mfu: 0.00 | epoch: 1 | total time: 5.22m
step 00224 (7.80%) | loss: 3.065509 | lrm: 1.00 | dt: 1465.95ms | tok/sec: 89,410 | mfu: 0.00 | epoch: 1 | total time: 5.25m
step 00225 (7.83%) | loss: 3.065034 | lrm: 1.00 | dt: 1466.53ms | tok/sec: 89,375 | mfu: 0.00 | epoch: 1 | total time: 5.27m
step 00226 (7.87%) | loss: 3.071710 | lrm: 1.00 | dt: 1466.31ms | tok/sec: 89,389 | mfu: 0.00 | epoch: 1 | total time: 5.29m
step 00227 (7.91%) | loss: 3.031980 | lrm: 1.00 | dt: 1467.59ms | tok/sec: 89,311 | mfu: 0.00 | epoch: 1 | total time: 5.32m
step 00228 (7.94%) | loss: 3.016163 | lrm: 1.00 | dt: 1474.47ms | tok/sec: 88,894 | mfu: 0.00 | epoch: 1 | total time: 5.34m
step 00229 (7.98%) | loss: 2.981435 | lrm: 1.00 | dt: 1474.70ms | tok/sec: 88,880 | mfu: 0.00 | epoch: 1 | total time: 5.37m
step 00230 (8.01%) | loss: 2.970394 | lrm: 1.00 | dt: 1473.08ms | tok/sec: 88,978 | mfu: 0.00 | epoch: 1 | total time: 5.39m
step 00231 (8.04%) | loss: 2.987758 | lrm: 1.00 | dt: 1471.17ms | tok/sec: 89,093 | mfu: 0.00 | epoch: 1 | total time: 5.42m
step 00232 (8.07%) | loss: 2.987464 | lrm: 1.00 | dt: 1476.71ms | tok/sec: 88,759 | mfu: 0.00 | epoch: 1 | total time: 5.44m
step 00233 (8.11%) | loss: 2.962125 | lrm: 1.00 | dt: 1471.10ms | tok/sec: 89,098 | mfu: 0.00 | epoch: 1 | total time: 5.47m
step 00234 (8.15%) | loss: 2.964187 | lrm: 1.00 | dt: 1473.66ms | tok/sec: 88,942 | mfu: 0.00 | epoch: 1 | total time: 5.49m
step 00235 (8.19%) | loss: 2.959365 | lrm: 1.00 | dt: 1475.46ms | tok/sec: 88,834 | mfu: 0.00 | epoch: 1 | total time: 5.52m
step 00236 (8.22%) | loss: 2.963959 | lrm: 1.00 | dt: 1470.91ms | tok/sec: 89,109 | mfu: 0.00 | epoch: 1 | total time: 5.54m
step 00237 (8.25%) | loss: 2.963413 | lrm: 1.00 | dt: 1478.69ms | tok/sec: 88,640 | mfu: 0.00 | epoch: 1 | total time: 5.56m
step 00238 (8.28%) | loss: 2.951956 | lrm: 1.00 | dt: 1473.49ms | tok/sec: 88,953 | mfu: 0.00 | epoch: 1 | total time: 5.59m
step 00239 (8.31%) | loss: 2.970288 | lrm: 1.00 | dt: 1476.05ms | tok/sec: 88,798 | mfu: 0.00 | epoch: 1 | total time: 5.61m
step 00240 (8.35%) | loss: 2.966648 | lrm: 1.00 | dt: 1477.10ms | tok/sec: 88,736 | mfu: 0.00 | epoch: 1 | total time: 5.64m
step 00241 (8.38%) | loss: 2.970181 | lrm: 1.00 | dt: 1474.77ms | tok/sec: 88,876 | mfu: 0.00 | epoch: 1 | total time: 5.66m
step 00242 (8.42%) | loss: 2.966060 | lrm: 1.00 | dt: 1474.98ms | tok/sec: 88,863 | mfu: 0.00 | epoch: 1 | total time: 5.69m
step 00243 (8.46%) | loss: 2.946099 | lrm: 1.00 | dt: 1478.04ms | tok/sec: 88,679 | mfu: 0.00 | epoch: 1 | total time: 5.71m
step 00244 (8.49%) | loss: 2.955191 | lrm: 1.00 | dt: 1473.37ms | tok/sec: 88,960 | mfu: 0.00 | epoch: 1 | total time: 5.74m
step 00245 (8.53%) | loss: 2.964921 | lrm: 1.00 | dt: 1478.78ms | tok/sec: 88,635 | mfu: 0.00 | epoch: 1 | total time: 5.76m
step 00246 (8.58%) | loss: 2.971488 | lrm: 1.00 | dt: 1474.15ms | tok/sec: 88,913 | mfu: 0.00 | epoch: 1 | total time: 5.79m
step 00247 (8.61%) | loss: 2.987343 | lrm: 1.00 | dt: 1477.60ms | tok/sec: 88,706 | mfu: 0.00 | epoch: 1 | total time: 5.81m
step 00248 (8.64%) | loss: 3.010795 | lrm: 1.00 | dt: 1473.57ms | tok/sec: 88,948 | mfu: 0.00 | epoch: 1 | total time: 5.84m
step 00249 (8.67%) | loss: 2.984516 | lrm: 1.00 | dt: 1476.66ms | tok/sec: 88,762 | mfu: 0.00 | epoch: 1 | total time: 5.86m
step 00250 (8.70%) | loss: 2.991478 | lrm: 1.00 | dt: 1473.69ms | tok/sec: 88,941 | mfu: 0.00 | epoch: 1 | total time: 5.88m
step 00251 (8.74%) | loss: 2.995542 | lrm: 1.00 | dt: 1478.03ms | tok/sec: 88,680 | mfu: 0.00 | epoch: 1 | total time: 5.91m
step 00252 (8.77%) | loss: 3.016226 | lrm: 1.00 | dt: 1474.34ms | tok/sec: 88,901 | mfu: 0.00 | epoch: 1 | total time: 5.93m
step 00253 (8.81%) | loss: 3.034449 | lrm: 1.00 | dt: 1475.54ms | tok/sec: 88,830 | mfu: 0.00 | epoch: 1 | total time: 5.96m
step 00254 (8.84%) | loss: 3.032593 | lrm: 1.00 | dt: 1476.76ms | tok/sec: 88,756 | mfu: 0.00 | epoch: 1 | total time: 5.98m
step 00255 (8.88%) | loss: 3.033609 | lrm: 1.00 | dt: 1474.61ms | tok/sec: 88,885 | mfu: 0.00 | epoch: 1 | total time: 6.01m
step 00256 (8.91%) | loss: 3.051225 | lrm: 1.00 | dt: 1476.20ms | tok/sec: 88,790 | mfu: 0.00 | epoch: 1 | total time: 6.03m
step 00257 (8.94%) | loss: 3.046451 | lrm: 1.00 | dt: 1475.39ms | tok/sec: 88,838 | mfu: 0.00 | epoch: 1 | total time: 6.06m
step 00258 (8.98%) | loss: 3.046507 | lrm: 1.00 | dt: 1473.17ms | tok/sec: 88,972 | mfu: 0.00 | epoch: 1 | total time: 6.08m
step 00259 (9.02%) | loss: 3.041376 | lrm: 1.00 | dt: 1474.74ms | tok/sec: 88,878 | mfu: 0.00 | epoch: 1 | total time: 6.11m
step 00260 (9.06%) | loss: 3.030185 | lrm: 1.00 | dt: 1475.35ms | tok/sec: 88,841 | mfu: 0.00 | epoch: 1 | total time: 6.13m
step 00261 (9.09%) | loss: 3.036006 | lrm: 1.00 | dt: 1474.94ms | tok/sec: 88,865 | mfu: 0.00 | epoch: 1 | total time: 6.16m
step 00262 (9.12%) | loss: 3.062011 | lrm: 1.00 | dt: 1477.33ms | tok/sec: 88,722 | mfu: 0.00 | epoch: 1 | total time: 6.18m
step 00263 (9.15%) | loss: 3.057726 | lrm: 1.00 | dt: 1473.13ms | tok/sec: 88,975 | mfu: 0.00 | epoch: 1 | total time: 6.20m
step 00264 (9.19%) | loss: 3.077351 | lrm: 1.00 | dt: 1467.86ms | tok/sec: 89,294 | mfu: 0.00 | epoch: 1 | total time: 6.23m
step 00265 (9.22%) | loss: 3.060007 | lrm: 1.00 | dt: 1465.88ms | tok/sec: 89,415 | mfu: 0.00 | epoch: 1 | total time: 6.25m
step 00266 (9.25%) | loss: 3.061738 | lrm: 1.00 | dt: 1466.78ms | tok/sec: 89,360 | mfu: 0.00 | epoch: 1 | total time: 6.28m
step 00267 (9.29%) | loss: 3.048085 | lrm: 1.00 | dt: 1465.18ms | tok/sec: 89,457 | mfu: 0.00 | epoch: 1 | total time: 6.30m
step 00268 (9.32%) | loss: 3.059748 | lrm: 1.00 | dt: 1466.35ms | tok/sec: 89,386 | mfu: 0.00 | epoch: 1 | total time: 6.33m
step 00269 (9.36%) | loss: 3.034618 | lrm: 1.00 | dt: 1465.58ms | tok/sec: 89,433 | mfu: 0.00 | epoch: 1 | total time: 6.35m
step 00270 (9.40%) | loss: 3.035514 | lrm: 1.00 | dt: 1465.51ms | tok/sec: 89,437 | mfu: 0.00 | epoch: 1 | total time: 6.38m
step 00271 (9.44%) | loss: 3.032063 | lrm: 1.00 | dt: 1465.96ms | tok/sec: 89,410 | mfu: 0.00 | epoch: 1 | total time: 6.40m
step 00272 (9.47%) | loss: 3.019747 | lrm: 1.00 | dt: 1465.73ms | tok/sec: 89,424 | mfu: 0.00 | epoch: 1 | total time: 6.42m
step 00273 (9.51%) | loss: 3.035770 | lrm: 1.00 | dt: 1465.54ms | tok/sec: 89,436 | mfu: 0.00 | epoch: 1 | total time: 6.45m
step 00274 (9.54%) | loss: 3.062130 | lrm: 1.00 | dt: 1466.08ms | tok/sec: 89,403 | mfu: 0.00 | epoch: 1 | total time: 6.47m
step 00275 (9.57%) | loss: 3.051087 | lrm: 1.00 | dt: 1466.02ms | tok/sec: 89,406 | mfu: 0.00 | epoch: 1 | total time: 6.50m
step 00276 (9.61%) | loss: 3.035312 | lrm: 1.00 | dt: 1464.23ms | tok/sec: 89,515 | mfu: 0.00 | epoch: 1 | total time: 6.52m
step 00277 (9.64%) | loss: 3.033366 | lrm: 1.00 | dt: 1466.30ms | tok/sec: 89,389 | mfu: 0.00 | epoch: 1 | total time: 6.55m
step 00278 (9.68%) | loss: 3.024400 | lrm: 1.00 | dt: 1464.79ms | tok/sec: 89,481 | mfu: 0.00 | epoch: 1 | total time: 6.57m
step 00279 (9.71%) | loss: 3.010646 | lrm: 1.00 | dt: 1466.61ms | tok/sec: 89,370 | mfu: 0.00 | epoch: 1 | total time: 6.60m
step 00280 (9.75%) | loss: 3.025490 | lrm: 1.00 | dt: 1465.45ms | tok/sec: 89,441 | mfu: 0.00 | epoch: 1 | total time: 6.62m
step 00281 (9.78%) | loss: 3.027530 | lrm: 1.00 | dt: 1465.59ms | tok/sec: 89,432 | mfu: 0.00 | epoch: 1 | total time: 6.64m
step 00282 (9.82%) | loss: 3.003284 | lrm: 1.00 | dt: 1465.43ms | tok/sec: 89,442 | mfu: 0.00 | epoch: 1 | total time: 6.67m
step 00283 (9.86%) | loss: 2.987752 | lrm: 1.00 | dt: 1464.46ms | tok/sec: 89,501 | mfu: 0.00 | epoch: 1 | total time: 6.69m
step 00284 (9.90%) | loss: 2.979665 | lrm: 1.00 | dt: 1465.82ms | tok/sec: 89,418 | mfu: 0.00 | epoch: 1 | total time: 6.72m
step 00285 (9.94%) | loss: 3.008548 | lrm: 1.00 | dt: 1467.36ms | tok/sec: 89,325 | mfu: 0.00 | epoch: 1 | total time: 6.74m
step 00286 (9.98%) | loss: 3.013116 | lrm: 1.00 | dt: 1465.68ms | tok/sec: 89,427 | mfu: 0.00 | epoch: 1 | total time: 6.77m
step 00287 (10.01%) | loss: 3.036834 | lrm: 1.00 | dt: 1465.22ms | tok/sec: 89,455 | mfu: 0.00 | epoch: 1 | total time: 6.79m
step 00288 (10.05%) | loss: 3.038202 | lrm: 1.00 | dt: 1466.11ms | tok/sec: 89,401 | mfu: 0.00 | epoch: 1 | total time: 6.81m
step 00289 (10.08%) | loss: 3.044374 | lrm: 1.00 | dt: 1464.81ms | tok/sec: 89,480 | mfu: 0.00 | epoch: 1 | total time: 6.84m
step 00290 (10.11%) | loss: 3.053167 | lrm: 1.00 | dt: 1466.35ms | tok/sec: 89,386 | mfu: 0.00 | epoch: 1 | total time: 6.86m
step 00291 (10.15%) | loss: 3.049082 | lrm: 1.00 | dt: 1464.79ms | tok/sec: 89,481 | mfu: 0.00 | epoch: 1 | total time: 6.89m
step 00292 (10.18%) | loss: 3.033275 | lrm: 1.00 | dt: 1466.42ms | tok/sec: 89,382 | mfu: 0.00 | epoch: 1 | total time: 6.91m
step 00293 (10.22%) | loss: 3.017730 | lrm: 1.00 | dt: 1464.86ms | tok/sec: 89,477 | mfu: 0.00 | epoch: 1 | total time: 6.94m
step 00294 (10.26%) | loss: 3.035443 | lrm: 1.00 | dt: 1467.03ms | tok/sec: 89,345 | mfu: 0.00 | epoch: 1 | total time: 6.96m
step 00295 (10.29%) | loss: 3.030686 | lrm: 1.00 | dt: 1464.77ms | tok/sec: 89,482 | mfu: 0.00 | epoch: 1 | total time: 6.99m
step 00296 (10.32%) | loss: 3.015025 | lrm: 1.00 | dt: 1466.27ms | tok/sec: 89,391 | mfu: 0.00 | epoch: 1 | total time: 7.01m
step 00297 (10.35%) | loss: 3.036601 | lrm: 1.00 | dt: 1464.83ms | tok/sec: 89,479 | mfu: 0.00 | epoch: 1 | total time: 7.03m
step 00298 (10.38%) | loss: 3.010533 | lrm: 1.00 | dt: 1464.72ms | tok/sec: 89,486 | mfu: 0.00 | epoch: 1 | total time: 7.06m
step 00299 (10.42%) | loss: 2.999038 | lrm: 1.00 | dt: 1465.80ms | tok/sec: 89,420 | mfu: 0.00 | epoch: 1 | total time: 7.08m
step 00300 (10.46%) | loss: 2.998122 | lrm: 1.00 | dt: 1465.60ms | tok/sec: 89,432 | mfu: 0.00 | epoch: 1 | total time: 7.11m
Step 00300 | Validation bpb: 0.9299
step 00301 (10.49%) | loss: 2.978574 | lrm: 1.00 | dt: 1517.28ms | tok/sec: 86,386 | mfu: 0.00 | epoch: 1 | total time: 7.13m
step 00302 (10.52%) | loss: 2.962548 | lrm: 1.00 | dt: 1465.92ms | tok/sec: 89,412 | mfu: 0.00 | epoch: 1 | total time: 7.16m
step 00303 (10.56%) | loss: 2.956017 | lrm: 1.00 | dt: 1464.81ms | tok/sec: 89,480 | mfu: 0.00 | epoch: 1 | total time: 7.18m
step 00304 (10.59%) | loss: 2.966871 | lrm: 1.00 | dt: 1466.32ms | tok/sec: 89,388 | mfu: 0.00 | epoch: 1 | total time: 7.21m
step 00305 (10.62%) | loss: 2.958982 | lrm: 1.00 | dt: 1464.60ms | tok/sec: 89,493 | mfu: 0.00 | epoch: 1 | total time: 7.23m
step 00306 (10.65%) | loss: 2.940834 | lrm: 1.00 | dt: 1465.47ms | tok/sec: 89,440 | mfu: 0.00 | epoch: 1 | total time: 7.26m
step 00307 (10.69%) | loss: 2.949045 | lrm: 1.00 | dt: 1465.87ms | tok/sec: 89,415 | mfu: 0.00 | epoch: 1 | total time: 7.28m
step 00308 (10.72%) | loss: 2.966840 | lrm: 1.00 | dt: 1465.46ms | tok/sec: 89,440 | mfu: 0.00 | epoch: 1 | total time: 7.30m
step 00309 (10.76%) | loss: 2.969491 | lrm: 1.00 | dt: 1466.82ms | tok/sec: 89,358 | mfu: 0.00 | epoch: 1 | total time: 7.33m
step 00310 (10.79%) | loss: 2.986930 | lrm: 1.00 | dt: 1465.37ms | tok/sec: 89,446 | mfu: 0.00 | epoch: 1 | total time: 7.35m
step 00311 (10.83%) | loss: 2.984327 | lrm: 1.00 | dt: 1465.57ms | tok/sec: 89,433 | mfu: 0.00 | epoch: 1 | total time: 7.38m
step 00312 (10.86%) | loss: 2.984112 | lrm: 1.00 | dt: 1464.72ms | tok/sec: 89,486 | mfu: 0.00 | epoch: 1 | total time: 7.40m
step 00313 (10.89%) | loss: 2.984836 | lrm: 1.00 | dt: 1466.44ms | tok/sec: 89,381 | mfu: 0.00 | epoch: 1 | total time: 7.43m
step 00314 (10.92%) | loss: 2.987598 | lrm: 1.00 | dt: 1465.28ms | tok/sec: 89,451 | mfu: 0.00 | epoch: 1 | total time: 7.45m
step 00315 (10.96%) | loss: 2.994931 | lrm: 1.00 | dt: 1465.44ms | tok/sec: 89,442 | mfu: 0.00 | epoch: 1 | total time: 7.48m
step 00316 (11.00%) | loss: 3.009806 | lrm: 1.00 | dt: 1464.96ms | tok/sec: 89,471 | mfu: 0.00 | epoch: 1 | total time: 7.50m
step 00317 (11.02%) | loss: 3.014400 | lrm: 1.00 | dt: 1466.16ms | tok/sec: 89,397 | mfu: 0.00 | epoch: 1 | total time: 7.52m
step 00318 (11.06%) | loss: 2.987329 | lrm: 1.00 | dt: 1465.33ms | tok/sec: 89,448 | mfu: 0.00 | epoch: 1 | total time: 7.55m
step 00319 (11.09%) | loss: 2.997386 | lrm: 1.00 | dt: 1466.30ms | tok/sec: 89,389 | mfu: 0.00 | epoch: 1 | total time: 7.57m
step 00320 (11.14%) | loss: 2.986188 | lrm: 1.00 | dt: 1465.79ms | tok/sec: 89,421 | mfu: 0.00 | epoch: 1 | total time: 7.60m
step 00321 (11.17%) | loss: 2.997405 | lrm: 1.00 | dt: 1466.63ms | tok/sec: 89,369 | mfu: 0.00 | epoch: 1 | total time: 7.62m
step 00322 (11.20%) | loss: 3.024025 | lrm: 1.00 | dt: 1465.63ms | tok/sec: 89,430 | mfu: 0.00 | epoch: 1 | total time: 7.65m
step 00323 (11.23%) | loss: 3.009321 | lrm: 1.00 | dt: 1468.80ms | tok/sec: 89,237 | mfu: 0.00 | epoch: 1 | total time: 7.67m
step 00324 (11.27%) | loss: 3.011332 | lrm: 1.00 | dt: 1466.46ms | tok/sec: 89,379 | mfu: 0.00 | epoch: 1 | total time: 7.70m
step 00325 (11.30%) | loss: 3.005424 | lrm: 1.00 | dt: 1464.38ms | tok/sec: 89,506 | mfu: 0.00 | epoch: 1 | total time: 7.72m
step 00326 (11.34%) | loss: 3.018610 | lrm: 1.00 | dt: 1466.09ms | tok/sec: 89,402 | mfu: 0.00 | epoch: 1 | total time: 7.74m
step 00327 (11.37%) | loss: 3.042753 | lrm: 1.00 | dt: 1464.95ms | tok/sec: 89,471 | mfu: 0.00 | epoch: 1 | total time: 7.77m
step 00328 (11.40%) | loss: 3.032711 | lrm: 1.00 | dt: 1467.60ms | tok/sec: 89,310 | mfu: 0.00 | epoch: 1 | total time: 7.79m
step 00329 (11.43%) | loss: 3.036593 | lrm: 1.00 | dt: 1464.60ms | tok/sec: 89,493 | mfu: 0.00 | epoch: 1 | total time: 7.82m
step 00330 (11.47%) | loss: 3.044464 | lrm: 1.00 | dt: 1465.21ms | tok/sec: 89,456 | mfu: 0.00 | epoch: 1 | total time: 7.84m
step 00331 (11.50%) | loss: 3.027471 | lrm: 1.00 | dt: 1465.62ms | tok/sec: 89,431 | mfu: 0.00 | epoch: 1 | total time: 7.87m
step 00332 (11.54%) | loss: 3.013407 | lrm: 1.00 | dt: 1464.43ms | tok/sec: 89,503 | mfu: 0.00 | epoch: 1 | total time: 7.89m
step 00333 (11.57%) | loss: 3.016792 | lrm: 1.00 | dt: 1466.19ms | tok/sec: 89,396 | mfu: 0.00 | epoch: 1 | total time: 7.92m
step 00334 (11.61%) | loss: 3.011772 | lrm: 1.00 | dt: 1464.70ms | tok/sec: 89,487 | mfu: 0.00 | epoch: 1 | total time: 7.94m
step 00335 (11.65%) | loss: 2.981088 | lrm: 1.00 | dt: 1464.72ms | tok/sec: 89,486 | mfu: 0.00 | epoch: 1 | total time: 7.96m
step 00336 (11.68%) | loss: 2.970077 | lrm: 1.00 | dt: 1465.51ms | tok/sec: 89,437 | mfu: 0.00 | epoch: 1 | total time: 7.99m
step 00337 (11.72%) | loss: 2.964843 | lrm: 1.00 | dt: 1465.62ms | tok/sec: 89,431 | mfu: 0.00 | epoch: 1 | total time: 8.01m
step 00338 (11.76%) | loss: 2.936149 | lrm: 1.00 | dt: 1465.07ms | tok/sec: 89,464 | mfu: 0.00 | epoch: 1 | total time: 8.04m
step 00339 (11.80%) | loss: 2.947558 | lrm: 1.00 | dt: 1470.27ms | tok/sec: 89,148 | mfu: 0.00 | epoch: 1 | total time: 8.06m
step 00340 (11.84%) | loss: 2.944496 | lrm: 1.00 | dt: 1464.74ms | tok/sec: 89,484 | mfu: 0.00 | epoch: 1 | total time: 8.09m
step 00341 (11.87%) | loss: 2.925714 | lrm: 1.00 | dt: 1466.58ms | tok/sec: 89,372 | mfu: 0.00 | epoch: 1 | total time: 8.11m
step 00342 (11.91%) | loss: 2.932107 | lrm: 1.00 | dt: 1464.58ms | tok/sec: 89,494 | mfu: 0.00 | epoch: 1 | total time: 8.13m
step 00343 (11.94%) | loss: 2.925339 | lrm: 1.00 | dt: 1465.32ms | tok/sec: 89,449 | mfu: 0.00 | epoch: 1 | total time: 8.16m
step 00344 (11.97%) | loss: 2.923045 | lrm: 1.00 | dt: 1466.48ms | tok/sec: 89,378 | mfu: 0.00 | epoch: 1 | total time: 8.18m
step 00345 (12.01%) | loss: 2.928762 | lrm: 1.00 | dt: 1464.79ms | tok/sec: 89,482 | mfu: 0.00 | epoch: 1 | total time: 8.21m
step 00346 (12.04%) | loss: 2.926873 | lrm: 1.00 | dt: 1466.58ms | tok/sec: 89,372 | mfu: 0.00 | epoch: 1 | total time: 8.23m
step 00347 (12.08%) | loss: 2.908562 | lrm: 1.00 | dt: 1464.62ms | tok/sec: 89,491 | mfu: 0.00 | epoch: 1 | total time: 8.26m
step 00348 (12.12%) | loss: 2.910769 | lrm: 1.00 | dt: 1466.69ms | tok/sec: 89,365 | mfu: 0.00 | epoch: 1 | total time: 8.28m
step 00349 (12.15%) | loss: 2.912204 | lrm: 1.00 | dt: 1465.42ms | tok/sec: 89,443 | mfu: 0.00 | epoch: 1 | total time: 8.31m
step 00350 (12.19%) | loss: 2.925838 | lrm: 1.00 | dt: 1466.45ms | tok/sec: 89,380 | mfu: 0.00 | epoch: 1 | total time: 8.33m
step 00351 (12.22%) | loss: 2.939089 | lrm: 1.00 | dt: 1464.89ms | tok/sec: 89,475 | mfu: 0.00 | epoch: 1 | total time: 8.35m
step 00352 (12.25%) | loss: 2.927447 | lrm: 1.00 | dt: 1465.85ms | tok/sec: 89,416 | mfu: 0.00 | epoch: 1 | total time: 8.38m
step 00353 (12.28%) | loss: 2.951774 | lrm: 1.00 | dt: 1465.26ms | tok/sec: 89,453 | mfu: 0.00 | epoch: 1 | total time: 8.40m
step 00354 (12.31%) | loss: 2.925834 | lrm: 1.00 | dt: 1466.30ms | tok/sec: 89,389 | mfu: 0.00 | epoch: 1 | total time: 8.43m
step 00355 (12.35%) | loss: 2.924450 | lrm: 1.00 | dt: 1464.79ms | tok/sec: 89,481 | mfu: 0.00 | epoch: 1 | total time: 8.45m
step 00356 (12.38%) | loss: 2.937559 | lrm: 1.00 | dt: 1466.52ms | tok/sec: 89,376 | mfu: 0.00 | epoch: 1 | total time: 8.48m
step 00357 (12.42%) | loss: 2.932719 | lrm: 1.00 | dt: 1464.86ms | tok/sec: 89,477 | mfu: 0.00 | epoch: 1 | total time: 8.50m
step 00358 (12.45%) | loss: 2.921935 | lrm: 1.00 | dt: 1465.82ms | tok/sec: 89,418 | mfu: 0.00 | epoch: 1 | total time: 8.53m
step 00359 (12.49%) | loss: 2.909407 | lrm: 1.00 | dt: 1464.20ms | tok/sec: 89,517 | mfu: 0.00 | epoch: 1 | total time: 8.55m
step 00360 (12.52%) | loss: 2.919010 | lrm: 1.00 | dt: 1465.07ms | tok/sec: 89,464 | mfu: 0.00 | epoch: 1 | total time: 8.57m
step 00361 (12.55%) | loss: 2.939007 | lrm: 1.00 | dt: 1465.39ms | tok/sec: 89,445 | mfu: 0.00 | epoch: 1 | total time: 8.60m
step 00362 (12.59%) | loss: 2.944881 | lrm: 1.00 | dt: 1465.77ms | tok/sec: 89,421 | mfu: 0.00 | epoch: 1 | total time: 8.62m
step 00363 (12.63%) | loss: 2.931681 | lrm: 1.00 | dt: 1467.49ms | tok/sec: 89,317 | mfu: 0.00 | epoch: 1 | total time: 8.65m
step 00364 (12.67%) | loss: 2.935208 | lrm: 1.00 | dt: 1465.07ms | tok/sec: 89,464 | mfu: 0.00 | epoch: 1 | total time: 8.67m
step 00365 (12.70%) | loss: 2.932610 | lrm: 1.00 | dt: 1467.74ms | tok/sec: 89,301 | mfu: 0.00 | epoch: 1 | total time: 8.70m
step 00366 (12.73%) | loss: 2.906280 | lrm: 1.00 | dt: 1465.68ms | tok/sec: 89,427 | mfu: 0.00 | epoch: 1 | total time: 8.72m
step 00367 (12.76%) | loss: 2.923575 | lrm: 1.00 | dt: 1466.57ms | tok/sec: 89,373 | mfu: 0.00 | epoch: 1 | total time: 8.75m
step 00368 (12.80%) | loss: 2.920271 | lrm: 1.00 | dt: 1465.19ms | tok/sec: 89,457 | mfu: 0.00 | epoch: 1 | total time: 8.77m
step 00369 (12.84%) | loss: 2.898293 | lrm: 1.00 | dt: 1465.68ms | tok/sec: 89,427 | mfu: 0.00 | epoch: 1 | total time: 8.79m
step 00370 (12.88%) | loss: 2.896051 | lrm: 1.00 | dt: 1464.17ms | tok/sec: 89,519 | mfu: 0.00 | epoch: 1 | total time: 8.82m
step 00371 (12.91%) | loss: 2.888123 | lrm: 1.00 | dt: 1465.48ms | tok/sec: 89,439 | mfu: 0.00 | epoch: 1 | total time: 8.84m
step 00372 (12.95%) | loss: 2.885613 | lrm: 1.00 | dt: 1465.07ms | tok/sec: 89,464 | mfu: 0.00 | epoch: 1 | total time: 8.87m
step 00373 (12.98%) | loss: 2.879659 | lrm: 1.00 | dt: 1464.54ms | tok/sec: 89,496 | mfu: 0.00 | epoch: 1 | total time: 8.89m
step 00374 (13.02%) | loss: 2.899013 | lrm: 1.00 | dt: 1465.87ms | tok/sec: 89,415 | mfu: 0.00 | epoch: 1 | total time: 8.92m
step 00375 (13.06%) | loss: 2.897858 | lrm: 1.00 | dt: 1471.09ms | tok/sec: 89,098 | mfu: 0.00 | epoch: 1 | total time: 8.94m
step 00376 (13.10%) | loss: 2.892056 | lrm: 1.00 | dt: 1469.37ms | tok/sec: 89,202 | mfu: 0.00 | epoch: 1 | total time: 8.97m
step 00377 (13.13%) | loss: 2.887603 | lrm: 1.00 | dt: 1467.98ms | tok/sec: 89,287 | mfu: 0.00 | epoch: 1 | total time: 8.99m
step 00378 (13.17%) | loss: 2.875077 | lrm: 1.00 | dt: 1469.26ms | tok/sec: 89,209 | mfu: 0.00 | epoch: 1 | total time: 9.01m
step 00379 (13.21%) | loss: 2.876162 | lrm: 1.00 | dt: 1466.72ms | tok/sec: 89,363 | mfu: 0.00 | epoch: 1 | total time: 9.04m
step 00380 (13.24%) | loss: 2.909848 | lrm: 1.00 | dt: 1467.11ms | tok/sec: 89,340 | mfu: 0.00 | epoch: 1 | total time: 9.06m
step 00381 (13.27%) | loss: 2.930077 | lrm: 1.00 | dt: 1464.41ms | tok/sec: 89,504 | mfu: 0.00 | epoch: 1 | total time: 9.09m
step 00382 (13.30%) | loss: 2.924241 | lrm: 1.00 | dt: 1466.67ms | tok/sec: 89,367 | mfu: 0.00 | epoch: 1 | total time: 9.11m
step 00383 (13.33%) | loss: 2.908879 | lrm: 1.00 | dt: 1464.73ms | tok/sec: 89,485 | mfu: 0.00 | epoch: 1 | total time: 9.14m
step 00384 (13.36%) | loss: 2.931207 | lrm: 1.00 | dt: 1465.56ms | tok/sec: 89,434 | mfu: 0.00 | epoch: 1 | total time: 9.16m
step 00385 (13.40%) | loss: 2.907905 | lrm: 1.00 | dt: 1465.41ms | tok/sec: 89,444 | mfu: 0.00 | epoch: 1 | total time: 9.19m
step 00386 (13.43%) | loss: 2.907424 | lrm: 1.00 | dt: 1465.02ms | tok/sec: 89,467 | mfu: 0.00 | epoch: 1 | total time: 9.21m
step 00387 (13.47%) | loss: 2.928004 | lrm: 1.00 | dt: 1466.40ms | tok/sec: 89,383 | mfu: 0.00 | epoch: 1 | total time: 9.23m
step 00388 (13.51%) | loss: 2.919510 | lrm: 1.00 | dt: 1464.76ms | tok/sec: 89,483 | mfu: 0.00 | epoch: 1 | total time: 9.26m
step 00389 (13.54%) | loss: 2.911993 | lrm: 1.00 | dt: 1465.07ms | tok/sec: 89,464 | mfu: 0.00 | epoch: 1 | total time: 9.28m
step 00390 (13.58%) | loss: 2.928095 | lrm: 1.00 | dt: 1465.28ms | tok/sec: 89,451 | mfu: 0.00 | epoch: 1 | total time: 9.31m
step 00391 (13.62%) | loss: 2.927739 | lrm: 1.00 | dt: 1465.35ms | tok/sec: 89,447 | mfu: 0.00 | epoch: 1 | total time: 9.33m
step 00392 (13.66%) | loss: 2.919904 | lrm: 1.00 | dt: 1464.79ms | tok/sec: 89,481 | mfu: 0.00 | epoch: 1 | total time: 9.36m
step 00393 (13.70%) | loss: 2.936053 | lrm: 1.00 | dt: 1466.56ms | tok/sec: 89,373 | mfu: 0.00 | epoch: 1 | total time: 9.38m
step 00394 (13.74%) | loss: 2.931915 | lrm: 1.00 | dt: 1464.38ms | tok/sec: 89,506 | mfu: 0.00 | epoch: 1 | total time: 9.41m
step 00395 (13.77%) | loss: 2.943989 | lrm: 1.00 | dt: 1466.19ms | tok/sec: 89,396 | mfu: 0.00 | epoch: 1 | total time: 9.43m
step 00396 (13.80%) | loss: 2.919105 | lrm: 1.00 | dt: 1465.34ms | tok/sec: 89,448 | mfu: 0.00 | epoch: 1 | total time: 9.45m
step 00397 (13.84%) | loss: 2.932755 | lrm: 1.00 | dt: 1466.14ms | tok/sec: 89,399 | mfu: 0.00 | epoch: 1 | total time: 9.48m
step 00398 (13.88%) | loss: 2.905649 | lrm: 1.00 | dt: 1464.63ms | tok/sec: 89,491 | mfu: 0.00 | epoch: 1 | total time: 9.50m
step 00399 (13.91%) | loss: 2.900883 | lrm: 1.00 | dt: 1464.33ms | tok/sec: 89,509 | mfu: 0.00 | epoch: 1 | total time: 9.53m
step 00400 (13.95%) | loss: 2.887296 | lrm: 1.00 | dt: 1465.72ms | tok/sec: 89,425 | mfu: 0.00 | epoch: 1 | total time: 9.55m
Step 00400 | Validation bpb: 0.9022
step 00401 (13.99%) | loss: 2.888160 | lrm: 1.00 | dt: 1578.33ms | tok/sec: 83,044 | mfu: 0.00 | epoch: 1 | total time: 9.58m
step 00402 (14.02%) | loss: 2.875908 | lrm: 1.00 | dt: 1464.40ms | tok/sec: 89,505 | mfu: 0.00 | epoch: 1 | total time: 9.60m
step 00403 (14.05%) | loss: 2.911244 | lrm: 1.00 | dt: 1466.15ms | tok/sec: 89,398 | mfu: 0.00 | epoch: 1 | total time: 9.63m
step 00404 (14.08%) | loss: 2.867605 | lrm: 1.00 | dt: 1464.98ms | tok/sec: 89,470 | mfu: 0.00 | epoch: 1 | total time: 9.65m
step 00405 (14.12%) | loss: 2.854798 | lrm: 1.00 | dt: 1464.87ms | tok/sec: 89,476 | mfu: 0.00 | epoch: 1 | total time: 9.68m
step 00406 (14.15%) | loss: 2.846894 | lrm: 1.00 | dt: 1464.74ms | tok/sec: 89,485 | mfu: 0.00 | epoch: 1 | total time: 9.70m
step 00407 (14.19%) | loss: 2.860201 | lrm: 1.00 | dt: 1465.35ms | tok/sec: 89,447 | mfu: 0.00 | epoch: 1 | total time: 9.72m
step 00408 (14.23%) | loss: 2.884458 | lrm: 1.00 | dt: 1464.84ms | tok/sec: 89,478 | mfu: 0.00 | epoch: 1 | total time: 9.75m
step 00409 (14.27%) | loss: 2.865318 | lrm: 1.00 | dt: 1465.07ms | tok/sec: 89,464 | mfu: 0.00 | epoch: 1 | total time: 9.77m
step 00410 (14.30%) | loss: 2.856175 | lrm: 1.00 | dt: 1466.36ms | tok/sec: 89,386 | mfu: 0.00 | epoch: 1 | total time: 9.80m
step 00411 (14.33%) | loss: 2.869907 | lrm: 1.00 | dt: 1465.58ms | tok/sec: 89,433 | mfu: 0.00 | epoch: 1 | total time: 9.82m
step 00412 (14.36%) | loss: 2.872764 | lrm: 1.00 | dt: 1469.39ms | tok/sec: 89,201 | mfu: 0.00 | epoch: 1 | total time: 9.85m
step 00413 (14.39%) | loss: 2.875156 | lrm: 1.00 | dt: 1467.51ms | tok/sec: 89,315 | mfu: 0.00 | epoch: 1 | total time: 9.87m
step 00414 (14.43%) | loss: 2.863438 | lrm: 1.00 | dt: 1469.53ms | tok/sec: 89,193 | mfu: 0.00 | epoch: 1 | total time: 9.90m
step 00415 (14.46%) | loss: 2.859439 | lrm: 1.00 | dt: 1466.04ms | tok/sec: 89,405 | mfu: 0.00 | epoch: 1 | total time: 9.92m
step 00416 (14.50%) | loss: 2.877906 | lrm: 1.00 | dt: 1465.96ms | tok/sec: 89,410 | mfu: 0.00 | epoch: 1 | total time: 9.94m
step 00417 (14.53%) | loss: 2.888563 | lrm: 1.00 | dt: 1465.56ms | tok/sec: 89,434 | mfu: 0.00 | epoch: 1 | total time: 9.97m
step 00418 (14.56%) | loss: 2.878877 | lrm: 1.00 | dt: 1464.68ms | tok/sec: 89,488 | mfu: 0.00 | epoch: 1 | total time: 9.99m
step 00419 (14.59%) | loss: 2.866216 | lrm: 1.00 | dt: 1465.73ms | tok/sec: 89,424 | mfu: 0.00 | epoch: 1 | total time: 10.02m
step 00420 (14.63%) | loss: 2.865566 | lrm: 1.00 | dt: 1465.78ms | tok/sec: 89,421 | mfu: 0.00 | epoch: 1 | total time: 10.04m
step 00421 (14.66%) | loss: 2.885920 | lrm: 1.00 | dt: 1465.71ms | tok/sec: 89,425 | mfu: 0.00 | epoch: 1 | total time: 10.07m
step 00422 (14.69%) | loss: 2.892446 | lrm: 1.00 | dt: 1465.62ms | tok/sec: 89,431 | mfu: 0.00 | epoch: 1 | total time: 10.09m
step 00423 (14.73%) | loss: 2.891544 | lrm: 1.00 | dt: 1465.62ms | tok/sec: 89,430 | mfu: 0.00 | epoch: 1 | total time: 10.12m
step 00424 (14.76%) | loss: 2.897769 | lrm: 1.00 | dt: 1464.29ms | tok/sec: 89,512 | mfu: 0.00 | epoch: 1 | total time: 10.14m
step 00425 (14.80%) | loss: 2.878049 | lrm: 1.00 | dt: 1465.09ms | tok/sec: 89,463 | mfu: 0.00 | epoch: 1 | total time: 10.16m
step 00426 (14.84%) | loss: 2.877496 | lrm: 1.00 | dt: 1465.24ms | tok/sec: 89,453 | mfu: 0.00 | epoch: 1 | total time: 10.19m
step 00427 (14.87%) | loss: 2.865422 | lrm: 1.00 | dt: 1466.95ms | tok/sec: 89,349 | mfu: 0.00 | epoch: 1 | total time: 10.21m
step 00428 (14.90%) | loss: 2.856039 | lrm: 1.00 | dt: 1464.65ms | tok/sec: 89,490 | mfu: 0.00 | epoch: 1 | total time: 10.24m
step 00429 (14.94%) | loss: 2.868173 | lrm: 1.00 | dt: 1465.88ms | tok/sec: 89,415 | mfu: 0.00 | epoch: 1 | total time: 10.26m
step 00430 (14.97%) | loss: 2.867210 | lrm: 1.00 | dt: 1465.44ms | tok/sec: 89,441 | mfu: 0.00 | epoch: 1 | total time: 10.29m
step 00431 (15.01%) | loss: 2.870317 | lrm: 1.00 | dt: 1464.40ms | tok/sec: 89,505 | mfu: 0.00 | epoch: 1 | total time: 10.31m
step 00432 (15.05%) | loss: 2.867305 | lrm: 1.00 | dt: 1466.04ms | tok/sec: 89,405 | mfu: 0.00 | epoch: 1 | total time: 10.34m
step 00433 (15.08%) | loss: 2.841246 | lrm: 1.00 | dt: 1464.55ms | tok/sec: 89,496 | mfu: 0.00 | epoch: 1 | total time: 10.36m
step 00434 (15.12%) | loss: 2.851955 | lrm: 1.00 | dt: 1465.92ms | tok/sec: 89,412 | mfu: 0.00 | epoch: 1 | total time: 10.38m
step 00435 (15.15%) | loss: 2.831896 | lrm: 1.00 | dt: 1465.46ms | tok/sec: 89,440 | mfu: 0.00 | epoch: 1 | total time: 10.41m
step 00436 (15.18%) | loss: 2.847011 | lrm: 1.00 | dt: 1465.76ms | tok/sec: 89,422 | mfu: 0.00 | epoch: 1 | total time: 10.43m
step 00437 (15.22%) | loss: 2.837820 | lrm: 1.00 | dt: 1463.72ms | tok/sec: 89,547 | mfu: 0.00 | epoch: 1 | total time: 10.46m
step 00438 (15.25%) | loss: 2.813778 | lrm: 1.00 | dt: 1466.58ms | tok/sec: 89,372 | mfu: 0.00 | epoch: 1 | total time: 10.48m
step 00439 (15.29%) | loss: 2.812438 | lrm: 1.00 | dt: 1464.97ms | tok/sec: 89,470 | mfu: 0.00 | epoch: 1 | total time: 10.51m
step 00440 (15.33%) | loss: 2.816964 | lrm: 1.00 | dt: 1465.17ms | tok/sec: 89,458 | mfu: 0.00 | epoch: 1 | total time: 10.53m
step 00441 (15.37%) | loss: 2.802403 | lrm: 1.00 | dt: 1464.86ms | tok/sec: 89,477 | mfu: 0.00 | epoch: 1 | total time: 10.56m
step 00442 (15.40%) | loss: 2.819702 | lrm: 1.00 | dt: 1468.15ms | tok/sec: 89,276 | mfu: 0.00 | epoch: 1 | total time: 10.58m
step 00443 (15.43%) | loss: 2.835017 | lrm: 1.00 | dt: 1465.03ms | tok/sec: 89,467 | mfu: 0.00 | epoch: 1 | total time: 10.60m
step 00444 (15.46%) | loss: 2.825654 | lrm: 1.00 | dt: 1465.55ms | tok/sec: 89,435 | mfu: 0.00 | epoch: 1 | total time: 10.63m
step 00445 (15.49%) | loss: 2.833461 | lrm: 1.00 | dt: 1465.65ms | tok/sec: 89,429 | mfu: 0.00 | epoch: 1 | total time: 10.65m
step 00446 (15.53%) | loss: 2.844600 | lrm: 1.00 | dt: 1465.01ms | tok/sec: 89,468 | mfu: 0.00 | epoch: 1 | total time: 10.68m
step 00447 (15.56%) | loss: 2.821349 | lrm: 1.00 | dt: 1465.61ms | tok/sec: 89,431 | mfu: 0.00 | epoch: 1 | total time: 10.70m
step 00448 (15.60%) | loss: 2.834521 | lrm: 1.00 | dt: 1464.91ms | tok/sec: 89,474 | mfu: 0.00 | epoch: 1 | total time: 10.73m
step 00449 (15.63%) | loss: 2.865352 | lrm: 1.00 | dt: 1466.40ms | tok/sec: 89,383 | mfu: 0.00 | epoch: 1 | total time: 10.75m
step 00450 (15.66%) | loss: 2.861791 | lrm: 1.00 | dt: 1464.76ms | tok/sec: 89,483 | mfu: 0.00 | epoch: 1 | total time: 10.78m
step 00451 (15.69%) | loss: 2.889776 | lrm: 1.00 | dt: 1465.85ms | tok/sec: 89,417 | mfu: 0.00 | epoch: 1 | total time: 10.80m
step 00452 (15.73%) | loss: 2.899856 | lrm: 1.00 | dt: 1464.69ms | tok/sec: 89,487 | mfu: 0.00 | epoch: 1 | total time: 10.82m
step 00453 (15.77%) | loss: 2.892335 | lrm: 1.00 | dt: 1465.92ms | tok/sec: 89,412 | mfu: 0.00 | epoch: 1 | total time: 10.85m
step 00454 (15.81%) | loss: 2.874089 | lrm: 1.00 | dt: 1464.33ms | tok/sec: 89,510 | mfu: 0.00 | epoch: 1 | total time: 10.87m
step 00455 (15.84%) | loss: 2.870849 | lrm: 1.00 | dt: 1466.27ms | tok/sec: 89,391 | mfu: 0.00 | epoch: 1 | total time: 10.90m
step 00456 (15.88%) | loss: 2.870234 | lrm: 1.00 | dt: 1465.09ms | tok/sec: 89,463 | mfu: 0.00 | epoch: 1 | total time: 10.92m
step 00457 (15.91%) | loss: 2.825908 | lrm: 1.00 | dt: 1465.29ms | tok/sec: 89,451 | mfu: 0.00 | epoch: 1 | total time: 10.95m
step 00458 (15.95%) | loss: 2.858697 | lrm: 1.00 | dt: 1465.96ms | tok/sec: 89,410 | mfu: 0.00 | epoch: 1 | total time: 10.97m
step 00459 (15.98%) | loss: 2.842170 | lrm: 1.00 | dt: 1463.91ms | tok/sec: 89,535 | mfu: 0.00 | epoch: 1 | total time: 10.99m
step 00460 (16.02%) | loss: 2.846126 | lrm: 1.00 | dt: 1465.45ms | tok/sec: 89,441 | mfu: 0.00 | epoch: 1 | total time: 11.02m
step 00461 (16.06%) | loss: 2.855031 | lrm: 1.00 | dt: 1464.20ms | tok/sec: 89,517 | mfu: 0.00 | epoch: 1 | total time: 11.04m
step 00462 (16.09%) | loss: 2.860183 | lrm: 1.00 | dt: 1465.82ms | tok/sec: 89,419 | mfu: 0.00 | epoch: 1 | total time: 11.07m
step 00463 (16.12%) | loss: 2.858793 | lrm: 1.00 | dt: 1464.16ms | tok/sec: 89,520 | mfu: 0.00 | epoch: 1 | total time: 11.09m
step 00464 (16.16%) | loss: 2.871973 | lrm: 1.00 | dt: 1467.32ms | tok/sec: 89,327 | mfu: 0.00 | epoch: 1 | total time: 11.12m
step 00465 (16.19%) | loss: 2.872085 | lrm: 1.00 | dt: 1464.95ms | tok/sec: 89,472 | mfu: 0.00 | epoch: 1 | total time: 11.14m
step 00466 (16.22%) | loss: 2.883340 | lrm: 1.00 | dt: 1467.09ms | tok/sec: 89,341 | mfu: 0.00 | epoch: 1 | total time: 11.17m
step 00467 (16.26%) | loss: 2.886960 | lrm: 1.00 | dt: 1464.51ms | tok/sec: 89,498 | mfu: 0.00 | epoch: 1 | total time: 11.19m
step 00468 (16.29%) | loss: 2.902260 | lrm: 1.00 | dt: 1466.28ms | tok/sec: 89,390 | mfu: 0.00 | epoch: 1 | total time: 11.21m
step 00469 (16.33%) | loss: 2.901419 | lrm: 1.00 | dt: 1464.71ms | tok/sec: 89,486 | mfu: 0.00 | epoch: 1 | total time: 11.24m
step 00470 (16.36%) | loss: 2.910798 | lrm: 1.00 | dt: 1465.37ms | tok/sec: 89,446 | mfu: 0.00 | epoch: 1 | total time: 11.26m
step 00471 (16.40%) | loss: 2.907125 | lrm: 1.00 | dt: 1464.44ms | tok/sec: 89,503 | mfu: 0.00 | epoch: 1 | total time: 11.29m
step 00472 (16.44%) | loss: 2.911102 | lrm: 1.00 | dt: 1464.41ms | tok/sec: 89,504 | mfu: 0.00 | epoch: 1 | total time: 11.31m
step 00473 (16.47%) | loss: 2.905157 | lrm: 1.00 | dt: 1465.91ms | tok/sec: 89,413 | mfu: 0.00 | epoch: 1 | total time: 11.34m
step 00474 (16.50%) | loss: 2.904292 | lrm: 1.00 | dt: 1464.94ms | tok/sec: 89,472 | mfu: 0.00 | epoch: 1 | total time: 11.36m
step 00475 (16.54%) | loss: 2.910481 | lrm: 1.00 | dt: 1465.63ms | tok/sec: 89,430 | mfu: 0.00 | epoch: 1 | total time: 11.39m
step 00476 (16.57%) | loss: 2.927948 | lrm: 1.00 | dt: 1464.69ms | tok/sec: 89,487 | mfu: 0.00 | epoch: 1 | total time: 11.41m
step 00477 (16.60%) | loss: 2.940862 | lrm: 1.00 | dt: 1466.55ms | tok/sec: 89,374 | mfu: 0.00 | epoch: 1 | total time: 11.43m
step 00478 (16.64%) | loss: 2.930638 | lrm: 1.00 | dt: 1464.77ms | tok/sec: 89,482 | mfu: 0.00 | epoch: 1 | total time: 11.46m
step 00479 (16.67%) | loss: 2.914383 | lrm: 1.00 | dt: 1466.62ms | tok/sec: 89,370 | mfu: 0.00 | epoch: 1 | total time: 11.48m
step 00480 (16.71%) | loss: 2.897847 | lrm: 1.00 | dt: 1464.32ms | tok/sec: 89,510 | mfu: 0.00 | epoch: 1 | total time: 11.51m
step 00481 (16.74%) | loss: 2.888932 | lrm: 1.00 | dt: 1465.20ms | tok/sec: 89,456 | mfu: 0.00 | epoch: 1 | total time: 11.53m
step 00482 (16.77%) | loss: 2.896931 | lrm: 1.00 | dt: 1465.10ms | tok/sec: 89,462 | mfu: 0.00 | epoch: 1 | total time: 11.56m
step 00483 (16.81%) | loss: 2.886677 | lrm: 1.00 | dt: 1466.10ms | tok/sec: 89,401 | mfu: 0.00 | epoch: 1 | total time: 11.58m
step 00484 (16.85%) | loss: 2.877148 | lrm: 1.00 | dt: 1465.44ms | tok/sec: 89,442 | mfu: 0.00 | epoch: 1 | total time: 11.61m
step 00485 (16.89%) | loss: 2.860770 | lrm: 1.00 | dt: 1464.77ms | tok/sec: 89,483 | mfu: 0.00 | epoch: 1 | total time: 11.63m
step 00486 (16.92%) | loss: 2.859296 | lrm: 1.00 | dt: 1466.17ms | tok/sec: 89,397 | mfu: 0.00 | epoch: 1 | total time: 11.65m
step 00487 (16.96%) | loss: 2.865111 | lrm: 1.00 | dt: 1464.69ms | tok/sec: 89,487 | mfu: 0.00 | epoch: 1 | total time: 11.68m
step 00488 (17.00%) | loss: 2.869323 | lrm: 1.00 | dt: 1466.01ms | tok/sec: 89,407 | mfu: 0.00 | epoch: 1 | total time: 11.70m
step 00489 (17.03%) | loss: 2.876913 | lrm: 1.00 | dt: 1464.85ms | tok/sec: 89,477 | mfu: 0.00 | epoch: 1 | total time: 11.73m
step 00490 (17.07%) | loss: 2.883247 | lrm: 1.00 | dt: 1465.97ms | tok/sec: 89,409 | mfu: 0.00 | epoch: 1 | total time: 11.75m
step 00491 (17.11%) | loss: 2.880403 | lrm: 1.00 | dt: 1464.52ms | tok/sec: 89,498 | mfu: 0.00 | epoch: 1 | total time: 11.78m
step 00492 (17.14%) | loss: 2.865190 | lrm: 1.00 | dt: 1466.28ms | tok/sec: 89,390 | mfu: 0.00 | epoch: 1 | total time: 11.80m
step 00493 (17.18%) | loss: 2.857857 | lrm: 1.00 | dt: 1464.74ms | tok/sec: 89,484 | mfu: 0.00 | epoch: 1 | total time: 11.83m
step 00494 (17.21%) | loss: 2.863026 | lrm: 1.00 | dt: 1465.40ms | tok/sec: 89,444 | mfu: 0.00 | epoch: 1 | total time: 11.85m
step 00495 (17.25%) | loss: 2.853855 | lrm: 1.00 | dt: 1465.00ms | tok/sec: 89,468 | mfu: 0.00 | epoch: 1 | total time: 11.87m
step 00496 (17.28%) | loss: 2.858117 | lrm: 1.00 | dt: 1465.96ms | tok/sec: 89,410 | mfu: 0.00 | epoch: 1 | total time: 11.90m
step 00497 (17.32%) | loss: 2.842444 | lrm: 1.00 | dt: 1464.87ms | tok/sec: 89,476 | mfu: 0.00 | epoch: 1 | total time: 11.92m
step 00498 (17.35%) | loss: 2.818970 | lrm: 1.00 | dt: 1464.47ms | tok/sec: 89,501 | mfu: 0.00 | epoch: 1 | total time: 11.95m
step 00499 (17.38%) | loss: 2.816541 | lrm: 1.00 | dt: 1465.05ms | tok/sec: 89,466 | mfu: 0.00 | epoch: 1 | total time: 11.97m
step 00500 (17.43%) | loss: 2.807562 | lrm: 1.00 | dt: 1465.90ms | tok/sec: 89,413 | mfu: 0.00 | epoch: 1 | total time: 12.00m
Step 00500 | Validation bpb: 0.8864
step 00501 (17.46%) | loss: 2.817227 | lrm: 1.00 | dt: 1520.55ms | tok/sec: 86,200 | mfu: 0.00 | epoch: 1 | total time: 12.02m
step 00502 (17.49%) | loss: 2.818169 | lrm: 1.00 | dt: 1465.69ms | tok/sec: 89,426 | mfu: 0.00 | epoch: 1 | total time: 12.05m
step 00503 (17.53%) | loss: 2.799955 | lrm: 1.00 | dt: 1465.46ms | tok/sec: 89,441 | mfu: 0.00 | epoch: 1 | total time: 12.07m
step 00504 (17.56%) | loss: 2.814697 | lrm: 1.00 | dt: 1464.69ms | tok/sec: 89,488 | mfu: 0.00 | epoch: 1 | total time: 12.09m
step 00505 (17.59%) | loss: 2.814480 | lrm: 1.00 | dt: 1465.77ms | tok/sec: 89,421 | mfu: 0.00 | epoch: 1 | total time: 12.12m
step 00506 (17.63%) | loss: 2.814302 | lrm: 1.00 | dt: 1464.46ms | tok/sec: 89,501 | mfu: 0.00 | epoch: 1 | total time: 12.14m
step 00507 (17.66%) | loss: 2.825018 | lrm: 1.00 | dt: 1465.87ms | tok/sec: 89,416 | mfu: 0.00 | epoch: 1 | total time: 12.17m
step 00508 (17.69%) | loss: 2.829256 | lrm: 1.00 | dt: 1464.08ms | tok/sec: 89,525 | mfu: 0.00 | epoch: 1 | total time: 12.19m
step 00509 (17.73%) | loss: 2.873648 | lrm: 1.00 | dt: 1465.99ms | tok/sec: 89,408 | mfu: 0.00 | epoch: 1 | total time: 12.22m
step 00510 (17.76%) | loss: 2.892063 | lrm: 1.00 | dt: 1464.89ms | tok/sec: 89,475 | mfu: 0.00 | epoch: 1 | total time: 12.24m
step 00511 (17.80%) | loss: 2.859210 | lrm: 1.00 | dt: 1467.39ms | tok/sec: 89,323 | mfu: 0.00 | epoch: 1 | total time: 12.27m
step 00512 (17.83%) | loss: 2.851726 | lrm: 1.00 | dt: 1464.46ms | tok/sec: 89,502 | mfu: 0.00 | epoch: 1 | total time: 12.29m
step 00513 (17.86%) | loss: 2.865557 | lrm: 1.00 | dt: 1466.32ms | tok/sec: 89,388 | mfu: 0.00 | epoch: 1 | total time: 12.31m
step 00514 (17.90%) | loss: 2.870142 | lrm: 1.00 | dt: 1464.40ms | tok/sec: 89,505 | mfu: 0.00 | epoch: 1 | total time: 12.34m
step 00515 (17.93%) | loss: 2.886210 | lrm: 1.00 | dt: 1466.03ms | tok/sec: 89,406 | mfu: 0.00 | epoch: 1 | total time: 12.36m
step 00516 (17.97%) | loss: 2.858399 | lrm: 1.00 | dt: 1464.10ms | tok/sec: 89,523 | mfu: 0.00 | epoch: 1 | total time: 12.39m
step 00517 (18.00%) | loss: 2.853934 | lrm: 1.00 | dt: 1463.94ms | tok/sec: 89,533 | mfu: 0.00 | epoch: 1 | total time: 12.41m
step 00518 (18.04%) | loss: 2.837402 | lrm: 1.00 | dt: 1464.95ms | tok/sec: 89,471 | mfu: 0.00 | epoch: 1 | total time: 12.44m
step 00519 (18.08%) | loss: 2.824536 | lrm: 1.00 | dt: 1464.14ms | tok/sec: 89,521 | mfu: 0.00 | epoch: 1 | total time: 12.46m
step 00520 (18.11%) | loss: 2.799445 | lrm: 1.00 | dt: 1466.48ms | tok/sec: 89,378 | mfu: 0.00 | epoch: 1 | total time: 12.49m
step 00521 (18.14%) | loss: 2.830648 | lrm: 1.00 | dt: 1465.75ms | tok/sec: 89,423 | mfu: 0.00 | epoch: 1 | total time: 12.51m
step 00522 (18.17%) | loss: 2.828955 | lrm: 1.00 | dt: 1465.81ms | tok/sec: 89,419 | mfu: 0.00 | epoch: 1 | total time: 12.53m
step 00523 (18.21%) | loss: 2.831444 | lrm: 1.00 | dt: 1465.01ms | tok/sec: 89,468 | mfu: 0.00 | epoch: 1 | total time: 12.56m
step 00524 (18.25%) | loss: 2.838431 | lrm: 1.00 | dt: 1467.35ms | tok/sec: 89,325 | mfu: 0.00 | epoch: 1 | total time: 12.58m
step 00525 (18.28%) | loss: 2.821087 | lrm: 1.00 | dt: 1464.30ms | tok/sec: 89,511 | mfu: 0.00 | epoch: 1 | total time: 12.61m
step 00526 (18.32%) | loss: 2.832669 | lrm: 1.00 | dt: 1466.01ms | tok/sec: 89,407 | mfu: 0.00 | epoch: 1 | total time: 12.63m
step 00527 (18.35%) | loss: 2.851879 | lrm: 1.00 | dt: 1464.45ms | tok/sec: 89,502 | mfu: 0.00 | epoch: 1 | total time: 12.66m
step 00528 (18.39%) | loss: 2.845500 | lrm: 1.00 | dt: 1466.49ms | tok/sec: 89,378 | mfu: 0.00 | epoch: 1 | total time: 12.68m
step 00529 (18.42%) | loss: 2.833781 | lrm: 1.00 | dt: 1464.29ms | tok/sec: 89,512 | mfu: 0.00 | epoch: 1 | total time: 12.71m
step 00530 (18.45%) | loss: 2.826533 | lrm: 1.00 | dt: 1466.49ms | tok/sec: 89,377 | mfu: 0.00 | epoch: 1 | total time: 12.73m
step 00531 (18.49%) | loss: 2.823443 | lrm: 1.00 | dt: 1463.58ms | tok/sec: 89,555 | mfu: 0.00 | epoch: 1 | total time: 12.75m
step 00532 (18.52%) | loss: 2.813503 | lrm: 1.00 | dt: 1464.92ms | tok/sec: 89,473 | mfu: 0.00 | epoch: 1 | total time: 12.78m
step 00533 (18.55%) | loss: 2.790408 | lrm: 1.00 | dt: 1465.80ms | tok/sec: 89,419 | mfu: 0.00 | epoch: 1 | total time: 12.80m
step 00534 (18.58%) | loss: 2.792556 | lrm: 1.00 | dt: 1465.61ms | tok/sec: 89,431 | mfu: 0.00 | epoch: 1 | total time: 12.83m
step 00535 (18.62%) | loss: 2.824731 | lrm: 1.00 | dt: 1466.37ms | tok/sec: 89,385 | mfu: 0.00 | epoch: 1 | total time: 12.85m
step 00536 (18.66%) | loss: 2.818830 | lrm: 1.00 | dt: 1464.06ms | tok/sec: 89,526 | mfu: 0.00 | epoch: 1 | total time: 12.88m
step 00537 (18.70%) | loss: 2.835725 | lrm: 1.00 | dt: 1466.42ms | tok/sec: 89,382 | mfu: 0.00 | epoch: 1 | total time: 12.90m
step 00538 (18.73%) | loss: 2.852084 | lrm: 1.00 | dt: 1465.02ms | tok/sec: 89,467 | mfu: 0.00 | epoch: 1 | total time: 12.93m
step 00539 (18.77%) | loss: 2.848679 | lrm: 1.00 | dt: 1465.34ms | tok/sec: 89,448 | mfu: 0.00 | epoch: 1 | total time: 12.95m
step 00540 (18.80%) | loss: 2.865192 | lrm: 1.00 | dt: 1465.04ms | tok/sec: 89,466 | mfu: 0.00 | epoch: 1 | total time: 12.97m
step 00541 (18.83%) | loss: 2.859977 | lrm: 1.00 | dt: 1466.72ms | tok/sec: 89,364 | mfu: 0.00 | epoch: 1 | total time: 13.00m
step 00542 (18.86%) | loss: 2.844815 | lrm: 1.00 | dt: 1464.75ms | tok/sec: 89,484 | mfu: 0.00 | epoch: 1 | total time: 13.02m
step 00543 (18.90%) | loss: 2.808861 | lrm: 1.00 | dt: 1465.74ms | tok/sec: 89,423 | mfu: 0.00 | epoch: 1 | total time: 13.05m
step 00544 (18.93%) | loss: 2.791103 | lrm: 1.00 | dt: 1465.84ms | tok/sec: 89,417 | mfu: 0.00 | epoch: 1 | total time: 13.07m
step 00545 (18.96%) | loss: 2.789493 | lrm: 1.00 | dt: 1464.67ms | tok/sec: 89,489 | mfu: 0.00 | epoch: 1 | total time: 13.10m
step 00546 (19.00%) | loss: 2.801905 | lrm: 1.00 | dt: 1465.69ms | tok/sec: 89,426 | mfu: 0.00 | epoch: 1 | total time: 13.12m
step 00547 (19.04%) | loss: 2.793125 | lrm: 1.00 | dt: 1464.70ms | tok/sec: 89,487 | mfu: 0.00 | epoch: 1 | total time: 13.15m
step 00548 (19.07%) | loss: 2.779855 | lrm: 1.00 | dt: 1465.58ms | tok/sec: 89,433 | mfu: 0.00 | epoch: 1 | total time: 13.17m
step 00549 (19.11%) | loss: 2.774695 | lrm: 1.00 | dt: 1464.33ms | tok/sec: 89,510 | mfu: 0.00 | epoch: 1 | total time: 13.19m
step 00550 (19.14%) | loss: 2.792398 | lrm: 1.00 | dt: 1465.89ms | tok/sec: 89,414 | mfu: 0.00 | epoch: 1 | total time: 13.22m
step 00551 (19.17%) | loss: 2.781499 | lrm: 1.00 | dt: 1464.48ms | tok/sec: 89,500 | mfu: 0.00 | epoch: 1 | total time: 13.24m
step 00552 (19.20%) | loss: 2.783747 | lrm: 1.00 | dt: 1466.73ms | tok/sec: 89,363 | mfu: 0.00 | epoch: 1 | total time: 13.27m
step 00553 (19.23%) | loss: 2.772907 | lrm: 1.00 | dt: 1464.75ms | tok/sec: 89,484 | mfu: 0.00 | epoch: 1 | total time: 13.29m
step 00554 (19.26%) | loss: 2.791751 | lrm: 1.00 | dt: 1464.73ms | tok/sec: 89,485 | mfu: 0.00 | epoch: 1 | total time: 13.32m
step 00555 (19.30%) | loss: 2.779183 | lrm: 1.00 | dt: 1465.17ms | tok/sec: 89,458 | mfu: 0.00 | epoch: 1 | total time: 13.34m
step 00556 (19.33%) | loss: 2.781477 | lrm: 1.00 | dt: 1465.47ms | tok/sec: 89,440 | mfu: 0.00 | epoch: 1 | total time: 13.36m
step 00557 (19.37%) | loss: 2.787389 | lrm: 1.00 | dt: 1464.80ms | tok/sec: 89,480 | mfu: 0.00 | epoch: 1 | total time: 13.39m
step 00558 (19.40%) | loss: 2.779377 | lrm: 1.00 | dt: 1464.52ms | tok/sec: 89,498 | mfu: 0.00 | epoch: 1 | total time: 13.41m
step 00559 (19.43%) | loss: 2.799946 | lrm: 1.00 | dt: 1464.75ms | tok/sec: 89,484 | mfu: 0.00 | epoch: 1 | total time: 13.44m
step 00560 (19.47%) | loss: 2.803089 | lrm: 1.00 | dt: 1467.15ms | tok/sec: 89,337 | mfu: 0.00 | epoch: 1 | total time: 13.46m
step 00561 (19.51%) | loss: 2.798565 | lrm: 1.00 | dt: 1465.63ms | tok/sec: 89,430 | mfu: 0.00 | epoch: 1 | total time: 13.49m
step 00562 (19.54%) | loss: 2.787163 | lrm: 1.00 | dt: 1465.39ms | tok/sec: 89,444 | mfu: 0.00 | epoch: 1 | total time: 13.51m
step 00563 (19.57%) | loss: 2.787539 | lrm: 1.00 | dt: 1465.25ms | tok/sec: 89,453 | mfu: 0.00 | epoch: 1 | total time: 13.54m
step 00564 (19.61%) | loss: 2.772418 | lrm: 1.00 | dt: 1464.47ms | tok/sec: 89,501 | mfu: 0.00 | epoch: 1 | total time: 13.56m
step 00565 (19.65%) | loss: 2.761451 | lrm: 1.00 | dt: 1466.98ms | tok/sec: 89,348 | mfu: 0.00 | epoch: 1 | total time: 13.58m
step 00566 (19.68%) | loss: 2.757821 | lrm: 1.00 | dt: 1464.70ms | tok/sec: 89,487 | mfu: 0.00 | epoch: 1 | total time: 13.61m
step 00567 (19.71%) | loss: 2.758172 | lrm: 1.00 | dt: 1465.99ms | tok/sec: 89,408 | mfu: 0.00 | epoch: 1 | total time: 13.63m
step 00568 (19.75%) | loss: 2.780495 | lrm: 1.00 | dt: 1464.57ms | tok/sec: 89,495 | mfu: 0.00 | epoch: 1 | total time: 13.66m
step 00569 (19.78%) | loss: 2.768228 | lrm: 1.00 | dt: 1465.01ms | tok/sec: 89,468 | mfu: 0.00 | epoch: 1 | total time: 13.68m
step 00570 (19.82%) | loss: 2.783379 | lrm: 1.00 | dt: 1464.92ms | tok/sec: 89,473 | mfu: 0.00 | epoch: 1 | total time: 13.71m
step 00571 (19.85%) | loss: 2.777596 | lrm: 1.00 | dt: 1464.48ms | tok/sec: 89,500 | mfu: 0.00 | epoch: 1 | total time: 13.73m
step 00572 (19.88%) | loss: 2.776325 | lrm: 1.00 | dt: 1465.90ms | tok/sec: 89,414 | mfu: 0.00 | epoch: 1 | total time: 13.76m
step 00573 (19.91%) | loss: 2.777144 | lrm: 1.00 | dt: 1464.82ms | tok/sec: 89,479 | mfu: 0.00 | epoch: 1 | total time: 13.78m
step 00574 (19.95%) | loss: 2.747375 | lrm: 1.00 | dt: 1465.27ms | tok/sec: 89,452 | mfu: 0.00 | epoch: 1 | total time: 13.80m
step 00575 (19.99%) | loss: 2.760235 | lrm: 1.00 | dt: 1465.03ms | tok/sec: 89,466 | mfu: 0.00 | epoch: 1 | total time: 13.83m
step 00576 (20.02%) | loss: 2.772872 | lrm: 1.00 | dt: 1465.99ms | tok/sec: 89,408 | mfu: 0.00 | epoch: 1 | total time: 13.85m
step 00577 (20.05%) | loss: 2.809771 | lrm: 1.00 | dt: 1465.56ms | tok/sec: 89,434 | mfu: 0.00 | epoch: 1 | total time: 13.88m
step 00578 (20.09%) | loss: 2.830660 | lrm: 1.00 | dt: 1465.69ms | tok/sec: 89,426 | mfu: 0.00 | epoch: 1 | total time: 13.90m
step 00579 (20.12%) | loss: 2.825140 | lrm: 1.00 | dt: 1464.01ms | tok/sec: 89,529 | mfu: 0.00 | epoch: 1 | total time: 13.93m
step 00580 (20.15%) | loss: 2.808058 | lrm: 1.00 | dt: 1465.98ms | tok/sec: 89,409 | mfu: 0.00 | epoch: 1 | total time: 13.95m
step 00581 (20.18%) | loss: 2.807816 | lrm: 1.00 | dt: 1463.96ms | tok/sec: 89,532 | mfu: 0.00 | epoch: 1 | total time: 13.98m
step 00582 (20.22%) | loss: 2.796234 | lrm: 1.00 | dt: 1465.94ms | tok/sec: 89,411 | mfu: 0.00 | epoch: 1 | total time: 14.00m
step 00583 (20.26%) | loss: 2.799513 | lrm: 1.00 | dt: 1464.92ms | tok/sec: 89,473 | mfu: 0.00 | epoch: 1 | total time: 14.02m
step 00584 (20.30%) | loss: 2.805131 | lrm: 1.00 | dt: 1464.34ms | tok/sec: 89,509 | mfu: 0.00 | epoch: 1 | total time: 14.05m
step 00585 (20.34%) | loss: 2.797892 | lrm: 1.00 | dt: 1466.24ms | tok/sec: 89,393 | mfu: 0.00 | epoch: 1 | total time: 14.07m
step 00586 (20.38%) | loss: 2.779972 | lrm: 1.00 | dt: 1464.67ms | tok/sec: 89,489 | mfu: 0.00 | epoch: 1 | total time: 14.10m
step 00587 (20.41%) | loss: 2.777882 | lrm: 1.00 | dt: 1465.50ms | tok/sec: 89,438 | mfu: 0.00 | epoch: 1 | total time: 14.12m
step 00588 (20.45%) | loss: 2.794805 | lrm: 1.00 | dt: 1464.56ms | tok/sec: 89,495 | mfu: 0.00 | epoch: 1 | total time: 14.15m
step 00589 (20.49%) | loss: 2.789576 | lrm: 1.00 | dt: 1464.70ms | tok/sec: 89,487 | mfu: 0.00 | epoch: 1 | total time: 14.17m
step 00590 (20.53%) | loss: 2.796379 | lrm: 1.00 | dt: 1467.69ms | tok/sec: 89,304 | mfu: 0.00 | epoch: 1 | total time: 14.20m
step 00591 (20.56%) | loss: 2.793311 | lrm: 1.00 | dt: 1465.66ms | tok/sec: 89,428 | mfu: 0.00 | epoch: 1 | total time: 14.22m
step 00592 (20.59%) | loss: 2.795870 | lrm: 1.00 | dt: 1464.24ms | tok/sec: 89,515 | mfu: 0.00 | epoch: 1 | total time: 14.24m
step 00593 (20.62%) | loss: 2.809103 | lrm: 1.00 | dt: 1465.74ms | tok/sec: 89,423 | mfu: 0.00 | epoch: 1 | total time: 14.27m
step 00594 (20.66%) | loss: 2.805258 | lrm: 1.00 | dt: 1465.34ms | tok/sec: 89,447 | mfu: 0.00 | epoch: 1 | total time: 14.29m
step 00595 (20.70%) | loss: 2.780873 | lrm: 1.00 | dt: 1465.50ms | tok/sec: 89,438 | mfu: 0.00 | epoch: 1 | total time: 14.32m
step 00596 (20.73%) | loss: 2.820800 | lrm: 1.00 | dt: 1465.39ms | tok/sec: 89,445 | mfu: 0.00 | epoch: 1 | total time: 14.34m
step 00597 (20.77%) | loss: 2.821123 | lrm: 1.00 | dt: 1465.76ms | tok/sec: 89,422 | mfu: 0.00 | epoch: 1 | total time: 14.37m
step 00598 (20.80%) | loss: 2.824873 | lrm: 1.00 | dt: 1466.86ms | tok/sec: 89,355 | mfu: 0.00 | epoch: 1 | total time: 14.39m
step 00599 (20.83%) | loss: 2.820515 | lrm: 1.00 | dt: 1464.60ms | tok/sec: 89,493 | mfu: 0.00 | epoch: 1 | total time: 14.41m
step 00600 (20.87%) | loss: 2.849737 | lrm: 1.00 | dt: 1465.62ms | tok/sec: 89,430 | mfu: 0.00 | epoch: 1 | total time: 14.44m
Step 00600 | Validation bpb: 0.8753
step 00601 (20.90%) | loss: 2.822319 | lrm: 1.00 | dt: 1529.16ms | tok/sec: 85,715 | mfu: 0.00 | epoch: 1 | total time: 14.46m
step 00602 (20.93%) | loss: 2.836506 | lrm: 1.00 | dt: 1464.67ms | tok/sec: 89,488 | mfu: 0.00 | epoch: 1 | total time: 14.49m
step 00603 (20.97%) | loss: 2.821945 | lrm: 1.00 | dt: 1467.03ms | tok/sec: 89,345 | mfu: 0.00 | epoch: 1 | total time: 14.51m
step 00604 (21.00%) | loss: 2.832902 | lrm: 1.00 | dt: 1467.22ms | tok/sec: 89,333 | mfu: 0.00 | epoch: 1 | total time: 14.54m
step 00605 (21.04%) | loss: 2.831048 | lrm: 1.00 | dt: 1464.72ms | tok/sec: 89,485 | mfu: 0.00 | epoch: 1 | total time: 14.56m
step 00606 (21.07%) | loss: 2.823205 | lrm: 1.00 | dt: 1465.16ms | tok/sec: 89,459 | mfu: 0.00 | epoch: 1 | total time: 14.59m
step 00607 (21.10%) | loss: 2.820706 | lrm: 1.00 | dt: 1464.85ms | tok/sec: 89,478 | mfu: 0.00 | epoch: 1 | total time: 14.61m
step 00608 (21.13%) | loss: 2.841839 | lrm: 1.00 | dt: 1465.18ms | tok/sec: 89,458 | mfu: 0.00 | epoch: 1 | total time: 14.64m
step 00609 (21.17%) | loss: 2.832614 | lrm: 1.00 | dt: 1465.21ms | tok/sec: 89,455 | mfu: 0.00 | epoch: 1 | total time: 14.66m
step 00610 (21.20%) | loss: 2.810743 | lrm: 1.00 | dt: 1466.18ms | tok/sec: 89,396 | mfu: 0.00 | epoch: 1 | total time: 14.68m
step 00611 (21.24%) | loss: 2.787252 | lrm: 1.00 | dt: 1464.55ms | tok/sec: 89,496 | mfu: 0.00 | epoch: 1 | total time: 14.71m
step 00612 (21.28%) | loss: 2.792103 | lrm: 1.00 | dt: 1465.89ms | tok/sec: 89,414 | mfu: 0.00 | epoch: 1 | total time: 14.73m
step 00613 (21.32%) | loss: 2.769360 | lrm: 1.00 | dt: 1463.36ms | tok/sec: 89,569 | mfu: 0.00 | epoch: 1 | total time: 14.76m
step 00614 (21.35%) | loss: 2.770777 | lrm: 1.00 | dt: 1467.04ms | tok/sec: 89,344 | mfu: 0.00 | epoch: 1 | total time: 14.78m
step 00615 (21.38%) | loss: 2.747326 | lrm: 1.00 | dt: 1465.55ms | tok/sec: 89,435 | mfu: 0.00 | epoch: 1 | total time: 14.81m
step 00616 (21.41%) | loss: 2.734544 | lrm: 1.00 | dt: 1467.90ms | tok/sec: 89,291 | mfu: 0.00 | epoch: 1 | total time: 14.83m
step 00617 (21.45%) | loss: 2.723679 | lrm: 1.00 | dt: 1464.03ms | tok/sec: 89,528 | mfu: 0.00 | epoch: 1 | total time: 14.86m
step 00618 (21.47%) | loss: 2.710612 | lrm: 1.00 | dt: 1465.69ms | tok/sec: 89,426 | mfu: 0.00 | epoch: 1 | total time: 14.88m
step 00619 (21.51%) | loss: 2.715124 | lrm: 1.00 | dt: 1465.21ms | tok/sec: 89,456 | mfu: 0.00 | epoch: 1 | total time: 14.90m
step 00620 (21.54%) | loss: 2.714180 | lrm: 1.00 | dt: 1464.20ms | tok/sec: 89,517 | mfu: 0.00 | epoch: 1 | total time: 14.93m
step 00621 (21.57%) | loss: 2.715121 | lrm: 1.00 | dt: 1465.93ms | tok/sec: 89,412 | mfu: 0.00 | epoch: 1 | total time: 14.95m
step 00622 (21.60%) | loss: 2.711687 | lrm: 1.00 | dt: 1466.15ms | tok/sec: 89,398 | mfu: 0.00 | epoch: 1 | total time: 14.98m
step 00623 (21.63%) | loss: 2.735064 | lrm: 1.00 | dt: 1465.81ms | tok/sec: 89,419 | mfu: 0.00 | epoch: 1 | total time: 15.00m
step 00624 (21.67%) | loss: 2.737314 | lrm: 1.00 | dt: 1465.01ms | tok/sec: 89,468 | mfu: 0.00 | epoch: 1 | total time: 15.03m
step 00625 (21.71%) | loss: 2.747670 | lrm: 1.00 | dt: 1465.58ms | tok/sec: 89,433 | mfu: 0.00 | epoch: 1 | total time: 15.05m
step 00626 (21.75%) | loss: 2.743897 | lrm: 1.00 | dt: 1469.23ms | tok/sec: 89,211 | mfu: 0.00 | epoch: 1 | total time: 15.08m
step 00627 (21.79%) | loss: 2.723929 | lrm: 1.00 | dt: 1467.03ms | tok/sec: 89,345 | mfu: 0.00 | epoch: 1 | total time: 15.10m
step 00628 (21.82%) | loss: 2.752146 | lrm: 1.00 | dt: 1469.90ms | tok/sec: 89,170 | mfu: 0.00 | epoch: 1 | total time: 15.12m
step 00629 (21.85%) | loss: 2.744031 | lrm: 1.00 | dt: 1464.23ms | tok/sec: 89,516 | mfu: 0.00 | epoch: 1 | total time: 15.15m
step 00630 (21.89%) | loss: 2.745481 | lrm: 1.00 | dt: 1464.44ms | tok/sec: 89,503 | mfu: 0.00 | epoch: 1 | total time: 15.17m
step 00631 (21.92%) | loss: 2.761627 | lrm: 1.00 | dt: 1465.01ms | tok/sec: 89,468 | mfu: 0.00 | epoch: 1 | total time: 15.20m
step 00632 (21.95%) | loss: 2.768688 | lrm: 1.00 | dt: 1465.60ms | tok/sec: 89,432 | mfu: 0.00 | epoch: 1 | total time: 15.22m
step 00633 (21.98%) | loss: 2.769436 | lrm: 1.00 | dt: 1464.50ms | tok/sec: 89,499 | mfu: 0.00 | epoch: 1 | total time: 15.25m
step 00634 (22.02%) | loss: 2.784176 | lrm: 1.00 | dt: 1465.87ms | tok/sec: 89,415 | mfu: 0.00 | epoch: 1 | total time: 15.27m
step 00635 (22.05%) | loss: 2.765801 | lrm: 1.00 | dt: 1464.12ms | tok/sec: 89,522 | mfu: 0.00 | epoch: 1 | total time: 15.30m
step 00636 (22.09%) | loss: 2.772169 | lrm: 1.00 | dt: 1465.09ms | tok/sec: 89,463 | mfu: 0.00 | epoch: 1 | total time: 15.32m
step 00637 (22.13%) | loss: 2.766684 | lrm: 1.00 | dt: 1466.15ms | tok/sec: 89,398 | mfu: 0.00 | epoch: 1 | total time: 15.34m
step 00638 (22.16%) | loss: 2.782755 | lrm: 1.00 | dt: 1464.81ms | tok/sec: 89,480 | mfu: 0.00 | epoch: 1 | total time: 15.37m
step 00639 (22.20%) | loss: 2.788031 | lrm: 1.00 | dt: 1466.88ms | tok/sec: 89,354 | mfu: 0.00 | epoch: 1 | total time: 15.39m
step 00640 (22.23%) | loss: 2.801361 | lrm: 1.00 | dt: 1465.26ms | tok/sec: 89,453 | mfu: 0.00 | epoch: 1 | total time: 15.42m
step 00641 (22.26%) | loss: 2.799988 | lrm: 1.00 | dt: 1465.17ms | tok/sec: 89,458 | mfu: 0.00 | epoch: 1 | total time: 15.44m
step 00642 (22.30%) | loss: 2.806246 | lrm: 1.00 | dt: 1464.73ms | tok/sec: 89,485 | mfu: 0.00 | epoch: 1 | total time: 15.47m
step 00643 (22.35%) | loss: 2.801037 | lrm: 1.00 | dt: 1466.11ms | tok/sec: 89,401 | mfu: 0.00 | epoch: 1 | total time: 15.49m
step 00644 (22.38%) | loss: 2.794980 | lrm: 1.00 | dt: 1464.70ms | tok/sec: 89,486 | mfu: 0.00 | epoch: 1 | total time: 15.52m
step 00645 (22.42%) | loss: 2.770624 | lrm: 1.00 | dt: 1466.61ms | tok/sec: 89,370 | mfu: 0.00 | epoch: 1 | total time: 15.54m
step 00646 (22.45%) | loss: 2.766065 | lrm: 1.00 | dt: 1632.42ms | tok/sec: 80,293 | mfu: 0.00 | epoch: 1 | total time: 15.57m
step 00647 (22.48%) | loss: 2.724647 | lrm: 1.00 | dt: 1709.72ms | tok/sec: 76,662 | mfu: 0.00 | epoch: 1 | total time: 15.60m
step 00648 (22.51%) | loss: 2.746575 | lrm: 1.00 | dt: 1959.04ms | tok/sec: 66,906 | mfu: 0.00 | epoch: 1 | total time: 15.63m
step 00649 (22.54%) | loss: 2.752741 | lrm: 1.00 | dt: 1947.93ms | tok/sec: 67,287 | mfu: 0.00 | epoch: 1 | total time: 15.66m
step 00650 (22.58%) | loss: 2.742994 | lrm: 1.00 | dt: 1701.67ms | tok/sec: 77,025 | mfu: 0.00 | epoch: 1 | total time: 15.69m
step 00651 (22.61%) | loss: 2.742893 | lrm: 1.00 | dt: 1558.21ms | tok/sec: 84,117 | mfu: 0.00 | epoch: 1 | total time: 15.71m
step 00652 (22.64%) | loss: 2.749931 | lrm: 1.00 | dt: 1479.88ms | tok/sec: 88,569 | mfu: 0.00 | epoch: 1 | total time: 15.74m
step 00653 (22.68%) | loss: 2.740404 | lrm: 1.00 | dt: 1480.28ms | tok/sec: 88,545 | mfu: 0.00 | epoch: 1 | total time: 15.76m
step 00654 (22.71%) | loss: 2.740026 | lrm: 1.00 | dt: 1476.16ms | tok/sec: 88,792 | mfu: 0.00 | epoch: 1 | total time: 15.79m
step 00655 (22.74%) | loss: 2.714990 | lrm: 1.00 | dt: 1479.88ms | tok/sec: 88,569 | mfu: 0.00 | epoch: 1 | total time: 15.81m
step 00656 (22.78%) | loss: 2.712522 | lrm: 1.00 | dt: 1474.90ms | tok/sec: 88,868 | mfu: 0.00 | epoch: 1 | total time: 15.84m
step 00657 (22.81%) | loss: 2.734912 | lrm: 1.00 | dt: 1482.72ms | tok/sec: 88,399 | mfu: 0.00 | epoch: 1 | total time: 15.86m
step 00658 (22.85%) | loss: 2.741317 | lrm: 1.00 | dt: 1477.08ms | tok/sec: 88,737 | mfu: 0.00 | epoch: 1 | total time: 15.89m
step 00659 (22.88%) | loss: 2.747655 | lrm: 1.00 | dt: 1479.26ms | tok/sec: 88,606 | mfu: 0.00 | epoch: 1 | total time: 15.91m
step 00660 (22.91%) | loss: 2.746993 | lrm: 1.00 | dt: 1480.84ms | tok/sec: 88,512 | mfu: 0.00 | epoch: 1 | total time: 15.94m
step 00661 (22.94%) | loss: 2.736524 | lrm: 1.00 | dt: 1483.37ms | tok/sec: 88,360 | mfu: 0.00 | epoch: 1 | total time: 15.96m
step 00662 (22.98%) | loss: 2.729731 | lrm: 1.00 | dt: 1470.20ms | tok/sec: 89,152 | mfu: 0.00 | epoch: 1 | total time: 15.99m
step 00663 (23.02%) | loss: 2.757534 | lrm: 1.00 | dt: 1475.92ms | tok/sec: 88,806 | mfu: 0.00 | epoch: 1 | total time: 16.01m
step 00664 (23.06%) | loss: 2.757795 | lrm: 1.00 | dt: 1477.74ms | tok/sec: 88,697 | mfu: 0.00 | epoch: 1 | total time: 16.04m
step 00665 (23.09%) | loss: 2.756502 | lrm: 1.00 | dt: 1473.11ms | tok/sec: 88,976 | mfu: 0.00 | epoch: 1 | total time: 16.06m
step 00666 (23.13%) | loss: 2.735132 | lrm: 1.00 | dt: 1483.73ms | tok/sec: 88,339 | mfu: 0.00 | epoch: 1 | total time: 16.08m
step 00667 (23.17%) | loss: 2.752445 | lrm: 1.00 | dt: 1471.70ms | tok/sec: 89,061 | mfu: 0.00 | epoch: 1 | total time: 16.11m
step 00668 (23.21%) | loss: 2.757152 | lrm: 1.00 | dt: 1485.18ms | tok/sec: 88,253 | mfu: 0.00 | epoch: 1 | total time: 16.13m
step 00669 (23.24%) | loss: 2.775295 | lrm: 1.00 | dt: 1471.38ms | tok/sec: 89,081 | mfu: 0.00 | epoch: 1 | total time: 16.16m
step 00670 (23.27%) | loss: 2.771575 | lrm: 1.00 | dt: 1479.20ms | tok/sec: 88,610 | mfu: 0.00 | epoch: 1 | total time: 16.18m
step 00671 (23.31%) | loss: 2.782160 | lrm: 1.00 | dt: 1473.65ms | tok/sec: 88,943 | mfu: 0.00 | epoch: 1 | total time: 16.21m
step 00672 (23.34%) | loss: 2.758542 | lrm: 1.00 | dt: 1478.69ms | tok/sec: 88,640 | mfu: 0.00 | epoch: 1 | total time: 16.23m
step 00673 (23.38%) | loss: 2.754144 | lrm: 1.00 | dt: 1470.92ms | tok/sec: 89,109 | mfu: 0.00 | epoch: 1 | total time: 16.26m
step 00674 (23.41%) | loss: 2.760559 | lrm: 1.00 | dt: 1471.79ms | tok/sec: 89,055 | mfu: 0.00 | epoch: 1 | total time: 16.28m
step 00675 (23.45%) | loss: 2.780245 | lrm: 1.00 | dt: 1470.01ms | tok/sec: 89,164 | mfu: 0.00 | epoch: 1 | total time: 16.31m
step 00676 (23.48%) | loss: 2.796362 | lrm: 1.00 | dt: 1520.95ms | tok/sec: 86,177 | mfu: 0.00 | epoch: 1 | total time: 16.33m
step 00677 (23.52%) | loss: 2.789688 | lrm: 1.00 | dt: 1693.78ms | tok/sec: 77,384 | mfu: 0.00 | epoch: 1 | total time: 16.36m
step 00678 (23.56%) | loss: 2.798662 | lrm: 1.00 | dt: 1554.56ms | tok/sec: 84,314 | mfu: 0.00 | epoch: 1 | total time: 16.39m
step 00679 (23.60%) | loss: 2.809297 | lrm: 1.00 | dt: 1470.68ms | tok/sec: 89,123 | mfu: 0.00 | epoch: 1 | total time: 16.41m
step 00680 (23.63%) | loss: 2.814189 | lrm: 1.00 | dt: 1477.10ms | tok/sec: 88,735 | mfu: 0.00 | epoch: 1 | total time: 16.43m
step 00681 (23.67%) | loss: 2.808446 | lrm: 1.00 | dt: 1467.37ms | tok/sec: 89,324 | mfu: 0.00 | epoch: 1 | total time: 16.46m
step 00682 (23.70%) | loss: 2.813222 | lrm: 1.00 | dt: 1483.43ms | tok/sec: 88,357 | mfu: 0.00 | epoch: 1 | total time: 16.48m
step 00683 (23.74%) | loss: 2.797532 | lrm: 1.00 | dt: 1468.74ms | tok/sec: 89,241 | mfu: 0.00 | epoch: 1 | total time: 16.51m
step 00684 (23.77%) | loss: 2.806224 | lrm: 1.00 | dt: 1476.01ms | tok/sec: 88,801 | mfu: 0.00 | epoch: 1 | total time: 16.53m
step 00685 (23.81%) | loss: 2.820732 | lrm: 1.00 | dt: 1471.90ms | tok/sec: 89,049 | mfu: 0.00 | epoch: 1 | total time: 16.56m
step 00686 (23.84%) | loss: 2.819815 | lrm: 1.00 | dt: 1479.12ms | tok/sec: 88,614 | mfu: 0.00 | epoch: 1 | total time: 16.58m
step 00687 (23.88%) | loss: 2.797214 | lrm: 1.00 | dt: 1474.22ms | tok/sec: 88,909 | mfu: 0.00 | epoch: 1 | total time: 16.61m
step 00688 (23.92%) | loss: 2.764224 | lrm: 1.00 | dt: 1479.67ms | tok/sec: 88,581 | mfu: 0.00 | epoch: 1 | total time: 16.63m
step 00689 (23.95%) | loss: 2.751658 | lrm: 1.00 | dt: 1470.21ms | tok/sec: 89,151 | mfu: 0.00 | epoch: 1 | total time: 16.66m
step 00690 (23.98%) | loss: 2.738294 | lrm: 1.00 | dt: 1482.08ms | tok/sec: 88,437 | mfu: 0.00 | epoch: 1 | total time: 16.68m
step 00691 (24.02%) | loss: 2.736972 | lrm: 1.00 | dt: 1472.06ms | tok/sec: 89,040 | mfu: 0.00 | epoch: 1 | total time: 16.70m
step 00692 (24.05%) | loss: 2.741167 | lrm: 1.00 | dt: 1477.86ms | tok/sec: 88,690 | mfu: 0.00 | epoch: 1 | total time: 16.73m
step 00693 (24.09%) | loss: 2.748182 | lrm: 1.00 | dt: 1474.28ms | tok/sec: 88,906 | mfu: 0.00 | epoch: 1 | total time: 16.75m
step 00694 (24.13%) | loss: 2.741844 | lrm: 1.00 | dt: 1477.82ms | tok/sec: 88,692 | mfu: 0.00 | epoch: 1 | total time: 16.78m
step 00695 (24.16%) | loss: 2.741247 | lrm: 1.00 | dt: 1472.67ms | tok/sec: 89,003 | mfu: 0.00 | epoch: 1 | total time: 16.80m
step 00696 (24.20%) | loss: 2.774774 | lrm: 1.00 | dt: 1480.54ms | tok/sec: 88,529 | mfu: 0.00 | epoch: 1 | total time: 16.83m
step 00697 (24.23%) | loss: 2.770001 | lrm: 1.00 | dt: 1577.90ms | tok/sec: 83,067 | mfu: 0.00 | epoch: 1 | total time: 16.85m
step 00698 (24.26%) | loss: 2.801870 | lrm: 1.00 | dt: 1740.91ms | tok/sec: 75,289 | mfu: 0.00 | epoch: 1 | total time: 16.88m
step 00699 (24.30%) | loss: 2.815032 | lrm: 1.00 | dt: 1467.98ms | tok/sec: 89,287 | mfu: 0.00 | epoch: 1 | total time: 16.91m
step 00700 (24.33%) | loss: 2.828889 | lrm: 1.00 | dt: 1483.51ms | tok/sec: 88,352 | mfu: 0.00 | epoch: 1 | total time: 16.93m
Step 00700 | Validation bpb: 0.8674
step 00701 (24.37%) | loss: 2.778737 | lrm: 1.00 | dt: 1603.67ms | tok/sec: 81,732 | mfu: 0.00 | epoch: 1 | total time: 16.96m
step 00702 (24.41%) | loss: 2.761451 | lrm: 1.00 | dt: 1470.87ms | tok/sec: 89,111 | mfu: 0.00 | epoch: 1 | total time: 16.98m
step 00703 (24.45%) | loss: 2.757173 | lrm: 1.00 | dt: 1479.61ms | tok/sec: 88,585 | mfu: 0.00 | epoch: 1 | total time: 17.01m
step 00704 (24.49%) | loss: 2.767690 | lrm: 1.00 | dt: 1470.22ms | tok/sec: 89,151 | mfu: 0.00 | epoch: 1 | total time: 17.03m
step 00705 (24.52%) | loss: 2.767213 | lrm: 1.00 | dt: 1484.22ms | tok/sec: 88,310 | mfu: 0.00 | epoch: 1 | total time: 17.06m
step 00706 (24.55%) | loss: 2.769807 | lrm: 1.00 | dt: 1472.55ms | tok/sec: 89,009 | mfu: 0.00 | epoch: 1 | total time: 17.08m
step 00707 (24.58%) | loss: 2.758408 | lrm: 1.00 | dt: 1479.60ms | tok/sec: 88,586 | mfu: 0.00 | epoch: 1 | total time: 17.11m
step 00708 (24.61%) | loss: 2.744056 | lrm: 1.00 | dt: 1472.11ms | tok/sec: 89,036 | mfu: 0.00 | epoch: 1 | total time: 17.13m
step 00709 (24.65%) | loss: 2.757316 | lrm: 1.00 | dt: 1476.11ms | tok/sec: 88,795 | mfu: 0.00 | epoch: 1 | total time: 17.16m
step 00710 (24.69%) | loss: 2.764840 | lrm: 1.00 | dt: 1468.23ms | tok/sec: 89,272 | mfu: 0.00 | epoch: 1 | total time: 17.18m
step 00711 (24.72%) | loss: 2.768989 | lrm: 1.00 | dt: 1479.87ms | tok/sec: 88,569 | mfu: 0.00 | epoch: 1 | total time: 17.20m
step 00712 (24.76%) | loss: 2.770632 | lrm: 1.00 | dt: 1471.79ms | tok/sec: 89,056 | mfu: 0.00 | epoch: 1 | total time: 17.23m
step 00713 (24.79%) | loss: 2.763323 | lrm: 1.00 | dt: 1478.84ms | tok/sec: 88,631 | mfu: 0.00 | epoch: 1 | total time: 17.25m
step 00714 (24.83%) | loss: 2.789520 | lrm: 1.00 | dt: 1477.15ms | tok/sec: 88,732 | mfu: 0.00 | epoch: 1 | total time: 17.28m
step 00715 (24.86%) | loss: 2.777680 | lrm: 1.00 | dt: 1474.30ms | tok/sec: 88,904 | mfu: 0.00 | epoch: 1 | total time: 17.30m
step 00716 (24.89%) | loss: 2.774031 | lrm: 1.00 | dt: 1474.56ms | tok/sec: 88,889 | mfu: 0.00 | epoch: 1 | total time: 17.33m
step 00717 (24.92%) | loss: 2.779277 | lrm: 1.00 | dt: 1474.76ms | tok/sec: 88,877 | mfu: 0.00 | epoch: 1 | total time: 17.35m
step 00718 (24.96%) | loss: 2.777332 | lrm: 1.00 | dt: 1482.18ms | tok/sec: 88,432 | mfu: 0.00 | epoch: 1 | total time: 17.38m
step 00719 (25.00%) | loss: 2.775894 | lrm: 1.00 | dt: 1472.97ms | tok/sec: 88,984 | mfu: 0.00 | epoch: 1 | total time: 17.40m
step 00720 (25.04%) | loss: 2.770352 | lrm: 1.00 | dt: 1477.58ms | tok/sec: 88,707 | mfu: 0.00 | epoch: 1 | total time: 17.43m
step 00721 (25.07%) | loss: 2.780221 | lrm: 1.00 | dt: 1471.22ms | tok/sec: 89,090 | mfu: 0.00 | epoch: 1 | total time: 17.45m
step 00722 (25.11%) | loss: 2.793476 | lrm: 1.00 | dt: 1481.77ms | tok/sec: 88,456 | mfu: 0.00 | epoch: 1 | total time: 17.48m
step 00723 (25.14%) | loss: 2.772942 | lrm: 1.00 | dt: 1469.02ms | tok/sec: 89,224 | mfu: 0.00 | epoch: 1 | total time: 17.50m
step 00724 (25.17%) | loss: 2.747376 | lrm: 1.00 | dt: 1478.91ms | tok/sec: 88,627 | mfu: 0.00 | epoch: 1 | total time: 17.52m
step 00725 (25.20%) | loss: 2.729387 | lrm: 1.00 | dt: 1469.54ms | tok/sec: 89,192 | mfu: 0.00 | epoch: 1 | total time: 17.55m
step 00726 (25.24%) | loss: 2.727832 | lrm: 1.00 | dt: 1480.74ms | tok/sec: 88,518 | mfu: 0.00 | epoch: 1 | total time: 17.57m
step 00727 (25.28%) | loss: 2.741612 | lrm: 1.00 | dt: 1472.12ms | tok/sec: 89,036 | mfu: 0.00 | epoch: 1 | total time: 17.60m
step 00728 (25.31%) | loss: 2.767221 | lrm: 1.00 | dt: 1477.00ms | tok/sec: 88,742 | mfu: 0.00 | epoch: 1 | total time: 17.62m
step 00729 (25.34%) | loss: 2.777937 | lrm: 1.00 | dt: 1469.69ms | tok/sec: 89,183 | mfu: 0.00 | epoch: 1 | total time: 17.65m
step 00730 (25.38%) | loss: 2.787301 | lrm: 1.00 | dt: 1478.92ms | tok/sec: 88,626 | mfu: 0.00 | epoch: 1 | total time: 17.67m
step 00731 (25.41%) | loss: 2.775331 | lrm: 1.00 | dt: 1472.07ms | tok/sec: 89,039 | mfu: 0.00 | epoch: 1 | total time: 17.70m
step 00732 (25.44%) | loss: 2.755976 | lrm: 1.00 | dt: 1476.90ms | tok/sec: 88,748 | mfu: 0.00 | epoch: 1 | total time: 17.72m
step 00733 (25.47%) | loss: 2.746686 | lrm: 1.00 | dt: 1471.49ms | tok/sec: 89,074 | mfu: 0.00 | epoch: 1 | total time: 17.75m
step 00734 (25.51%) | loss: 2.738003 | lrm: 1.00 | dt: 1476.66ms | tok/sec: 88,762 | mfu: 0.00 | epoch: 1 | total time: 17.77m
step 00735 (25.54%) | loss: 2.725129 | lrm: 1.00 | dt: 1475.86ms | tok/sec: 88,810 | mfu: 0.00 | epoch: 1 | total time: 17.79m
step 00736 (25.58%) | loss: 2.714030 | lrm: 1.00 | dt: 1474.79ms | tok/sec: 88,875 | mfu: 0.00 | epoch: 1 | total time: 17.82m
step 00737 (25.61%) | loss: 2.718597 | lrm: 1.00 | dt: 1474.99ms | tok/sec: 88,862 | mfu: 0.00 | epoch: 1 | total time: 17.84m
step 00738 (25.64%) | loss: 2.774130 | lrm: 1.00 | dt: 1476.97ms | tok/sec: 88,744 | mfu: 0.00 | epoch: 1 | total time: 17.87m
step 00739 (25.67%) | loss: 2.762414 | lrm: 1.00 | dt: 1472.41ms | tok/sec: 89,018 | mfu: 0.00 | epoch: 1 | total time: 17.89m
step 00740 (25.71%) | loss: 2.737373 | lrm: 1.00 | dt: 1473.22ms | tok/sec: 88,969 | mfu: 0.00 | epoch: 1 | total time: 17.92m
step 00741 (25.75%) | loss: 2.743153 | lrm: 1.00 | dt: 1478.36ms | tok/sec: 88,660 | mfu: 0.00 | epoch: 1 | total time: 17.94m
step 00742 (25.79%) | loss: 2.709347 | lrm: 1.00 | dt: 1471.89ms | tok/sec: 89,049 | mfu: 0.00 | epoch: 1 | total time: 17.97m
step 00743 (25.83%) | loss: 2.701536 | lrm: 1.00 | dt: 1482.61ms | tok/sec: 88,406 | mfu: 0.00 | epoch: 1 | total time: 17.99m
step 00744 (25.86%) | loss: 2.712647 | lrm: 1.00 | dt: 1471.08ms | tok/sec: 89,098 | mfu: 0.00 | epoch: 1 | total time: 18.02m
step 00745 (25.90%) | loss: 2.683907 | lrm: 1.00 | dt: 1477.47ms | tok/sec: 88,713 | mfu: 0.00 | epoch: 1 | total time: 18.04m
step 00746 (25.93%) | loss: 2.709099 | lrm: 1.00 | dt: 1471.61ms | tok/sec: 89,067 | mfu: 0.00 | epoch: 1 | total time: 18.07m
step 00747 (25.96%) | loss: 2.721273 | lrm: 1.00 | dt: 1480.89ms | tok/sec: 88,508 | mfu: 0.00 | epoch: 1 | total time: 18.09m
step 00748 (26.00%) | loss: 2.728677 | lrm: 1.00 | dt: 1471.34ms | tok/sec: 89,083 | mfu: 0.00 | epoch: 1 | total time: 18.11m
step 00749 (26.04%) | loss: 2.729715 | lrm: 1.00 | dt: 1478.64ms | tok/sec: 88,643 | mfu: 0.00 | epoch: 1 | total time: 18.14m
step 00750 (26.07%) | loss: 2.750377 | lrm: 1.00 | dt: 1471.82ms | tok/sec: 89,054 | mfu: 0.00 | epoch: 1 | total time: 18.16m
step 00751 (26.11%) | loss: 2.756047 | lrm: 1.00 | dt: 1478.54ms | tok/sec: 88,649 | mfu: 0.00 | epoch: 1 | total time: 18.19m
step 00752 (26.15%) | loss: 2.739962 | lrm: 1.00 | dt: 1472.05ms | tok/sec: 89,040 | mfu: 0.00 | epoch: 1 | total time: 18.21m
step 00753 (26.19%) | loss: 2.754442 | lrm: 1.00 | dt: 1476.97ms | tok/sec: 88,743 | mfu: 0.00 | epoch: 1 | total time: 18.24m
step 00754 (26.22%) | loss: 2.768385 | lrm: 1.00 | dt: 1473.90ms | tok/sec: 88,928 | mfu: 0.00 | epoch: 1 | total time: 18.26m
step 00755 (26.26%) | loss: 2.770962 | lrm: 1.00 | dt: 1476.91ms | tok/sec: 88,747 | mfu: 0.00 | epoch: 1 | total time: 18.29m
step 00756 (26.29%) | loss: 2.762916 | lrm: 1.00 | dt: 1478.25ms | tok/sec: 88,666 | mfu: 0.00 | epoch: 1 | total time: 18.31m
step 00757 (26.32%) | loss: 2.774965 | lrm: 1.00 | dt: 1475.69ms | tok/sec: 88,820 | mfu: 0.00 | epoch: 1 | total time: 18.34m
step 00758 (26.36%) | loss: 2.771806 | lrm: 1.00 | dt: 1477.92ms | tok/sec: 88,687 | mfu: 0.00 | epoch: 1 | total time: 18.36m
step 00759 (26.39%) | loss: 2.769258 | lrm: 1.00 | dt: 1475.93ms | tok/sec: 88,806 | mfu: 0.00 | epoch: 1 | total time: 18.39m
step 00760 (26.43%) | loss: 2.763592 | lrm: 1.00 | dt: 1475.26ms | tok/sec: 88,846 | mfu: 0.00 | epoch: 1 | total time: 18.41m
step 00761 (26.47%) | loss: 2.745941 | lrm: 1.00 | dt: 1475.47ms | tok/sec: 88,834 | mfu: 0.00 | epoch: 1 | total time: 18.43m
step 00762 (26.50%) | loss: 2.719129 | lrm: 1.00 | dt: 1472.65ms | tok/sec: 89,004 | mfu: 0.00 | epoch: 1 | total time: 18.46m
step 00763 (26.53%) | loss: 2.716163 | lrm: 1.00 | dt: 1474.82ms | tok/sec: 88,873 | mfu: 0.00 | epoch: 1 | total time: 18.48m
step 00764 (26.57%) | loss: 2.713843 | lrm: 1.00 | dt: 1474.54ms | tok/sec: 88,890 | mfu: 0.00 | epoch: 1 | total time: 18.51m
step 00765 (26.60%) | loss: 2.720979 | lrm: 1.00 | dt: 1472.21ms | tok/sec: 89,030 | mfu: 0.00 | epoch: 1 | total time: 18.53m
step 00766 (26.63%) | loss: 2.717930 | lrm: 1.00 | dt: 1481.93ms | tok/sec: 88,446 | mfu: 0.00 | epoch: 1 | total time: 18.56m
step 00767 (26.67%) | loss: 2.741674 | lrm: 1.00 | dt: 1472.89ms | tok/sec: 88,989 | mfu: 0.00 | epoch: 1 | total time: 18.58m
step 00768 (26.71%) | loss: 2.740560 | lrm: 1.00 | dt: 1478.54ms | tok/sec: 88,649 | mfu: 0.00 | epoch: 1 | total time: 18.61m
step 00769 (26.74%) | loss: 2.741122 | lrm: 1.00 | dt: 1470.70ms | tok/sec: 89,122 | mfu: 0.00 | epoch: 1 | total time: 18.63m
step 00770 (26.78%) | loss: 2.739335 | lrm: 1.00 | dt: 1482.19ms | tok/sec: 88,431 | mfu: 0.00 | epoch: 1 | total time: 18.66m
step 00771 (26.82%) | loss: 2.734583 | lrm: 1.00 | dt: 1470.73ms | tok/sec: 89,120 | mfu: 0.00 | epoch: 1 | total time: 18.68m
step 00772 (26.85%) | loss: 2.748095 | lrm: 1.00 | dt: 1480.68ms | tok/sec: 88,521 | mfu: 0.00 | epoch: 1 | total time: 18.70m
step 00773 (26.88%) | loss: 2.742198 | lrm: 1.00 | dt: 1469.99ms | tok/sec: 89,165 | mfu: 0.00 | epoch: 1 | total time: 18.73m
step 00774 (26.92%) | loss: 2.744153 | lrm: 1.00 | dt: 1477.09ms | tok/sec: 88,736 | mfu: 0.00 | epoch: 1 | total time: 18.75m
step 00775 (26.95%) | loss: 2.752267 | lrm: 1.00 | dt: 1468.84ms | tok/sec: 89,235 | mfu: 0.00 | epoch: 1 | total time: 18.78m
step 00776 (26.99%) | loss: 2.742890 | lrm: 1.00 | dt: 1473.19ms | tok/sec: 88,971 | mfu: 0.00 | epoch: 1 | total time: 18.80m
step 00777 (27.03%) | loss: 2.748737 | lrm: 1.00 | dt: 1476.28ms | tok/sec: 88,785 | mfu: 0.00 | epoch: 1 | total time: 18.83m
step 00778 (27.06%) | loss: 2.734684 | lrm: 1.00 | dt: 1476.51ms | tok/sec: 88,771 | mfu: 0.00 | epoch: 1 | total time: 18.85m
step 00779 (27.09%) | loss: 2.742543 | lrm: 1.00 | dt: 1475.27ms | tok/sec: 88,846 | mfu: 0.00 | epoch: 1 | total time: 18.88m
step 00780 (27.12%) | loss: 2.743043 | lrm: 1.00 | dt: 1473.87ms | tok/sec: 88,930 | mfu: 0.00 | epoch: 1 | total time: 18.90m
step 00781 (27.15%) | loss: 2.716156 | lrm: 1.00 | dt: 1475.44ms | tok/sec: 88,835 | mfu: 0.00 | epoch: 1 | total time: 18.93m
step 00782 (27.19%) | loss: 2.751538 | lrm: 1.00 | dt: 1477.02ms | tok/sec: 88,740 | mfu: 0.00 | epoch: 1 | total time: 18.95m
step 00783 (27.23%) | loss: 2.743583 | lrm: 1.00 | dt: 1475.14ms | tok/sec: 88,853 | mfu: 0.00 | epoch: 1 | total time: 18.98m
step 00784 (27.26%) | loss: 2.772097 | lrm: 1.00 | dt: 1477.74ms | tok/sec: 88,697 | mfu: 0.00 | epoch: 1 | total time: 19.00m
step 00785 (27.30%) | loss: 2.750974 | lrm: 1.00 | dt: 1473.41ms | tok/sec: 88,958 | mfu: 0.00 | epoch: 1 | total time: 19.02m
step 00786 (27.34%) | loss: 2.763323 | lrm: 1.00 | dt: 1476.64ms | tok/sec: 88,763 | mfu: 0.00 | epoch: 1 | total time: 19.05m
step 00787 (27.38%) | loss: 2.763525 | lrm: 1.00 | dt: 1475.32ms | tok/sec: 88,842 | mfu: 0.00 | epoch: 1 | total time: 19.07m
step 00788 (27.41%) | loss: 2.765140 | lrm: 1.00 | dt: 1472.08ms | tok/sec: 89,038 | mfu: 0.00 | epoch: 1 | total time: 19.10m
step 00789 (27.44%) | loss: 2.753562 | lrm: 1.00 | dt: 1478.58ms | tok/sec: 88,647 | mfu: 0.00 | epoch: 1 | total time: 19.12m
step 00790 (27.48%) | loss: 2.755874 | lrm: 1.00 | dt: 1472.38ms | tok/sec: 89,020 | mfu: 0.00 | epoch: 1 | total time: 19.15m
step 00791 (27.52%) | loss: 2.750973 | lrm: 1.00 | dt: 1479.61ms | tok/sec: 88,585 | mfu: 0.00 | epoch: 1 | total time: 19.17m
step 00792 (27.56%) | loss: 2.721798 | lrm: 1.00 | dt: 1470.29ms | tok/sec: 89,147 | mfu: 0.00 | epoch: 1 | total time: 19.20m
step 00793 (27.59%) | loss: 2.680146 | lrm: 1.00 | dt: 1477.87ms | tok/sec: 88,689 | mfu: 0.00 | epoch: 1 | total time: 19.22m
step 00794 (27.62%) | loss: 2.674722 | lrm: 1.00 | dt: 1470.75ms | tok/sec: 89,118 | mfu: 0.00 | epoch: 1 | total time: 19.25m
step 00795 (27.66%) | loss: 2.681808 | lrm: 1.00 | dt: 1478.97ms | tok/sec: 88,623 | mfu: 0.00 | epoch: 1 | total time: 19.27m
step 00796 (27.70%) | loss: 2.675194 | lrm: 1.00 | dt: 1475.36ms | tok/sec: 88,840 | mfu: 0.00 | epoch: 1 | total time: 19.29m
step 00797 (27.74%) | loss: 2.671270 | lrm: 1.00 | dt: 1475.54ms | tok/sec: 88,830 | mfu: 0.00 | epoch: 1 | total time: 19.32m
step 00798 (27.77%) | loss: 2.675037 | lrm: 1.00 | dt: 1473.36ms | tok/sec: 88,961 | mfu: 0.00 | epoch: 1 | total time: 19.34m
step 00799 (27.81%) | loss: 2.682849 | lrm: 1.00 | dt: 1475.88ms | tok/sec: 88,809 | mfu: 0.00 | epoch: 1 | total time: 19.37m
step 00800 (27.85%) | loss: 2.682081 | lrm: 1.00 | dt: 1472.99ms | tok/sec: 88,983 | mfu: 0.00 | epoch: 1 | total time: 19.39m
Step 00800 | Validation bpb: 0.8585
step 00801 (27.89%) | loss: 2.687373 | lrm: 1.00 | dt: 1539.20ms | tok/sec: 85,155 | mfu: 0.00 | epoch: 1 | total time: 19.42m
step 00802 (27.93%) | loss: 2.703311 | lrm: 1.00 | dt: 1478.23ms | tok/sec: 88,668 | mfu: 0.00 | epoch: 1 | total time: 19.44m
step 00803 (27.97%) | loss: 2.706702 | lrm: 1.00 | dt: 1477.52ms | tok/sec: 88,710 | mfu: 0.00 | epoch: 1 | total time: 19.47m
step 00804 (28.00%) | loss: 2.713893 | lrm: 1.00 | dt: 1478.87ms | tok/sec: 88,629 | mfu: 0.00 | epoch: 1 | total time: 19.49m
step 00805 (28.04%) | loss: 2.715155 | lrm: 1.00 | dt: 1477.50ms | tok/sec: 88,712 | mfu: 0.00 | epoch: 1 | total time: 19.52m
step 00806 (28.07%) | loss: 2.745590 | lrm: 1.00 | dt: 1472.89ms | tok/sec: 88,989 | mfu: 0.00 | epoch: 1 | total time: 19.54m
step 00807 (28.11%) | loss: 2.732638 | lrm: 1.00 | dt: 1477.90ms | tok/sec: 88,688 | mfu: 0.00 | epoch: 1 | total time: 19.57m
step 00808 (28.14%) | loss: 2.721859 | lrm: 1.00 | dt: 1472.59ms | tok/sec: 89,007 | mfu: 0.00 | epoch: 1 | total time: 19.59m
step 00809 (28.18%) | loss: 2.730961 | lrm: 1.00 | dt: 1486.64ms | tok/sec: 88,166 | mfu: 0.00 | epoch: 1 | total time: 19.62m
step 00810 (28.21%) | loss: 2.736569 | lrm: 1.00 | dt: 1469.24ms | tok/sec: 89,210 | mfu: 0.00 | epoch: 1 | total time: 19.64m
step 00811 (28.24%) | loss: 2.753690 | lrm: 1.00 | dt: 1475.43ms | tok/sec: 88,836 | mfu: 0.00 | epoch: 1 | total time: 19.66m
step 00812 (28.27%) | loss: 2.743664 | lrm: 1.00 | dt: 1470.19ms | tok/sec: 89,153 | mfu: 0.00 | epoch: 1 | total time: 19.69m
step 00813 (28.31%) | loss: 2.744573 | lrm: 1.00 | dt: 1474.49ms | tok/sec: 88,893 | mfu: 0.00 | epoch: 1 | total time: 19.71m
step 00814 (28.35%) | loss: 2.734003 | lrm: 1.00 | dt: 1473.49ms | tok/sec: 88,953 | mfu: 0.00 | epoch: 1 | total time: 19.74m
step 00815 (28.38%) | loss: 2.713755 | lrm: 1.00 | dt: 1471.74ms | tok/sec: 89,058 | mfu: 0.00 | epoch: 1 | total time: 19.76m
step 00816 (28.41%) | loss: 2.717640 | lrm: 1.00 | dt: 1475.51ms | tok/sec: 88,831 | mfu: 0.00 | epoch: 1 | total time: 19.79m
step 00817 (28.45%) | loss: 2.703892 | lrm: 1.00 | dt: 1472.07ms | tok/sec: 89,039 | mfu: 0.00 | epoch: 1 | total time: 19.81m
step 00818 (28.48%) | loss: 2.714185 | lrm: 1.00 | dt: 1473.71ms | tok/sec: 88,939 | mfu: 0.00 | epoch: 1 | total time: 19.84m
step 00819 (28.51%) | loss: 2.703662 | lrm: 1.00 | dt: 1472.84ms | tok/sec: 88,992 | mfu: 0.00 | epoch: 1 | total time: 19.86m
step 00820 (28.54%) | loss: 2.699360 | lrm: 1.00 | dt: 1475.70ms | tok/sec: 88,819 | mfu: 0.00 | epoch: 1 | total time: 19.89m
step 00821 (28.58%) | loss: 2.709169 | lrm: 1.00 | dt: 1470.19ms | tok/sec: 89,153 | mfu: 0.00 | epoch: 1 | total time: 19.91m
step 00822 (28.62%) | loss: 2.707456 | lrm: 1.00 | dt: 1479.43ms | tok/sec: 88,596 | mfu: 0.00 | epoch: 1 | total time: 19.94m
step 00823 (28.65%) | loss: 2.719639 | lrm: 1.00 | dt: 1474.02ms | tok/sec: 88,921 | mfu: 0.00 | epoch: 1 | total time: 19.96m
step 00824 (28.68%) | loss: 2.713564 | lrm: 1.00 | dt: 1472.96ms | tok/sec: 88,985 | mfu: 0.00 | epoch: 1 | total time: 19.98m
step 00825 (28.71%) | loss: 2.732753 | lrm: 1.00 | dt: 1474.10ms | tok/sec: 88,916 | mfu: 0.00 | epoch: 1 | total time: 20.01m
step 00826 (28.74%) | loss: 2.732831 | lrm: 1.00 | dt: 1474.00ms | tok/sec: 88,922 | mfu: 0.00 | epoch: 1 | total time: 20.03m
step 00827 (28.78%) | loss: 2.712060 | lrm: 1.00 | dt: 1479.07ms | tok/sec: 88,617 | mfu: 0.00 | epoch: 1 | total time: 20.06m
step 00828 (28.82%) | loss: 2.692292 | lrm: 1.00 | dt: 1473.31ms | tok/sec: 88,964 | mfu: 0.00 | epoch: 1 | total time: 20.08m
step 00829 (28.85%) | loss: 2.679190 | lrm: 1.00 | dt: 1472.35ms | tok/sec: 89,022 | mfu: 0.00 | epoch: 1 | total time: 20.11m
step 00830 (28.88%) | loss: 2.673191 | lrm: 1.00 | dt: 1481.59ms | tok/sec: 88,467 | mfu: 0.00 | epoch: 1 | total time: 20.13m
step 00831 (28.92%) | loss: 2.667838 | lrm: 1.00 | dt: 1470.91ms | tok/sec: 89,109 | mfu: 0.00 | epoch: 1 | total time: 20.16m
step 00832 (28.95%) | loss: 2.690796 | lrm: 1.00 | dt: 1482.56ms | tok/sec: 88,409 | mfu: 0.00 | epoch: 1 | total time: 20.18m
step 00833 (28.99%) | loss: 2.692359 | lrm: 1.00 | dt: 1470.72ms | tok/sec: 89,120 | mfu: 0.00 | epoch: 1 | total time: 20.21m
step 00834 (29.03%) | loss: 2.682533 | lrm: 1.00 | dt: 1477.02ms | tok/sec: 88,741 | mfu: 0.00 | epoch: 1 | total time: 20.23m
step 00835 (29.06%) | loss: 2.678100 | lrm: 1.00 | dt: 1472.76ms | tok/sec: 88,997 | mfu: 0.00 | epoch: 1 | total time: 20.25m
step 00836 (29.09%) | loss: 2.683591 | lrm: 1.00 | dt: 1472.64ms | tok/sec: 89,004 | mfu: 0.00 | epoch: 1 | total time: 20.28m
step 00837 (29.13%) | loss: 2.676581 | lrm: 1.00 | dt: 1474.17ms | tok/sec: 88,912 | mfu: 0.00 | epoch: 1 | total time: 20.30m
step 00838 (29.16%) | loss: 2.667506 | lrm: 1.00 | dt: 1474.17ms | tok/sec: 88,912 | mfu: 0.00 | epoch: 1 | total time: 20.33m
step 00839 (29.21%) | loss: 2.696134 | lrm: 1.00 | dt: 1475.48ms | tok/sec: 88,833 | mfu: 0.00 | epoch: 1 | total time: 20.35m
step 00840 (29.25%) | loss: 2.708402 | lrm: 1.00 | dt: 1473.01ms | tok/sec: 88,982 | mfu: 0.00 | epoch: 1 | total time: 20.38m
step 00841 (29.28%) | loss: 2.729565 | lrm: 1.00 | dt: 1479.11ms | tok/sec: 88,615 | mfu: 0.00 | epoch: 1 | total time: 20.40m
step 00842 (29.32%) | loss: 2.710097 | lrm: 1.00 | dt: 1477.98ms | tok/sec: 88,683 | mfu: 0.00 | epoch: 1 | total time: 20.43m
step 00843 (29.36%) | loss: 2.730664 | lrm: 1.00 | dt: 1474.72ms | tok/sec: 88,879 | mfu: 0.00 | epoch: 1 | total time: 20.45m
step 00844 (29.39%) | loss: 2.715297 | lrm: 1.00 | dt: 1472.49ms | tok/sec: 89,014 | mfu: 0.00 | epoch: 1 | total time: 20.48m
step 00845 (29.43%) | loss: 2.721512 | lrm: 1.00 | dt: 1476.71ms | tok/sec: 88,759 | mfu: 0.00 | epoch: 1 | total time: 20.50m
step 00846 (29.46%) | loss: 2.725766 | lrm: 1.00 | dt: 1474.02ms | tok/sec: 88,921 | mfu: 0.00 | epoch: 1 | total time: 20.53m
step 00847 (29.49%) | loss: 2.725864 | lrm: 1.00 | dt: 1475.29ms | tok/sec: 88,844 | mfu: 0.00 | epoch: 1 | total time: 20.55m
step 00848 (29.53%) | loss: 2.713011 | lrm: 1.00 | dt: 1474.08ms | tok/sec: 88,917 | mfu: 0.00 | epoch: 1 | total time: 20.57m
step 00849 (29.56%) | loss: 2.706861 | lrm: 1.00 | dt: 1472.19ms | tok/sec: 89,032 | mfu: 0.00 | epoch: 1 | total time: 20.60m
step 00850 (29.59%) | loss: 2.719914 | lrm: 1.00 | dt: 1472.23ms | tok/sec: 89,029 | mfu: 0.00 | epoch: 1 | total time: 20.62m
step 00851 (29.63%) | loss: 2.732365 | lrm: 1.00 | dt: 1471.53ms | tok/sec: 89,071 | mfu: 0.00 | epoch: 1 | total time: 20.65m
step 00852 (29.66%) | loss: 2.741533 | lrm: 1.00 | dt: 1472.27ms | tok/sec: 89,027 | mfu: 0.00 | epoch: 1 | total time: 20.67m
step 00853 (29.69%) | loss: 2.744747 | lrm: 1.00 | dt: 1474.66ms | tok/sec: 88,882 | mfu: 0.00 | epoch: 1 | total time: 20.70m
step 00854 (29.73%) | loss: 2.752089 | lrm: 1.00 | dt: 1475.33ms | tok/sec: 88,842 | mfu: 0.00 | epoch: 1 | total time: 20.72m
step 00855 (29.76%) | loss: 2.749668 | lrm: 1.00 | dt: 1476.46ms | tok/sec: 88,774 | mfu: 0.00 | epoch: 1 | total time: 20.75m
step 00856 (29.80%) | loss: 2.746050 | lrm: 1.00 | dt: 1474.67ms | tok/sec: 88,882 | mfu: 0.00 | epoch: 1 | total time: 20.77m
step 00857 (29.83%) | loss: 2.740865 | lrm: 1.00 | dt: 1473.86ms | tok/sec: 88,931 | mfu: 0.00 | epoch: 1 | total time: 20.80m
step 00858 (29.87%) | loss: 2.751602 | lrm: 1.00 | dt: 1472.71ms | tok/sec: 89,000 | mfu: 0.00 | epoch: 1 | total time: 20.82m
step 00859 (29.90%) | loss: 2.780363 | lrm: 1.00 | dt: 1481.89ms | tok/sec: 88,449 | mfu: 0.00 | epoch: 1 | total time: 20.84m
step 00860 (29.93%) | loss: 2.764268 | lrm: 1.00 | dt: 1474.93ms | tok/sec: 88,866 | mfu: 0.00 | epoch: 1 | total time: 20.87m
step 00861 (29.97%) | loss: 2.736085 | lrm: 1.00 | dt: 1476.76ms | tok/sec: 88,756 | mfu: 0.00 | epoch: 1 | total time: 20.89m
step 00862 (30.01%) | loss: 2.719254 | lrm: 1.00 | dt: 1474.93ms | tok/sec: 88,866 | mfu: 0.00 | epoch: 1 | total time: 20.92m
step 00863 (30.04%) | loss: 2.748361 | lrm: 1.00 | dt: 1471.30ms | tok/sec: 89,085 | mfu: 0.00 | epoch: 1 | total time: 20.94m
step 00864 (30.08%) | loss: 2.718208 | lrm: 1.00 | dt: 1476.93ms | tok/sec: 88,746 | mfu: 0.00 | epoch: 1 | total time: 20.97m
step 00865 (30.11%) | loss: 2.714269 | lrm: 1.00 | dt: 1472.93ms | tok/sec: 88,987 | mfu: 0.00 | epoch: 1 | total time: 20.99m
step 00866 (30.14%) | loss: 2.725100 | lrm: 1.00 | dt: 1476.35ms | tok/sec: 88,781 | mfu: 0.00 | epoch: 1 | total time: 21.02m
step 00867 (30.17%) | loss: 2.715288 | lrm: 1.00 | dt: 1474.64ms | tok/sec: 88,884 | mfu: 0.00 | epoch: 1 | total time: 21.04m
step 00868 (30.20%) | loss: 2.743594 | lrm: 1.00 | dt: 1472.88ms | tok/sec: 88,990 | mfu: 0.00 | epoch: 1 | total time: 21.07m
step 00869 (30.23%) | loss: 2.739835 | lrm: 1.00 | dt: 1475.27ms | tok/sec: 88,845 | mfu: 0.00 | epoch: 1 | total time: 21.09m
step 00870 (30.26%) | loss: 2.752667 | lrm: 1.00 | dt: 1478.28ms | tok/sec: 88,665 | mfu: 0.00 | epoch: 1 | total time: 21.11m
step 00871 (30.30%) | loss: 2.736962 | lrm: 1.00 | dt: 1478.98ms | tok/sec: 88,623 | mfu: 0.00 | epoch: 1 | total time: 21.14m
step 00872 (30.34%) | loss: 2.712988 | lrm: 1.00 | dt: 1475.35ms | tok/sec: 88,841 | mfu: 0.00 | epoch: 1 | total time: 21.16m
step 00873 (30.37%) | loss: 2.705387 | lrm: 1.00 | dt: 1510.30ms | tok/sec: 86,785 | mfu: 0.00 | epoch: 1 | total time: 21.19m
step 00874 (30.41%) | loss: 2.708171 | lrm: 1.00 | dt: 1567.65ms | tok/sec: 83,610 | mfu: 0.00 | epoch: 1 | total time: 21.22m
step 00875 (30.44%) | loss: 2.711854 | lrm: 1.00 | dt: 1465.94ms | tok/sec: 89,411 | mfu: 0.00 | epoch: 1 | total time: 21.24m
step 00876 (30.47%) | loss: 2.692985 | lrm: 1.00 | dt: 1465.77ms | tok/sec: 89,421 | mfu: 0.00 | epoch: 1 | total time: 21.26m
step 00877 (30.50%) | loss: 2.699539 | lrm: 1.00 | dt: 1465.07ms | tok/sec: 89,464 | mfu: 0.00 | epoch: 1 | total time: 21.29m
step 00878 (30.54%) | loss: 2.698321 | lrm: 1.00 | dt: 1465.49ms | tok/sec: 89,439 | mfu: 0.00 | epoch: 1 | total time: 21.31m
step 00879 (30.57%) | loss: 2.680703 | lrm: 1.00 | dt: 1466.00ms | tok/sec: 89,408 | mfu: 0.00 | epoch: 1 | total time: 21.34m
step 00880 (30.61%) | loss: 2.686869 | lrm: 1.00 | dt: 1465.97ms | tok/sec: 89,410 | mfu: 0.00 | epoch: 1 | total time: 21.36m
step 00881 (30.64%) | loss: 2.712474 | lrm: 1.00 | dt: 1465.56ms | tok/sec: 89,434 | mfu: 0.00 | epoch: 1 | total time: 21.39m
step 00882 (30.67%) | loss: 2.719053 | lrm: 1.00 | dt: 1466.35ms | tok/sec: 89,386 | mfu: 0.00 | epoch: 1 | total time: 21.41m
step 00883 (30.71%) | loss: 2.715079 | lrm: 1.00 | dt: 1465.84ms | tok/sec: 89,417 | mfu: 0.00 | epoch: 1 | total time: 21.44m
step 00884 (30.74%) | loss: 2.748714 | lrm: 1.00 | dt: 1521.05ms | tok/sec: 86,171 | mfu: 0.00 | epoch: 1 | total time: 21.46m
step 00885 (30.78%) | loss: 2.750942 | lrm: 1.00 | dt: 1560.94ms | tok/sec: 83,969 | mfu: 0.00 | epoch: 1 | total time: 21.49m
step 00886 (30.82%) | loss: 2.749115 | lrm: 1.00 | dt: 1468.90ms | tok/sec: 89,231 | mfu: 0.00 | epoch: 1 | total time: 21.51m
step 00887 (30.85%) | loss: 2.745083 | lrm: 1.00 | dt: 1466.22ms | tok/sec: 89,394 | mfu: 0.00 | epoch: 1 | total time: 21.54m
step 00888 (30.89%) | loss: 2.731278 | lrm: 1.00 | dt: 1465.74ms | tok/sec: 89,423 | mfu: 0.00 | epoch: 1 | total time: 21.56m
step 00889 (30.93%) | loss: 2.757554 | lrm: 1.00 | dt: 1465.61ms | tok/sec: 89,431 | mfu: 0.00 | epoch: 1 | total time: 21.58m
step 00890 (30.97%) | loss: 2.761139 | lrm: 1.00 | dt: 1464.60ms | tok/sec: 89,493 | mfu: 0.00 | epoch: 1 | total time: 21.61m
step 00891 (31.00%) | loss: 2.743809 | lrm: 1.00 | dt: 1466.53ms | tok/sec: 89,375 | mfu: 0.00 | epoch: 1 | total time: 21.63m
step 00892 (31.04%) | loss: 2.736798 | lrm: 1.00 | dt: 1465.09ms | tok/sec: 89,463 | mfu: 0.00 | epoch: 1 | total time: 21.66m
step 00893 (31.08%) | loss: 2.759005 | lrm: 1.00 | dt: 1465.98ms | tok/sec: 89,408 | mfu: 0.00 | epoch: 1 | total time: 21.68m
step 00894 (31.11%) | loss: 2.758479 | lrm: 1.00 | dt: 1467.25ms | tok/sec: 89,331 | mfu: 0.00 | epoch: 1 | total time: 21.71m
step 00895 (31.15%) | loss: 2.764020 | lrm: 1.00 | dt: 1466.38ms | tok/sec: 89,384 | mfu: 0.00 | epoch: 1 | total time: 21.73m
step 00896 (31.18%) | loss: 2.755824 | lrm: 1.00 | dt: 1466.10ms | tok/sec: 89,401 | mfu: 0.00 | epoch: 1 | total time: 21.76m
step 00897 (31.21%) | loss: 2.746500 | lrm: 1.00 | dt: 1464.81ms | tok/sec: 89,480 | mfu: 0.00 | epoch: 1 | total time: 21.78m
step 00898 (31.24%) | loss: 2.757464 | lrm: 1.00 | dt: 1466.60ms | tok/sec: 89,371 | mfu: 0.00 | epoch: 1 | total time: 21.80m
step 00899 (31.28%) | loss: 2.752974 | lrm: 1.00 | dt: 1464.74ms | tok/sec: 89,484 | mfu: 0.00 | epoch: 1 | total time: 21.83m
step 00900 (31.32%) | loss: 2.743692 | lrm: 1.00 | dt: 1465.84ms | tok/sec: 89,417 | mfu: 0.00 | epoch: 1 | total time: 21.85m
Step 00900 | Validation bpb: 0.8523
step 00901 (31.35%) | loss: 2.739115 | lrm: 1.00 | dt: 1532.23ms | tok/sec: 85,543 | mfu: 0.00 | epoch: 1 | total time: 21.88m
step 00902 (31.38%) | loss: 2.724209 | lrm: 1.00 | dt: 1464.80ms | tok/sec: 89,481 | mfu: 0.00 | epoch: 1 | total time: 21.90m
step 00903 (31.42%) | loss: 2.713121 | lrm: 1.00 | dt: 1475.33ms | tok/sec: 88,842 | mfu: 0.00 | epoch: 1 | total time: 21.93m
step 00904 (31.45%) | loss: 2.690586 | lrm: 1.00 | dt: 1472.37ms | tok/sec: 89,021 | mfu: 0.00 | epoch: 1 | total time: 21.95m
step 00905 (31.49%) | loss: 2.678471 | lrm: 1.00 | dt: 1465.21ms | tok/sec: 89,456 | mfu: 0.00 | epoch: 1 | total time: 21.98m
step 00906 (31.53%) | loss: 2.708543 | lrm: 1.00 | dt: 1464.95ms | tok/sec: 89,471 | mfu: 0.00 | epoch: 1 | total time: 22.00m
step 00907 (31.57%) | loss: 2.716169 | lrm: 1.00 | dt: 1464.52ms | tok/sec: 89,498 | mfu: 0.00 | epoch: 1 | total time: 22.03m
step 00908 (31.60%) | loss: 2.732154 | lrm: 1.00 | dt: 1465.71ms | tok/sec: 89,425 | mfu: 0.00 | epoch: 1 | total time: 22.05m
step 00909 (31.64%) | loss: 2.742400 | lrm: 1.00 | dt: 1464.09ms | tok/sec: 89,524 | mfu: 0.00 | epoch: 1 | total time: 22.07m
step 00910 (31.67%) | loss: 2.722088 | lrm: 1.00 | dt: 1466.98ms | tok/sec: 89,348 | mfu: 0.00 | epoch: 1 | total time: 22.10m
step 00911 (31.70%) | loss: 2.722209 | lrm: 1.00 | dt: 1464.60ms | tok/sec: 89,493 | mfu: 0.00 | epoch: 1 | total time: 22.12m
step 00912 (31.74%) | loss: 2.735356 | lrm: 1.00 | dt: 1465.15ms | tok/sec: 89,459 | mfu: 0.00 | epoch: 1 | total time: 22.15m
step 00913 (31.77%) | loss: 2.737071 | lrm: 1.00 | dt: 1463.71ms | tok/sec: 89,548 | mfu: 0.00 | epoch: 1 | total time: 22.17m
step 00914 (31.81%) | loss: 2.731271 | lrm: 1.00 | dt: 1468.44ms | tok/sec: 89,259 | mfu: 0.00 | epoch: 1 | total time: 22.20m
step 00915 (31.85%) | loss: 2.721747 | lrm: 1.00 | dt: 1467.42ms | tok/sec: 89,321 | mfu: 0.00 | epoch: 1 | total time: 22.22m
step 00916 (31.89%) | loss: 2.704167 | lrm: 1.00 | dt: 1468.28ms | tok/sec: 89,269 | mfu: 0.00 | epoch: 1 | total time: 22.25m
step 00917 (31.92%) | loss: 2.726877 | lrm: 1.00 | dt: 1464.56ms | tok/sec: 89,495 | mfu: 0.00 | epoch: 1 | total time: 22.27m
step 00918 (31.96%) | loss: 2.723752 | lrm: 1.00 | dt: 1465.56ms | tok/sec: 89,434 | mfu: 0.00 | epoch: 1 | total time: 22.29m
step 00919 (31.99%) | loss: 2.720499 | lrm: 1.00 | dt: 1464.33ms | tok/sec: 89,510 | mfu: 0.00 | epoch: 1 | total time: 22.32m
step 00920 (32.02%) | loss: 2.718142 | lrm: 1.00 | dt: 1463.70ms | tok/sec: 89,548 | mfu: 0.00 | epoch: 1 | total time: 22.34m
step 00921 (32.05%) | loss: 2.715808 | lrm: 1.00 | dt: 1466.16ms | tok/sec: 89,398 | mfu: 0.00 | epoch: 1 | total time: 22.37m
step 00922 (32.09%) | loss: 2.720626 | lrm: 1.00 | dt: 1464.79ms | tok/sec: 89,481 | mfu: 0.00 | epoch: 1 | total time: 22.39m
step 00923 (32.12%) | loss: 2.694911 | lrm: 1.00 | dt: 1464.78ms | tok/sec: 89,482 | mfu: 0.00 | epoch: 1 | total time: 22.42m
step 00924 (32.17%) | loss: 2.708363 | lrm: 1.00 | dt: 1463.87ms | tok/sec: 89,537 | mfu: 0.00 | epoch: 1 | total time: 22.44m
step 00925 (32.20%) | loss: 2.709849 | lrm: 1.00 | dt: 1465.59ms | tok/sec: 89,432 | mfu: 0.00 | epoch: 1 | total time: 22.47m
step 00926 (32.24%) | loss: 2.702451 | lrm: 1.00 | dt: 1464.34ms | tok/sec: 89,509 | mfu: 0.00 | epoch: 1 | total time: 22.49m
step 00927 (32.28%) | loss: 2.713784 | lrm: 1.00 | dt: 1465.80ms | tok/sec: 89,419 | mfu: 0.00 | epoch: 1 | total time: 22.51m
step 00928 (32.32%) | loss: 2.712157 | lrm: 1.00 | dt: 1463.90ms | tok/sec: 89,536 | mfu: 0.00 | epoch: 1 | total time: 22.54m
step 00929 (32.35%) | loss: 2.739980 | lrm: 1.00 | dt: 1466.04ms | tok/sec: 89,405 | mfu: 0.00 | epoch: 1 | total time: 22.56m
step 00930 (32.38%) | loss: 2.731736 | lrm: 1.00 | dt: 1463.90ms | tok/sec: 89,536 | mfu: 0.00 | epoch: 1 | total time: 22.59m
step 00931 (32.41%) | loss: 2.734814 | lrm: 1.00 | dt: 1465.29ms | tok/sec: 89,451 | mfu: 0.00 | epoch: 1 | total time: 22.61m
step 00932 (32.44%) | loss: 2.741102 | lrm: 1.00 | dt: 1465.01ms | tok/sec: 89,468 | mfu: 0.00 | epoch: 1 | total time: 22.64m
step 00933 (32.48%) | loss: 2.757820 | lrm: 1.00 | dt: 1464.10ms | tok/sec: 89,524 | mfu: 0.00 | epoch: 1 | total time: 22.66m
step 00934 (32.51%) | loss: 2.747823 | lrm: 1.00 | dt: 1466.55ms | tok/sec: 89,374 | mfu: 0.00 | epoch: 1 | total time: 22.68m
step 00935 (32.55%) | loss: 2.758811 | lrm: 1.00 | dt: 1464.62ms | tok/sec: 89,492 | mfu: 0.00 | epoch: 1 | total time: 22.71m
step 00936 (32.58%) | loss: 2.748272 | lrm: 1.00 | dt: 1465.23ms | tok/sec: 89,454 | mfu: 0.00 | epoch: 1 | total time: 22.73m
step 00937 (32.61%) | loss: 2.745241 | lrm: 1.00 | dt: 1465.20ms | tok/sec: 89,457 | mfu: 0.00 | epoch: 1 | total time: 22.76m
step 00938 (32.65%) | loss: 2.741276 | lrm: 1.00 | dt: 1465.12ms | tok/sec: 89,461 | mfu: 0.00 | epoch: 1 | total time: 22.78m
step 00939 (32.69%) | loss: 2.749047 | lrm: 1.00 | dt: 1464.15ms | tok/sec: 89,521 | mfu: 0.00 | epoch: 1 | total time: 22.81m
step 00940 (32.73%) | loss: 2.752320 | lrm: 1.00 | dt: 1466.73ms | tok/sec: 89,363 | mfu: 0.00 | epoch: 1 | total time: 22.83m
step 00941 (32.77%) | loss: 2.749507 | lrm: 1.00 | dt: 1464.33ms | tok/sec: 89,510 | mfu: 0.00 | epoch: 1 | total time: 22.86m
step 00942 (32.80%) | loss: 2.735972 | lrm: 1.00 | dt: 1466.75ms | tok/sec: 89,361 | mfu: 0.00 | epoch: 1 | total time: 22.88m
step 00943 (32.83%) | loss: 2.753898 | lrm: 1.00 | dt: 1464.37ms | tok/sec: 89,507 | mfu: 0.00 | epoch: 1 | total time: 22.90m
step 00944 (32.87%) | loss: 2.738957 | lrm: 1.00 | dt: 1465.86ms | tok/sec: 89,416 | mfu: 0.00 | epoch: 1 | total time: 22.93m
step 00945 (32.91%) | loss: 2.724091 | lrm: 1.00 | dt: 1464.15ms | tok/sec: 89,520 | mfu: 0.00 | epoch: 1 | total time: 22.95m
step 00946 (32.94%) | loss: 2.729393 | lrm: 1.00 | dt: 1464.15ms | tok/sec: 89,520 | mfu: 0.00 | epoch: 1 | total time: 22.98m
step 00947 (32.97%) | loss: 2.712675 | lrm: 1.00 | dt: 1466.22ms | tok/sec: 89,394 | mfu: 0.00 | epoch: 1 | total time: 23.00m
step 00948 (33.01%) | loss: 2.690240 | lrm: 1.00 | dt: 1464.38ms | tok/sec: 89,507 | mfu: 0.00 | epoch: 1 | total time: 23.03m
step 00949 (33.04%) | loss: 2.667542 | lrm: 1.00 | dt: 1465.73ms | tok/sec: 89,424 | mfu: 0.00 | epoch: 1 | total time: 23.05m
step 00950 (33.08%) | loss: 2.677738 | lrm: 1.00 | dt: 1464.09ms | tok/sec: 89,524 | mfu: 0.00 | epoch: 1 | total time: 23.08m
step 00951 (33.11%) | loss: 2.705264 | lrm: 1.00 | dt: 1465.76ms | tok/sec: 89,422 | mfu: 0.00 | epoch: 1 | total time: 23.10m
step 00952 (33.14%) | loss: 2.703751 | lrm: 1.00 | dt: 1465.10ms | tok/sec: 89,463 | mfu: 0.00 | epoch: 1 | total time: 23.12m
step 00953 (33.18%) | loss: 2.705314 | lrm: 1.00 | dt: 1465.51ms | tok/sec: 89,437 | mfu: 0.00 | epoch: 1 | total time: 23.15m
step 00954 (33.21%) | loss: 2.698817 | lrm: 1.00 | dt: 1464.66ms | tok/sec: 89,489 | mfu: 0.00 | epoch: 1 | total time: 23.17m
step 00955 (33.24%) | loss: 2.708746 | lrm: 1.00 | dt: 1466.87ms | tok/sec: 89,355 | mfu: 0.00 | epoch: 1 | total time: 23.20m
step 00956 (33.28%) | loss: 2.726105 | lrm: 1.00 | dt: 1467.39ms | tok/sec: 89,322 | mfu: 0.00 | epoch: 1 | total time: 23.22m
step 00957 (33.31%) | loss: 2.758994 | lrm: 1.00 | dt: 1466.37ms | tok/sec: 89,385 | mfu: 0.00 | epoch: 1 | total time: 23.25m
step 00958 (33.35%) | loss: 2.768166 | lrm: 1.00 | dt: 1465.15ms | tok/sec: 89,460 | mfu: 0.00 | epoch: 1 | total time: 23.27m
step 00959 (33.38%) | loss: 2.749923 | lrm: 1.00 | dt: 1467.11ms | tok/sec: 89,340 | mfu: 0.00 | epoch: 1 | total time: 23.30m
step 00960 (33.42%) | loss: 2.764456 | lrm: 1.00 | dt: 1466.07ms | tok/sec: 89,403 | mfu: 0.00 | epoch: 1 | total time: 23.32m
step 00961 (33.45%) | loss: 2.756353 | lrm: 1.00 | dt: 1465.48ms | tok/sec: 89,439 | mfu: 0.00 | epoch: 1 | total time: 23.34m
step 00962 (33.49%) | loss: 2.747656 | lrm: 1.00 | dt: 1466.01ms | tok/sec: 89,407 | mfu: 0.00 | epoch: 1 | total time: 23.37m
step 00963 (33.52%) | loss: 2.756548 | lrm: 1.00 | dt: 1464.27ms | tok/sec: 89,513 | mfu: 0.00 | epoch: 1 | total time: 23.39m
step 00964 (33.56%) | loss: 2.754310 | lrm: 1.00 | dt: 1465.58ms | tok/sec: 89,433 | mfu: 0.00 | epoch: 1 | total time: 23.42m
step 00965 (33.59%) | loss: 2.742221 | lrm: 1.00 | dt: 1464.12ms | tok/sec: 89,522 | mfu: 0.00 | epoch: 1 | total time: 23.44m
step 00966 (33.62%) | loss: 2.724610 | lrm: 1.00 | dt: 1466.36ms | tok/sec: 89,385 | mfu: 0.00 | epoch: 1 | total time: 23.47m
step 00967 (33.66%) | loss: 2.734815 | lrm: 1.00 | dt: 1463.67ms | tok/sec: 89,550 | mfu: 0.00 | epoch: 1 | total time: 23.49m
step 00968 (33.70%) | loss: 2.730088 | lrm: 1.00 | dt: 1465.19ms | tok/sec: 89,457 | mfu: 0.00 | epoch: 1 | total time: 23.52m
step 00969 (33.74%) | loss: 2.719382 | lrm: 1.00 | dt: 1464.67ms | tok/sec: 89,488 | mfu: 0.00 | epoch: 1 | total time: 23.54m
step 00970 (33.77%) | loss: 2.735945 | lrm: 1.00 | dt: 1464.79ms | tok/sec: 89,481 | mfu: 0.00 | epoch: 1 | total time: 23.56m
step 00971 (33.81%) | loss: 2.743892 | lrm: 1.00 | dt: 1465.49ms | tok/sec: 89,439 | mfu: 0.00 | epoch: 1 | total time: 23.59m
step 00972 (33.84%) | loss: 2.752595 | lrm: 1.00 | dt: 1464.35ms | tok/sec: 89,508 | mfu: 0.00 | epoch: 1 | total time: 23.61m
step 00973 (33.88%) | loss: 2.742019 | lrm: 1.00 | dt: 1465.52ms | tok/sec: 89,437 | mfu: 0.00 | epoch: 1 | total time: 23.64m
step 00974 (33.91%) | loss: 2.760097 | lrm: 1.00 | dt: 1464.59ms | tok/sec: 89,493 | mfu: 0.00 | epoch: 1 | total time: 23.66m
step 00975 (33.94%) | loss: 2.793444 | lrm: 1.00 | dt: 1465.69ms | tok/sec: 89,426 | mfu: 0.00 | epoch: 1 | total time: 23.69m
step 00976 (33.98%) | loss: 2.769125 | lrm: 1.00 | dt: 1464.30ms | tok/sec: 89,511 | mfu: 0.00 | epoch: 1 | total time: 23.71m
step 00977 (34.01%) | loss: 2.777914 | lrm: 1.00 | dt: 1466.70ms | tok/sec: 89,365 | mfu: 0.00 | epoch: 1 | total time: 23.73m
step 00978 (34.04%) | loss: 2.778565 | lrm: 1.00 | dt: 1464.97ms | tok/sec: 89,471 | mfu: 0.00 | epoch: 1 | total time: 23.76m
step 00979 (34.08%) | loss: 2.784861 | lrm: 1.00 | dt: 1466.20ms | tok/sec: 89,395 | mfu: 0.00 | epoch: 1 | total time: 23.78m
step 00980 (34.11%) | loss: 2.774822 | lrm: 1.00 | dt: 1464.16ms | tok/sec: 89,520 | mfu: 0.00 | epoch: 1 | total time: 23.81m
step 00981 (34.15%) | loss: 2.771926 | lrm: 1.00 | dt: 1465.30ms | tok/sec: 89,450 | mfu: 0.00 | epoch: 1 | total time: 23.83m
step 00982 (34.18%) | loss: 2.751209 | lrm: 1.00 | dt: 1464.97ms | tok/sec: 89,470 | mfu: 0.00 | epoch: 1 | total time: 23.86m
step 00983 (34.22%) | loss: 2.744934 | lrm: 1.00 | dt: 1464.23ms | tok/sec: 89,516 | mfu: 0.00 | epoch: 1 | total time: 23.88m
step 00984 (34.25%) | loss: 2.743994 | lrm: 1.00 | dt: 1466.10ms | tok/sec: 89,401 | mfu: 0.00 | epoch: 1 | total time: 23.91m
step 00985 (34.28%) | loss: 2.732355 | lrm: 1.00 | dt: 1463.94ms | tok/sec: 89,533 | mfu: 0.00 | epoch: 1 | total time: 23.93m
step 00986 (34.32%) | loss: 2.739729 | lrm: 1.00 | dt: 1466.25ms | tok/sec: 89,392 | mfu: 0.00 | epoch: 1 | total time: 23.95m
step 00987 (34.35%) | loss: 2.738900 | lrm: 1.00 | dt: 1465.13ms | tok/sec: 89,460 | mfu: 0.00 | epoch: 1 | total time: 23.98m
step 00988 (34.39%) | loss: 2.742045 | lrm: 1.00 | dt: 1465.12ms | tok/sec: 89,461 | mfu: 0.00 | epoch: 1 | total time: 24.00m
step 00989 (34.43%) | loss: 2.738977 | lrm: 1.00 | dt: 1464.35ms | tok/sec: 89,508 | mfu: 0.00 | epoch: 1 | total time: 24.03m
step 00990 (34.47%) | loss: 2.717177 | lrm: 1.00 | dt: 1466.21ms | tok/sec: 89,395 | mfu: 0.00 | epoch: 1 | total time: 24.05m
step 00991 (34.51%) | loss: 2.700949 | lrm: 1.00 | dt: 1464.38ms | tok/sec: 89,507 | mfu: 0.00 | epoch: 1 | total time: 24.08m
step 00992 (34.54%) | loss: 2.695264 | lrm: 1.00 | dt: 1465.74ms | tok/sec: 89,423 | mfu: 0.00 | epoch: 1 | total time: 24.10m
step 00993 (34.58%) | loss: 2.677846 | lrm: 1.00 | dt: 1465.06ms | tok/sec: 89,465 | mfu: 0.00 | epoch: 1 | total time: 24.13m
step 00994 (34.62%) | loss: 2.676289 | lrm: 1.00 | dt: 1465.54ms | tok/sec: 89,435 | mfu: 0.00 | epoch: 1 | total time: 24.15m
step 00995 (34.65%) | loss: 2.672541 | lrm: 1.00 | dt: 1464.20ms | tok/sec: 89,517 | mfu: 0.00 | epoch: 1 | total time: 24.17m
step 00996 (34.69%) | loss: 2.678698 | lrm: 1.00 | dt: 1464.76ms | tok/sec: 89,483 | mfu: 0.00 | epoch: 1 | total time: 24.20m
step 00997 (34.73%) | loss: 2.677969 | lrm: 1.00 | dt: 1465.18ms | tok/sec: 89,457 | mfu: 0.00 | epoch: 1 | total time: 24.22m
step 00998 (34.76%) | loss: 2.697974 | lrm: 1.00 | dt: 1465.35ms | tok/sec: 89,447 | mfu: 0.00 | epoch: 1 | total time: 24.25m
step 00999 (34.79%) | loss: 2.689939 | lrm: 1.00 | dt: 1465.54ms | tok/sec: 89,435 | mfu: 0.00 | epoch: 1 | total time: 24.27m
step 01000 (34.83%) | loss: 2.694106 | lrm: 1.00 | dt: 1464.15ms | tok/sec: 89,520 | mfu: 0.00 | epoch: 1 | total time: 24.30m
Step 01000 | Validation bpb: 0.8494
step 01001 (34.86%) | loss: 2.684944 | lrm: 1.00 | dt: 1596.83ms | tok/sec: 82,082 | mfu: 0.00 | epoch: 1 | total time: 24.32m
step 01002 (34.89%) | loss: 2.696668 | lrm: 1.00 | dt: 1465.91ms | tok/sec: 89,413 | mfu: 0.00 | epoch: 1 | total time: 24.35m
step 01003 (34.92%) | loss: 2.700916 | lrm: 1.00 | dt: 1465.05ms | tok/sec: 89,465 | mfu: 0.00 | epoch: 1 | total time: 24.37m
step 01004 (34.96%) | loss: 2.684153 | lrm: 1.00 | dt: 1465.27ms | tok/sec: 89,452 | mfu: 0.00 | epoch: 1 | total time: 24.40m
step 01005 (34.99%) | loss: 2.674277 | lrm: 1.00 | dt: 1465.16ms | tok/sec: 89,459 | mfu: 0.00 | epoch: 1 | total time: 24.42m
step 01006 (35.02%) | loss: 2.671144 | lrm: 1.00 | dt: 1464.13ms | tok/sec: 89,522 | mfu: 0.00 | epoch: 1 | total time: 24.45m
step 01007 (35.05%) | loss: 2.673928 | lrm: 1.00 | dt: 1464.53ms | tok/sec: 89,497 | mfu: 0.00 | epoch: 1 | total time: 24.47m
step 01008 (35.08%) | loss: 2.703063 | lrm: 1.00 | dt: 1464.95ms | tok/sec: 89,472 | mfu: 0.00 | epoch: 1 | total time: 24.49m
step 01009 (35.12%) | loss: 2.718680 | lrm: 1.00 | dt: 1465.10ms | tok/sec: 89,462 | mfu: 0.00 | epoch: 1 | total time: 24.52m
step 01010 (35.16%) | loss: 2.693660 | lrm: 1.00 | dt: 1465.82ms | tok/sec: 89,418 | mfu: 0.00 | epoch: 1 | total time: 24.54m
step 01011 (35.19%) | loss: 2.680239 | lrm: 1.00 | dt: 1465.64ms | tok/sec: 89,429 | mfu: 0.00 | epoch: 1 | total time: 24.57m
step 01012 (35.23%) | loss: 2.672280 | lrm: 1.00 | dt: 1464.35ms | tok/sec: 89,508 | mfu: 0.00 | epoch: 1 | total time: 24.59m
step 01013 (35.26%) | loss: 2.674170 | lrm: 1.00 | dt: 1465.17ms | tok/sec: 89,458 | mfu: 0.00 | epoch: 1 | total time: 24.62m
step 01014 (35.29%) | loss: 2.689372 | lrm: 1.00 | dt: 1464.57ms | tok/sec: 89,495 | mfu: 0.00 | epoch: 1 | total time: 24.64m
step 01015 (35.32%) | loss: 2.698147 | lrm: 1.00 | dt: 1465.45ms | tok/sec: 89,441 | mfu: 0.00 | epoch: 1 | total time: 24.67m
step 01016 (35.36%) | loss: 2.711260 | lrm: 1.00 | dt: 1464.39ms | tok/sec: 89,506 | mfu: 0.00 | epoch: 1 | total time: 24.69m
step 01017 (35.39%) | loss: 2.709162 | lrm: 1.00 | dt: 1464.50ms | tok/sec: 89,499 | mfu: 0.00 | epoch: 1 | total time: 24.71m
step 01018 (35.43%) | loss: 2.692466 | lrm: 1.00 | dt: 1465.17ms | tok/sec: 89,458 | mfu: 0.00 | epoch: 1 | total time: 24.74m
step 01019 (35.46%) | loss: 2.682471 | lrm: 1.00 | dt: 1463.91ms | tok/sec: 89,535 | mfu: 0.00 | epoch: 1 | total time: 24.76m
step 01020 (35.50%) | loss: 2.725057 | lrm: 1.00 | dt: 1466.10ms | tok/sec: 89,402 | mfu: 0.00 | epoch: 1 | total time: 24.79m
step 01021 (35.54%) | loss: 2.708886 | lrm: 1.00 | dt: 1463.82ms | tok/sec: 89,540 | mfu: 0.00 | epoch: 1 | total time: 24.81m
step 01022 (35.57%) | loss: 2.722847 | lrm: 1.00 | dt: 1465.68ms | tok/sec: 89,427 | mfu: 0.00 | epoch: 1 | total time: 24.84m
step 01023 (35.61%) | loss: 2.732777 | lrm: 1.00 | dt: 1465.45ms | tok/sec: 89,441 | mfu: 0.00 | epoch: 1 | total time: 24.86m
step 01024 (35.65%) | loss: 2.739310 | lrm: 1.00 | dt: 1465.30ms | tok/sec: 89,450 | mfu: 0.00 | epoch: 1 | total time: 24.88m
step 01025 (35.68%) | loss: 2.703679 | lrm: 1.00 | dt: 1464.70ms | tok/sec: 89,487 | mfu: 0.00 | epoch: 1 | total time: 24.91m
step 01026 (35.73%) | loss: 2.687699 | lrm: 1.00 | dt: 1465.58ms | tok/sec: 89,433 | mfu: 0.00 | epoch: 1 | total time: 24.93m
step 01027 (35.76%) | loss: 2.686796 | lrm: 1.00 | dt: 1463.85ms | tok/sec: 89,539 | mfu: 0.00 | epoch: 1 | total time: 24.96m
step 01028 (35.80%) | loss: 2.719234 | lrm: 1.00 | dt: 1465.58ms | tok/sec: 89,433 | mfu: 0.00 | epoch: 1 | total time: 24.98m
step 01029 (35.83%) | loss: 2.714895 | lrm: 1.00 | dt: 1467.15ms | tok/sec: 89,338 | mfu: 0.00 | epoch: 1 | total time: 25.01m
step 01030 (35.86%) | loss: 2.721003 | lrm: 1.00 | dt: 1466.34ms | tok/sec: 89,387 | mfu: 0.00 | epoch: 1 | total time: 25.03m
step 01031 (35.90%) | loss: 2.727475 | lrm: 1.00 | dt: 1464.28ms | tok/sec: 89,513 | mfu: 0.00 | epoch: 1 | total time: 25.06m
step 01032 (35.94%) | loss: 2.744034 | lrm: 1.00 | dt: 1464.95ms | tok/sec: 89,471 | mfu: 0.00 | epoch: 1 | total time: 25.08m
step 01033 (35.98%) | loss: 2.753538 | lrm: 1.00 | dt: 1465.31ms | tok/sec: 89,449 | mfu: 0.00 | epoch: 1 | total time: 25.10m
step 01034 (36.01%) | loss: 2.764526 | lrm: 1.00 | dt: 1464.23ms | tok/sec: 89,515 | mfu: 0.00 | epoch: 1 | total time: 25.13m
step 01035 (36.04%) | loss: 2.762113 | lrm: 1.00 | dt: 1465.26ms | tok/sec: 89,452 | mfu: 0.00 | epoch: 1 | total time: 25.15m
step 01036 (36.08%) | loss: 2.739394 | lrm: 1.00 | dt: 1464.72ms | tok/sec: 89,486 | mfu: 0.00 | epoch: 1 | total time: 25.18m
step 01037 (36.11%) | loss: 2.737712 | lrm: 1.00 | dt: 1464.73ms | tok/sec: 89,485 | mfu: 0.00 | epoch: 1 | total time: 25.20m
step 01038 (36.15%) | loss: 2.742657 | lrm: 1.00 | dt: 1464.30ms | tok/sec: 89,511 | mfu: 0.00 | epoch: 1 | total time: 25.23m
step 01039 (36.18%) | loss: 2.737601 | lrm: 1.00 | dt: 1465.51ms | tok/sec: 89,437 | mfu: 0.00 | epoch: 1 | total time: 25.25m
step 01040 (36.22%) | loss: 2.723058 | lrm: 1.00 | dt: 1465.03ms | tok/sec: 89,467 | mfu: 0.00 | epoch: 1 | total time: 25.28m
step 01041 (36.26%) | loss: 2.734068 | lrm: 1.00 | dt: 1468.21ms | tok/sec: 89,273 | mfu: 0.00 | epoch: 1 | total time: 25.30m
step 01042 (36.29%) | loss: 2.731718 | lrm: 1.00 | dt: 1468.10ms | tok/sec: 89,280 | mfu: 0.00 | epoch: 1 | total time: 25.32m
step 01043 (36.34%) | loss: 2.732638 | lrm: 1.00 | dt: 1469.40ms | tok/sec: 89,201 | mfu: 0.00 | epoch: 1 | total time: 25.35m
step 01044 (36.38%) | loss: 2.733819 | lrm: 1.00 | dt: 1469.11ms | tok/sec: 89,218 | mfu: 0.00 | epoch: 1 | total time: 25.37m
step 01045 (36.41%) | loss: 2.749061 | lrm: 1.00 | dt: 1466.32ms | tok/sec: 89,388 | mfu: 0.00 | epoch: 1 | total time: 25.40m
step 01046 (36.44%) | loss: 2.750515 | lrm: 1.00 | dt: 1466.48ms | tok/sec: 89,378 | mfu: 0.00 | epoch: 1 | total time: 25.42m
step 01047 (36.48%) | loss: 2.735836 | lrm: 1.00 | dt: 1464.56ms | tok/sec: 89,495 | mfu: 0.00 | epoch: 1 | total time: 25.45m
step 01048 (36.51%) | loss: 2.744941 | lrm: 1.00 | dt: 1465.41ms | tok/sec: 89,443 | mfu: 0.00 | epoch: 1 | total time: 25.47m
step 01049 (36.54%) | loss: 2.746952 | lrm: 1.00 | dt: 1464.33ms | tok/sec: 89,509 | mfu: 0.00 | epoch: 1 | total time: 25.50m
step 01050 (36.58%) | loss: 2.738047 | lrm: 1.00 | dt: 1466.53ms | tok/sec: 89,375 | mfu: 0.00 | epoch: 1 | total time: 25.52m
step 01051 (36.62%) | loss: 2.716683 | lrm: 1.00 | dt: 1464.29ms | tok/sec: 89,512 | mfu: 0.00 | epoch: 1 | total time: 25.54m
step 01052 (36.65%) | loss: 2.714913 | lrm: 1.00 | dt: 1466.16ms | tok/sec: 89,398 | mfu: 0.00 | epoch: 1 | total time: 25.57m
step 01053 (36.68%) | loss: 2.709821 | lrm: 1.00 | dt: 1464.85ms | tok/sec: 89,477 | mfu: 0.00 | epoch: 1 | total time: 25.59m
step 01054 (36.71%) | loss: 2.709378 | lrm: 1.00 | dt: 1466.05ms | tok/sec: 89,404 | mfu: 0.00 | epoch: 1 | total time: 25.62m
step 01055 (36.75%) | loss: 2.715383 | lrm: 1.00 | dt: 1463.93ms | tok/sec: 89,534 | mfu: 0.00 | epoch: 1 | total time: 25.64m
step 01056 (36.78%) | loss: 2.725577 | lrm: 1.00 | dt: 1464.82ms | tok/sec: 89,479 | mfu: 0.00 | epoch: 1 | total time: 25.67m
step 01057 (36.82%) | loss: 2.716078 | lrm: 1.00 | dt: 1464.17ms | tok/sec: 89,519 | mfu: 0.00 | epoch: 1 | total time: 25.69m
step 01058 (36.86%) | loss: 2.711466 | lrm: 1.00 | dt: 1464.68ms | tok/sec: 89,488 | mfu: 0.00 | epoch: 1 | total time: 25.72m
step 01059 (36.89%) | loss: 2.706625 | lrm: 1.00 | dt: 1465.66ms | tok/sec: 89,428 | mfu: 0.00 | epoch: 1 | total time: 25.74m
step 01060 (36.93%) | loss: 2.737920 | lrm: 1.00 | dt: 1464.82ms | tok/sec: 89,479 | mfu: 0.00 | epoch: 1 | total time: 25.76m
step 01061 (36.97%) | loss: 2.713728 | lrm: 1.00 | dt: 1465.37ms | tok/sec: 89,446 | mfu: 0.00 | epoch: 1 | total time: 25.79m
step 01062 (37.00%) | loss: 2.695874 | lrm: 1.00 | dt: 1464.71ms | tok/sec: 89,486 | mfu: 0.00 | epoch: 1 | total time: 25.81m
step 01063 (37.04%) | loss: 2.707451 | lrm: 1.00 | dt: 1465.94ms | tok/sec: 89,411 | mfu: 0.00 | epoch: 1 | total time: 25.84m
step 01064 (37.08%) | loss: 2.684127 | lrm: 1.00 | dt: 1464.57ms | tok/sec: 89,495 | mfu: 0.00 | epoch: 1 | total time: 25.86m
step 01065 (37.11%) | loss: 2.695511 | lrm: 1.00 | dt: 1466.10ms | tok/sec: 89,401 | mfu: 0.00 | epoch: 1 | total time: 25.89m
step 01066 (37.14%) | loss: 2.670626 | lrm: 1.00 | dt: 1464.17ms | tok/sec: 89,519 | mfu: 0.00 | epoch: 1 | total time: 25.91m
step 01067 (37.18%) | loss: 2.669432 | lrm: 1.00 | dt: 1465.94ms | tok/sec: 89,411 | mfu: 0.00 | epoch: 1 | total time: 25.94m
step 01068 (37.21%) | loss: 2.683146 | lrm: 1.00 | dt: 1464.57ms | tok/sec: 89,495 | mfu: 0.00 | epoch: 1 | total time: 25.96m
step 01069 (37.25%) | loss: 2.671415 | lrm: 1.00 | dt: 1465.21ms | tok/sec: 89,456 | mfu: 0.00 | epoch: 1 | total time: 25.98m
step 01070 (37.29%) | loss: 2.666658 | lrm: 1.00 | dt: 1465.22ms | tok/sec: 89,455 | mfu: 0.00 | epoch: 1 | total time: 26.01m
step 01071 (37.32%) | loss: 2.678763 | lrm: 1.00 | dt: 1463.89ms | tok/sec: 89,537 | mfu: 0.00 | epoch: 1 | total time: 26.03m
step 01072 (37.36%) | loss: 2.686216 | lrm: 1.00 | dt: 1465.65ms | tok/sec: 89,429 | mfu: 0.00 | epoch: 1 | total time: 26.06m
step 01073 (37.40%) | loss: 2.704099 | lrm: 1.00 | dt: 1464.46ms | tok/sec: 89,501 | mfu: 0.00 | epoch: 1 | total time: 26.08m
step 01074 (37.44%) | loss: 2.700388 | lrm: 1.00 | dt: 1466.07ms | tok/sec: 89,403 | mfu: 0.00 | epoch: 1 | total time: 26.11m
step 01075 (37.47%) | loss: 2.718082 | lrm: 1.00 | dt: 1464.01ms | tok/sec: 89,529 | mfu: 0.00 | epoch: 1 | total time: 26.13m
step 01076 (37.50%) | loss: 2.710084 | lrm: 1.00 | dt: 1467.96ms | tok/sec: 89,288 | mfu: 0.00 | epoch: 1 | total time: 26.15m
step 01077 (37.54%) | loss: 2.710640 | lrm: 1.00 | dt: 1466.54ms | tok/sec: 89,374 | mfu: 0.00 | epoch: 1 | total time: 26.18m
step 01078 (37.58%) | loss: 2.717371 | lrm: 1.00 | dt: 1468.50ms | tok/sec: 89,255 | mfu: 0.00 | epoch: 1 | total time: 26.20m
step 01079 (37.62%) | loss: 2.704187 | lrm: 1.00 | dt: 1464.53ms | tok/sec: 89,497 | mfu: 0.00 | epoch: 1 | total time: 26.23m
step 01080 (37.65%) | loss: 2.721701 | lrm: 1.00 | dt: 1465.24ms | tok/sec: 89,453 | mfu: 0.00 | epoch: 1 | total time: 26.25m
step 01081 (37.69%) | loss: 2.707012 | lrm: 1.00 | dt: 1465.64ms | tok/sec: 89,430 | mfu: 0.00 | epoch: 1 | total time: 26.28m
step 01082 (37.72%) | loss: 2.731719 | lrm: 1.00 | dt: 1467.82ms | tok/sec: 89,296 | mfu: 0.00 | epoch: 1 | total time: 26.30m
step 01083 (37.76%) | loss: 2.739750 | lrm: 1.00 | dt: 1465.37ms | tok/sec: 89,446 | mfu: 0.00 | epoch: 1 | total time: 26.33m
step 01084 (37.80%) | loss: 2.717100 | lrm: 1.00 | dt: 1465.21ms | tok/sec: 89,456 | mfu: 0.00 | epoch: 1 | total time: 26.35m
step 01085 (37.83%) | loss: 2.707349 | lrm: 1.00 | dt: 1464.89ms | tok/sec: 89,475 | mfu: 0.00 | epoch: 1 | total time: 26.37m
step 01086 (37.87%) | loss: 2.686666 | lrm: 1.00 | dt: 1466.08ms | tok/sec: 89,403 | mfu: 0.00 | epoch: 1 | total time: 26.40m
step 01087 (37.90%) | loss: 2.678188 | lrm: 1.00 | dt: 1464.38ms | tok/sec: 89,506 | mfu: 0.00 | epoch: 1 | total time: 26.42m
step 01088 (37.94%) | loss: 2.640524 | lrm: 1.00 | dt: 1465.52ms | tok/sec: 89,437 | mfu: 0.00 | epoch: 1 | total time: 26.45m
step 01089 (37.98%) | loss: 2.629110 | lrm: 1.00 | dt: 1465.71ms | tok/sec: 89,425 | mfu: 0.00 | epoch: 1 | total time: 26.47m
step 01090 (38.01%) | loss: 2.639646 | lrm: 1.00 | dt: 1465.65ms | tok/sec: 89,429 | mfu: 0.00 | epoch: 1 | total time: 26.50m
step 01091 (38.05%) | loss: 2.639028 | lrm: 1.00 | dt: 1463.62ms | tok/sec: 89,553 | mfu: 0.00 | epoch: 1 | total time: 26.52m
step 01092 (38.08%) | loss: 2.639147 | lrm: 1.00 | dt: 1465.03ms | tok/sec: 89,466 | mfu: 0.00 | epoch: 1 | total time: 26.55m
step 01093 (38.12%) | loss: 2.632856 | lrm: 1.00 | dt: 1463.81ms | tok/sec: 89,541 | mfu: 0.00 | epoch: 1 | total time: 26.57m
step 01094 (38.16%) | loss: 2.645998 | lrm: 1.00 | dt: 1464.61ms | tok/sec: 89,492 | mfu: 0.00 | epoch: 1 | total time: 26.59m
step 01095 (38.19%) | loss: 2.673012 | lrm: 1.00 | dt: 1464.87ms | tok/sec: 89,476 | mfu: 0.00 | epoch: 1 | total time: 26.62m
step 01096 (38.23%) | loss: 2.678238 | lrm: 1.00 | dt: 1464.53ms | tok/sec: 89,497 | mfu: 0.00 | epoch: 1 | total time: 26.64m
step 01097 (38.26%) | loss: 2.682957 | lrm: 1.00 | dt: 1465.61ms | tok/sec: 89,431 | mfu: 0.00 | epoch: 1 | total time: 26.67m
step 01098 (38.30%) | loss: 2.708043 | lrm: 1.00 | dt: 1464.84ms | tok/sec: 89,478 | mfu: 0.00 | epoch: 1 | total time: 26.69m
step 01099 (38.34%) | loss: 2.691677 | lrm: 1.00 | dt: 1465.67ms | tok/sec: 89,428 | mfu: 0.00 | epoch: 1 | total time: 26.72m
step 01100 (38.37%) | loss: 2.694723 | lrm: 1.00 | dt: 1464.39ms | tok/sec: 89,506 | mfu: 0.00 | epoch: 1 | total time: 26.74m
Step 01100 | Validation bpb: 0.8438
step 01101 (38.40%) | loss: 2.699597 | lrm: 1.00 | dt: 1532.20ms | tok/sec: 85,544 | mfu: 0.00 | epoch: 1 | total time: 26.77m
step 01102 (38.43%) | loss: 2.698800 | lrm: 1.00 | dt: 1464.89ms | tok/sec: 89,475 | mfu: 0.00 | epoch: 1 | total time: 26.79m
step 01103 (38.46%) | loss: 2.715852 | lrm: 1.00 | dt: 1464.72ms | tok/sec: 89,486 | mfu: 0.00 | epoch: 1 | total time: 26.82m
step 01104 (38.49%) | loss: 2.731729 | lrm: 1.00 | dt: 1465.75ms | tok/sec: 89,422 | mfu: 0.00 | epoch: 1 | total time: 26.84m
step 01105 (38.53%) | loss: 2.716204 | lrm: 1.00 | dt: 1465.08ms | tok/sec: 89,464 | mfu: 0.00 | epoch: 1 | total time: 26.86m
step 01106 (38.56%) | loss: 2.704822 | lrm: 1.00 | dt: 1465.20ms | tok/sec: 89,456 | mfu: 0.00 | epoch: 1 | total time: 26.89m
step 01107 (38.60%) | loss: 2.675383 | lrm: 1.00 | dt: 1465.75ms | tok/sec: 89,423 | mfu: 0.00 | epoch: 1 | total time: 26.91m
step 01108 (38.63%) | loss: 2.688008 | lrm: 1.00 | dt: 1464.84ms | tok/sec: 89,478 | mfu: 0.00 | epoch: 1 | total time: 26.94m
step 01109 (38.67%) | loss: 2.659235 | lrm: 1.00 | dt: 1465.43ms | tok/sec: 89,442 | mfu: 0.00 | epoch: 1 | total time: 26.96m
step 01110 (38.71%) | loss: 2.665079 | lrm: 1.00 | dt: 1463.56ms | tok/sec: 89,556 | mfu: 0.00 | epoch: 1 | total time: 26.99m
step 01111 (38.76%) | loss: 2.677792 | lrm: 1.00 | dt: 1465.23ms | tok/sec: 89,454 | mfu: 0.00 | epoch: 1 | total time: 27.01m
step 01112 (38.79%) | loss: 2.694801 | lrm: 1.00 | dt: 1464.32ms | tok/sec: 89,510 | mfu: 0.00 | epoch: 1 | total time: 27.04m
step 01113 (38.82%) | loss: 2.695938 | lrm: 1.00 | dt: 1464.96ms | tok/sec: 89,471 | mfu: 0.00 | epoch: 1 | total time: 27.06m
step 01114 (38.85%) | loss: 2.693836 | lrm: 1.00 | dt: 1464.63ms | tok/sec: 89,491 | mfu: 0.00 | epoch: 1 | total time: 27.08m
step 01115 (38.89%) | loss: 2.697760 | lrm: 1.00 | dt: 1464.92ms | tok/sec: 89,473 | mfu: 0.00 | epoch: 1 | total time: 27.11m
step 01116 (38.92%) | loss: 2.679929 | lrm: 1.00 | dt: 1464.47ms | tok/sec: 89,501 | mfu: 0.00 | epoch: 1 | total time: 27.13m
step 01117 (38.96%) | loss: 2.695971 | lrm: 1.00 | dt: 1464.26ms | tok/sec: 89,514 | mfu: 0.00 | epoch: 1 | total time: 27.16m
step 01118 (38.99%) | loss: 2.708169 | lrm: 1.00 | dt: 1465.59ms | tok/sec: 89,432 | mfu: 0.00 | epoch: 1 | total time: 27.18m
step 01119 (39.02%) | loss: 2.673715 | lrm: 1.00 | dt: 1465.45ms | tok/sec: 89,441 | mfu: 0.00 | epoch: 1 | total time: 27.21m
step 01120 (39.06%) | loss: 2.656367 | lrm: 1.00 | dt: 1464.55ms | tok/sec: 89,496 | mfu: 0.00 | epoch: 1 | total time: 27.23m
step 01121 (39.09%) | loss: 2.653073 | lrm: 1.00 | dt: 1464.00ms | tok/sec: 89,529 | mfu: 0.00 | epoch: 1 | total time: 27.25m
step 01122 (39.13%) | loss: 2.637721 | lrm: 1.00 | dt: 1465.78ms | tok/sec: 89,421 | mfu: 0.00 | epoch: 1 | total time: 27.28m
step 01123 (39.16%) | loss: 2.640204 | lrm: 1.00 | dt: 1469.02ms | tok/sec: 89,224 | mfu: 0.00 | epoch: 1 | total time: 27.30m
step 01124 (39.20%) | loss: 2.657192 | lrm: 1.00 | dt: 1478.93ms | tok/sec: 88,626 | mfu: 0.00 | epoch: 1 | total time: 27.33m
step 01125 (39.23%) | loss: 2.704874 | lrm: 1.00 | dt: 1465.77ms | tok/sec: 89,422 | mfu: 0.00 | epoch: 1 | total time: 27.35m
step 01126 (39.27%) | loss: 2.703860 | lrm: 1.00 | dt: 1465.99ms | tok/sec: 89,408 | mfu: 0.00 | epoch: 1 | total time: 27.38m
step 01127 (39.31%) | loss: 2.709479 | lrm: 1.00 | dt: 1464.47ms | tok/sec: 89,501 | mfu: 0.00 | epoch: 1 | total time: 27.40m
step 01128 (39.34%) | loss: 2.714738 | lrm: 1.00 | dt: 1465.98ms | tok/sec: 89,409 | mfu: 0.00 | epoch: 1 | total time: 27.43m
step 01129 (39.38%) | loss: 2.712403 | lrm: 1.00 | dt: 1464.65ms | tok/sec: 89,490 | mfu: 0.00 | epoch: 1 | total time: 27.45m
step 01130 (39.41%) | loss: 2.716092 | lrm: 1.00 | dt: 1464.45ms | tok/sec: 89,502 | mfu: 0.00 | epoch: 1 | total time: 27.47m
step 01131 (39.46%) | loss: 2.717061 | lrm: 1.00 | dt: 1465.76ms | tok/sec: 89,422 | mfu: 0.00 | epoch: 1 | total time: 27.50m
step 01132 (39.50%) | loss: 2.738243 | lrm: 1.00 | dt: 1464.76ms | tok/sec: 89,483 | mfu: 0.00 | epoch: 1 | total time: 27.52m
step 01133 (39.53%) | loss: 2.738912 | lrm: 1.00 | dt: 1465.74ms | tok/sec: 89,423 | mfu: 0.00 | epoch: 1 | total time: 27.55m
step 01134 (39.56%) | loss: 2.730185 | lrm: 1.00 | dt: 1465.83ms | tok/sec: 89,418 | mfu: 0.00 | epoch: 1 | total time: 27.57m
step 01135 (39.60%) | loss: 2.713137 | lrm: 1.00 | dt: 1465.25ms | tok/sec: 89,453 | mfu: 0.00 | epoch: 1 | total time: 27.60m
step 01136 (39.63%) | loss: 2.708339 | lrm: 1.00 | dt: 1464.40ms | tok/sec: 89,505 | mfu: 0.00 | epoch: 1 | total time: 27.62m
step 01137 (39.67%) | loss: 2.696419 | lrm: 1.00 | dt: 1465.14ms | tok/sec: 89,460 | mfu: 0.00 | epoch: 1 | total time: 27.65m
step 01138 (39.70%) | loss: 2.711765 | lrm: 1.00 | dt: 1464.21ms | tok/sec: 89,517 | mfu: 0.00 | epoch: 1 | total time: 27.67m
step 01139 (39.73%) | loss: 2.678347 | lrm: 1.00 | dt: 1464.96ms | tok/sec: 89,471 | mfu: 0.00 | epoch: 1 | total time: 27.69m
step 01140 (39.76%) | loss: 2.669350 | lrm: 1.00 | dt: 1464.50ms | tok/sec: 89,499 | mfu: 0.00 | epoch: 1 | total time: 27.72m
step 01141 (39.80%) | loss: 2.672631 | lrm: 1.00 | dt: 1465.85ms | tok/sec: 89,417 | mfu: 0.00 | epoch: 1 | total time: 27.74m
step 01142 (39.83%) | loss: 2.665368 | lrm: 1.00 | dt: 1464.32ms | tok/sec: 89,510 | mfu: 0.00 | epoch: 1 | total time: 27.77m
step 01143 (39.87%) | loss: 2.669365 | lrm: 1.00 | dt: 1463.98ms | tok/sec: 89,531 | mfu: 0.00 | epoch: 1 | total time: 27.79m
step 01144 (39.89%) | loss: 2.684765 | lrm: 1.00 | dt: 1465.50ms | tok/sec: 89,438 | mfu: 0.00 | epoch: 1 | total time: 27.82m
step 01145 (39.93%) | loss: 2.681229 | lrm: 1.00 | dt: 1464.18ms | tok/sec: 89,519 | mfu: 0.00 | epoch: 1 | total time: 27.84m
step 01146 (39.96%) | loss: 2.672313 | lrm: 1.00 | dt: 1465.08ms | tok/sec: 89,463 | mfu: 0.00 | epoch: 1 | total time: 27.87m
step 01147 (39.99%) | loss: 2.693443 | lrm: 1.00 | dt: 1464.90ms | tok/sec: 89,475 | mfu: 0.00 | epoch: 1 | total time: 27.89m
step 01148 (40.03%) | loss: 2.667174 | lrm: 1.00 | dt: 1466.22ms | tok/sec: 89,394 | mfu: 0.00 | epoch: 1 | total time: 27.91m
step 01149 (40.07%) | loss: 2.676330 | lrm: 1.00 | dt: 1465.15ms | tok/sec: 89,459 | mfu: 0.00 | epoch: 1 | total time: 27.94m
step 01150 (40.11%) | loss: 2.634160 | lrm: 1.00 | dt: 1466.38ms | tok/sec: 89,384 | mfu: 0.00 | epoch: 1 | total time: 27.96m
step 01151 (40.14%) | loss: 2.650796 | lrm: 1.00 | dt: 1463.67ms | tok/sec: 89,550 | mfu: 0.00 | epoch: 1 | total time: 27.99m
step 01152 (40.17%) | loss: 2.653028 | lrm: 1.00 | dt: 1465.76ms | tok/sec: 89,422 | mfu: 0.00 | epoch: 1 | total time: 28.01m
step 01153 (40.21%) | loss: 2.689589 | lrm: 1.00 | dt: 1464.78ms | tok/sec: 89,482 | mfu: 0.00 | epoch: 1 | total time: 28.04m
step 01154 (40.25%) | loss: 2.682575 | lrm: 1.00 | dt: 1466.02ms | tok/sec: 89,406 | mfu: 0.00 | epoch: 1 | total time: 28.06m
step 01155 (40.28%) | loss: 2.702628 | lrm: 1.00 | dt: 1464.80ms | tok/sec: 89,481 | mfu: 0.00 | epoch: 1 | total time: 28.09m
step 01156 (40.32%) | loss: 2.708715 | lrm: 1.00 | dt: 1465.73ms | tok/sec: 89,424 | mfu: 0.00 | epoch: 1 | total time: 28.11m
step 01157 (40.35%) | loss: 2.713962 | lrm: 1.00 | dt: 1464.46ms | tok/sec: 89,501 | mfu: 0.00 | epoch: 1 | total time: 28.13m
step 01158 (40.38%) | loss: 2.703744 | lrm: 1.00 | dt: 1465.12ms | tok/sec: 89,461 | mfu: 0.00 | epoch: 1 | total time: 28.16m
step 01159 (40.42%) | loss: 2.720938 | lrm: 1.00 | dt: 1465.35ms | tok/sec: 89,447 | mfu: 0.00 | epoch: 1 | total time: 28.18m
step 01160 (40.46%) | loss: 2.739018 | lrm: 1.00 | dt: 1465.72ms | tok/sec: 89,424 | mfu: 0.00 | epoch: 1 | total time: 28.21m
step 01161 (40.50%) | loss: 2.733432 | lrm: 1.00 | dt: 1468.19ms | tok/sec: 89,274 | mfu: 0.00 | epoch: 1 | total time: 28.23m
step 01162 (40.53%) | loss: 2.731819 | lrm: 1.00 | dt: 1465.20ms | tok/sec: 89,456 | mfu: 0.00 | epoch: 1 | total time: 28.26m
step 01163 (40.56%) | loss: 2.714779 | lrm: 1.00 | dt: 1468.00ms | tok/sec: 89,286 | mfu: 0.00 | epoch: 1 | total time: 28.28m
step 01164 (40.60%) | loss: 2.694149 | lrm: 1.00 | dt: 1467.49ms | tok/sec: 89,317 | mfu: 0.00 | epoch: 1 | total time: 28.31m
step 01165 (40.63%) | loss: 2.692864 | lrm: 1.00 | dt: 1467.84ms | tok/sec: 89,295 | mfu: 0.00 | epoch: 1 | total time: 28.33m
step 01166 (40.66%) | loss: 2.701652 | lrm: 1.00 | dt: 1464.84ms | tok/sec: 89,478 | mfu: 0.00 | epoch: 1 | total time: 28.35m
step 01167 (40.70%) | loss: 2.717572 | lrm: 1.00 | dt: 1466.52ms | tok/sec: 89,376 | mfu: 0.00 | epoch: 1 | total time: 28.38m
step 01168 (40.73%) | loss: 2.723628 | lrm: 1.00 | dt: 1464.63ms | tok/sec: 89,491 | mfu: 0.00 | epoch: 1 | total time: 28.40m
step 01169 (40.77%) | loss: 2.732779 | lrm: 1.00 | dt: 1466.02ms | tok/sec: 89,406 | mfu: 0.00 | epoch: 1 | total time: 28.43m
step 01170 (40.81%) | loss: 2.701486 | lrm: 1.00 | dt: 1464.79ms | tok/sec: 89,481 | mfu: 0.00 | epoch: 1 | total time: 28.45m
step 01171 (40.85%) | loss: 2.699139 | lrm: 1.00 | dt: 1466.14ms | tok/sec: 89,399 | mfu: 0.00 | epoch: 1 | total time: 28.48m
step 01172 (40.88%) | loss: 2.687704 | lrm: 1.00 | dt: 1774.81ms | tok/sec: 73,851 | mfu: 0.00 | epoch: 1 | total time: 28.51m
step 01173 (40.92%) | loss: 2.686888 | lrm: 1.00 | dt: 1698.53ms | tok/sec: 77,167 | mfu: 0.00 | epoch: 1 | total time: 28.53m
step 01174 (40.96%) | loss: 2.687418 | lrm: 1.00 | dt: 1493.76ms | tok/sec: 87,746 | mfu: 0.00 | epoch: 1 | total time: 28.56m
step 01175 (40.99%) | loss: 2.695599 | lrm: 1.00 | dt: 1488.74ms | tok/sec: 88,042 | mfu: 0.00 | epoch: 1 | total time: 28.58m
step 01176 (41.03%) | loss: 2.667766 | lrm: 1.00 | dt: 1490.94ms | tok/sec: 87,912 | mfu: 0.00 | epoch: 1 | total time: 28.61m
step 01177 (41.06%) | loss: 2.658124 | lrm: 1.00 | dt: 1482.72ms | tok/sec: 88,399 | mfu: 0.00 | epoch: 1 | total time: 28.63m
step 01178 (41.10%) | loss: 2.679418 | lrm: 1.00 | dt: 1478.60ms | tok/sec: 88,646 | mfu: 0.00 | epoch: 1 | total time: 28.66m
step 01179 (41.13%) | loss: 2.677657 | lrm: 1.00 | dt: 1484.40ms | tok/sec: 88,299 | mfu: 0.00 | epoch: 1 | total time: 28.68m
step 01180 (41.17%) | loss: 2.696020 | lrm: 1.00 | dt: 1482.58ms | tok/sec: 88,408 | mfu: 0.00 | epoch: 1 | total time: 28.71m
step 01181 (41.21%) | loss: 2.680001 | lrm: 1.00 | dt: 1478.71ms | tok/sec: 88,639 | mfu: 0.00 | epoch: 1 | total time: 28.73m
step 01182 (41.24%) | loss: 2.686151 | lrm: 1.00 | dt: 1492.02ms | tok/sec: 87,848 | mfu: 0.00 | epoch: 1 | total time: 28.76m
step 01183 (41.27%) | loss: 2.684052 | lrm: 1.00 | dt: 1544.75ms | tok/sec: 84,849 | mfu: 0.00 | epoch: 1 | total time: 28.78m
step 01184 (41.30%) | loss: 2.681021 | lrm: 1.00 | dt: 1514.53ms | tok/sec: 86,543 | mfu: 0.00 | epoch: 1 | total time: 28.81m
step 01185 (41.33%) | loss: 2.710830 | lrm: 1.00 | dt: 1521.91ms | tok/sec: 86,123 | mfu: 0.00 | epoch: 1 | total time: 28.83m
step 01186 (41.37%) | loss: 2.714112 | lrm: 1.00 | dt: 1495.33ms | tok/sec: 87,654 | mfu: 0.00 | epoch: 1 | total time: 28.86m
step 01187 (41.40%) | loss: 2.705416 | lrm: 1.00 | dt: 1487.16ms | tok/sec: 88,135 | mfu: 0.00 | epoch: 1 | total time: 28.88m
step 01188 (41.43%) | loss: 2.704162 | lrm: 1.00 | dt: 1500.14ms | tok/sec: 87,373 | mfu: 0.00 | epoch: 1 | total time: 28.91m
step 01189 (41.46%) | loss: 2.706903 | lrm: 1.00 | dt: 1494.92ms | tok/sec: 87,678 | mfu: 0.00 | epoch: 1 | total time: 28.93m
step 01190 (41.50%) | loss: 2.707844 | lrm: 1.00 | dt: 1619.49ms | tok/sec: 80,933 | mfu: 0.00 | epoch: 1 | total time: 28.96m
step 01191 (41.53%) | loss: 2.691827 | lrm: 1.00 | dt: 1504.67ms | tok/sec: 87,110 | mfu: 0.00 | epoch: 1 | total time: 28.99m
step 01192 (41.57%) | loss: 2.731570 | lrm: 1.00 | dt: 1557.26ms | tok/sec: 84,168 | mfu: 0.00 | epoch: 1 | total time: 29.01m
step 01193 (41.61%) | loss: 2.741071 | lrm: 1.00 | dt: 1792.94ms | tok/sec: 73,104 | mfu: 0.00 | epoch: 1 | total time: 29.04m
step 01194 (41.64%) | loss: 2.726192 | lrm: 1.00 | dt: 1695.41ms | tok/sec: 77,309 | mfu: 0.00 | epoch: 1 | total time: 29.07m
step 01195 (41.67%) | loss: 2.727533 | lrm: 1.00 | dt: 1706.23ms | tok/sec: 76,819 | mfu: 0.00 | epoch: 1 | total time: 29.10m
step 01196 (41.70%) | loss: 2.726515 | lrm: 1.00 | dt: 1698.10ms | tok/sec: 77,187 | mfu: 0.00 | epoch: 1 | total time: 29.13m
step 01197 (41.74%) | loss: 2.715504 | lrm: 1.00 | dt: 1686.72ms | tok/sec: 77,707 | mfu: 0.00 | epoch: 1 | total time: 29.15m
step 01198 (41.78%) | loss: 2.695182 | lrm: 1.00 | dt: 1696.62ms | tok/sec: 77,254 | mfu: 0.00 | epoch: 1 | total time: 29.18m
step 01199 (41.81%) | loss: 2.707238 | lrm: 1.00 | dt: 1694.46ms | tok/sec: 77,353 | mfu: 0.00 | epoch: 1 | total time: 29.21m
step 01200 (41.84%) | loss: 2.740221 | lrm: 1.00 | dt: 1692.10ms | tok/sec: 77,461 | mfu: 0.00 | epoch: 1 | total time: 29.24m
Step 01200 | Validation bpb: 0.8413
step 01201 (41.88%) | loss: 2.712607 | lrm: 1.00 | dt: 1769.26ms | tok/sec: 74,082 | mfu: 0.00 | epoch: 1 | total time: 29.27m
step 01202 (41.92%) | loss: 2.700404 | lrm: 1.00 | dt: 1687.79ms | tok/sec: 77,658 | mfu: 0.00 | epoch: 1 | total time: 29.30m
step 01203 (41.96%) | loss: 2.705195 | lrm: 1.00 | dt: 1708.02ms | tok/sec: 76,739 | mfu: 0.00 | epoch: 1 | total time: 29.32m
step 01204 (41.99%) | loss: 2.723383 | lrm: 1.00 | dt: 1692.64ms | tok/sec: 77,436 | mfu: 0.00 | epoch: 1 | total time: 29.35m
step 01205 (42.02%) | loss: 2.709189 | lrm: 1.00 | dt: 1695.43ms | tok/sec: 77,309 | mfu: 0.00 | epoch: 1 | total time: 29.38m
step 01206 (42.05%) | loss: 2.726105 | lrm: 1.00 | dt: 1692.54ms | tok/sec: 77,441 | mfu: 0.00 | epoch: 1 | total time: 29.41m
step 01207 (42.08%) | loss: 2.715319 | lrm: 1.00 | dt: 1700.99ms | tok/sec: 77,056 | mfu: 0.00 | epoch: 1 | total time: 29.44m
step 01208 (42.12%) | loss: 2.714290 | lrm: 1.00 | dt: 1693.95ms | tok/sec: 77,376 | mfu: 0.00 | epoch: 1 | total time: 29.47m
step 01209 (42.15%) | loss: 2.712684 | lrm: 1.00 | dt: 1693.62ms | tok/sec: 77,391 | mfu: 0.00 | epoch: 1 | total time: 29.49m
step 01210 (42.18%) | loss: 2.707566 | lrm: 1.00 | dt: 1690.31ms | tok/sec: 77,543 | mfu: 0.00 | epoch: 1 | total time: 29.52m
step 01211 (42.22%) | loss: 2.724010 | lrm: 1.00 | dt: 1702.16ms | tok/sec: 77,003 | mfu: 0.00 | epoch: 1 | total time: 29.55m
step 01212 (42.25%) | loss: 2.719726 | lrm: 1.00 | dt: 1687.12ms | tok/sec: 77,690 | mfu: 0.00 | epoch: 1 | total time: 29.58m
step 01213 (42.28%) | loss: 2.709298 | lrm: 1.00 | dt: 1689.42ms | tok/sec: 77,583 | mfu: 0.00 | epoch: 1 | total time: 29.61m
step 01214 (42.32%) | loss: 2.721428 | lrm: 1.00 | dt: 1698.47ms | tok/sec: 77,170 | mfu: 0.00 | epoch: 1 | total time: 29.64m
step 01215 (42.35%) | loss: 2.688415 | lrm: 1.00 | dt: 1690.30ms | tok/sec: 77,543 | mfu: 0.00 | epoch: 1 | total time: 29.66m
step 01216 (42.39%) | loss: 2.691226 | lrm: 1.00 | dt: 1697.99ms | tok/sec: 77,192 | mfu: 0.00 | epoch: 1 | total time: 29.69m
step 01217 (42.43%) | loss: 2.672359 | lrm: 1.00 | dt: 1696.30ms | tok/sec: 77,269 | mfu: 0.00 | epoch: 1 | total time: 29.72m
step 01218 (42.46%) | loss: 2.649582 | lrm: 1.00 | dt: 1693.08ms | tok/sec: 77,416 | mfu: 0.00 | epoch: 1 | total time: 29.75m
step 01219 (42.49%) | loss: 2.667473 | lrm: 1.00 | dt: 1685.16ms | tok/sec: 77,780 | mfu: 0.00 | epoch: 1 | total time: 29.78m
step 01220 (42.53%) | loss: 2.661742 | lrm: 1.00 | dt: 1645.56ms | tok/sec: 79,652 | mfu: 0.00 | epoch: 1 | total time: 29.80m
step 01221 (42.57%) | loss: 2.651204 | lrm: 1.00 | dt: 1661.11ms | tok/sec: 78,906 | mfu: 0.00 | epoch: 1 | total time: 29.83m
step 01222 (42.60%) | loss: 2.661034 | lrm: 1.00 | dt: 1636.85ms | tok/sec: 80,075 | mfu: 0.00 | epoch: 1 | total time: 29.86m
step 01223 (42.63%) | loss: 2.669583 | lrm: 1.00 | dt: 1649.99ms | tok/sec: 79,437 | mfu: 0.00 | epoch: 1 | total time: 29.89m
step 01224 (42.66%) | loss: 2.689816 | lrm: 1.00 | dt: 1657.69ms | tok/sec: 79,068 | mfu: 0.00 | epoch: 1 | total time: 29.91m
step 01225 (42.70%) | loss: 2.692608 | lrm: 1.00 | dt: 1639.31ms | tok/sec: 79,955 | mfu: 0.00 | epoch: 1 | total time: 29.94m
step 01226 (42.74%) | loss: 2.679763 | lrm: 1.00 | dt: 1639.18ms | tok/sec: 79,962 | mfu: 0.00 | epoch: 1 | total time: 29.97m
step 01227 (42.78%) | loss: 2.678068 | lrm: 1.00 | dt: 1657.42ms | tok/sec: 79,082 | mfu: 0.00 | epoch: 1 | total time: 30.00m
step 01228 (42.81%) | loss: 2.683540 | lrm: 1.00 | dt: 1657.59ms | tok/sec: 79,073 | mfu: 0.00 | epoch: 1 | total time: 30.02m
step 01229 (42.85%) | loss: 2.658765 | lrm: 1.00 | dt: 1631.66ms | tok/sec: 80,330 | mfu: 0.00 | epoch: 1 | total time: 30.05m
step 01230 (42.88%) | loss: 2.653609 | lrm: 1.00 | dt: 1661.16ms | tok/sec: 78,904 | mfu: 0.00 | epoch: 1 | total time: 30.08m
step 01231 (42.92%) | loss: 2.645730 | lrm: 1.00 | dt: 1647.44ms | tok/sec: 79,560 | mfu: 0.00 | epoch: 1 | total time: 30.11m
step 01232 (42.95%) | loss: 2.678597 | lrm: 1.00 | dt: 1650.02ms | tok/sec: 79,436 | mfu: 0.00 | epoch: 1 | total time: 30.13m
step 01233 (42.99%) | loss: 2.694167 | lrm: 1.00 | dt: 1640.37ms | tok/sec: 79,903 | mfu: 0.00 | epoch: 1 | total time: 30.16m
step 01234 (43.02%) | loss: 2.692740 | lrm: 1.00 | dt: 1651.74ms | tok/sec: 79,353 | mfu: 0.00 | epoch: 1 | total time: 30.19m
step 01235 (43.06%) | loss: 2.679223 | lrm: 1.00 | dt: 1645.21ms | tok/sec: 79,668 | mfu: 0.00 | epoch: 1 | total time: 30.22m
step 01236 (43.09%) | loss: 2.676696 | lrm: 1.00 | dt: 1632.66ms | tok/sec: 80,281 | mfu: 0.00 | epoch: 1 | total time: 30.24m
step 01237 (43.13%) | loss: 2.691580 | lrm: 1.00 | dt: 1658.41ms | tok/sec: 79,034 | mfu: 0.00 | epoch: 1 | total time: 30.27m
step 01238 (43.17%) | loss: 2.692050 | lrm: 1.00 | dt: 1666.07ms | tok/sec: 78,671 | mfu: 0.00 | epoch: 1 | total time: 30.30m
step 01239 (43.21%) | loss: 2.695074 | lrm: 1.00 | dt: 1649.20ms | tok/sec: 79,476 | mfu: 0.00 | epoch: 1 | total time: 30.33m
step 01240 (43.25%) | loss: 2.666983 | lrm: 1.00 | dt: 1659.83ms | tok/sec: 78,967 | mfu: 0.00 | epoch: 1 | total time: 30.35m
step 01241 (43.29%) | loss: 2.677878 | lrm: 1.00 | dt: 1661.41ms | tok/sec: 78,892 | mfu: 0.00 | epoch: 1 | total time: 30.38m
step 01242 (43.32%) | loss: 2.666638 | lrm: 1.00 | dt: 1702.89ms | tok/sec: 76,970 | mfu: 0.00 | epoch: 1 | total time: 30.41m
step 01243 (43.36%) | loss: 2.657348 | lrm: 1.00 | dt: 1566.65ms | tok/sec: 83,663 | mfu: 0.00 | epoch: 1 | total time: 30.44m
step 01244 (43.39%) | loss: 2.661666 | lrm: 1.00 | dt: 1546.64ms | tok/sec: 84,746 | mfu: 0.00 | epoch: 1 | total time: 30.46m
step 01245 (43.43%) | loss: 2.657961 | lrm: 1.00 | dt: 1658.29ms | tok/sec: 79,040 | mfu: 0.00 | epoch: 1 | total time: 30.49m
step 01246 (43.46%) | loss: 2.652758 | lrm: 1.00 | dt: 1650.30ms | tok/sec: 79,423 | mfu: 0.00 | epoch: 1 | total time: 30.52m
step 01247 (43.49%) | loss: 2.658922 | lrm: 1.00 | dt: 1675.66ms | tok/sec: 78,221 | mfu: 0.00 | epoch: 1 | total time: 30.54m
step 01248 (43.53%) | loss: 2.636780 | lrm: 1.00 | dt: 1672.79ms | tok/sec: 78,355 | mfu: 0.00 | epoch: 1 | total time: 30.57m
step 01249 (43.56%) | loss: 2.635600 | lrm: 1.00 | dt: 1662.16ms | tok/sec: 78,856 | mfu: 0.00 | epoch: 1 | total time: 30.60m
step 01250 (43.60%) | loss: 2.652998 | lrm: 1.00 | dt: 1657.07ms | tok/sec: 79,098 | mfu: 0.00 | epoch: 1 | total time: 30.63m
step 01251 (43.63%) | loss: 2.640338 | lrm: 1.00 | dt: 1671.24ms | tok/sec: 78,428 | mfu: 0.00 | epoch: 1 | total time: 30.66m
step 01252 (43.67%) | loss: 2.619835 | lrm: 1.00 | dt: 1660.42ms | tok/sec: 78,938 | mfu: 0.00 | epoch: 1 | total time: 30.68m
step 01253 (43.70%) | loss: 2.619073 | lrm: 1.00 | dt: 1650.17ms | tok/sec: 79,429 | mfu: 0.00 | epoch: 1 | total time: 30.71m
step 01254 (43.74%) | loss: 2.612625 | lrm: 1.00 | dt: 1654.96ms | tok/sec: 79,199 | mfu: 0.00 | epoch: 1 | total time: 30.74m
step 01255 (43.77%) | loss: 2.603059 | lrm: 1.00 | dt: 1656.75ms | tok/sec: 79,114 | mfu: 0.00 | epoch: 1 | total time: 30.77m
step 01256 (43.81%) | loss: 2.634457 | lrm: 1.00 | dt: 1553.93ms | tok/sec: 84,348 | mfu: 0.00 | epoch: 1 | total time: 30.79m
step 01257 (43.85%) | loss: 2.655502 | lrm: 1.00 | dt: 1484.92ms | tok/sec: 88,268 | mfu: 0.00 | epoch: 1 | total time: 30.82m
step 01258 (43.87%) | loss: 2.669146 | lrm: 1.00 | dt: 1636.73ms | tok/sec: 80,081 | mfu: 0.00 | epoch: 1 | total time: 30.84m
step 01259 (43.91%) | loss: 2.665699 | lrm: 1.00 | dt: 1700.40ms | tok/sec: 77,082 | mfu: 0.00 | epoch: 1 | total time: 30.87m
step 01260 (43.95%) | loss: 2.661647 | lrm: 1.00 | dt: 1695.20ms | tok/sec: 77,319 | mfu: 0.00 | epoch: 1 | total time: 30.90m
step 01261 (43.98%) | loss: 2.683637 | lrm: 1.00 | dt: 1691.50ms | tok/sec: 77,488 | mfu: 0.00 | epoch: 1 | total time: 30.93m
step 01262 (44.02%) | loss: 2.687505 | lrm: 1.00 | dt: 1702.56ms | tok/sec: 76,985 | mfu: 0.00 | epoch: 1 | total time: 30.96m
step 01263 (44.05%) | loss: 2.711579 | lrm: 1.00 | dt: 1694.48ms | tok/sec: 77,352 | mfu: 0.00 | epoch: 1 | total time: 30.99m
step 01264 (44.09%) | loss: 2.698463 | lrm: 1.00 | dt: 1689.83ms | tok/sec: 77,565 | mfu: 0.00 | epoch: 1 | total time: 31.01m
step 01265 (44.12%) | loss: 2.699671 | lrm: 1.00 | dt: 1690.51ms | tok/sec: 77,534 | mfu: 0.00 | epoch: 1 | total time: 31.04m
step 01266 (44.16%) | loss: 2.670703 | lrm: 1.00 | dt: 1690.67ms | tok/sec: 77,526 | mfu: 0.00 | epoch: 1 | total time: 31.07m
step 01267 (44.19%) | loss: 2.656321 | lrm: 1.00 | dt: 1691.17ms | tok/sec: 77,503 | mfu: 0.00 | epoch: 1 | total time: 31.10m
step 01268 (44.22%) | loss: 2.655055 | lrm: 1.00 | dt: 1698.54ms | tok/sec: 77,167 | mfu: 0.00 | epoch: 1 | total time: 31.13m
step 01269 (44.25%) | loss: 2.663848 | lrm: 1.00 | dt: 1696.38ms | tok/sec: 77,265 | mfu: 0.00 | epoch: 1 | total time: 31.15m
step 01270 (44.29%) | loss: 2.677759 | lrm: 1.00 | dt: 1695.69ms | tok/sec: 77,297 | mfu: 0.00 | epoch: 1 | total time: 31.18m
step 01271 (44.32%) | loss: 2.694859 | lrm: 1.00 | dt: 1691.44ms | tok/sec: 77,491 | mfu: 0.00 | epoch: 1 | total time: 31.21m
step 01272 (44.36%) | loss: 2.680344 | lrm: 1.00 | dt: 1693.53ms | tok/sec: 77,395 | mfu: 0.00 | epoch: 1 | total time: 31.24m
step 01273 (44.40%) | loss: 2.670660 | lrm: 1.00 | dt: 1692.61ms | tok/sec: 77,437 | mfu: 0.00 | epoch: 1 | total time: 31.27m
step 01274 (44.43%) | loss: 2.657275 | lrm: 1.00 | dt: 1693.15ms | tok/sec: 77,413 | mfu: 0.00 | epoch: 1 | total time: 31.30m
step 01275 (44.47%) | loss: 2.678580 | lrm: 1.00 | dt: 1696.92ms | tok/sec: 77,241 | mfu: 0.00 | epoch: 1 | total time: 31.32m
step 01276 (44.50%) | loss: 2.684657 | lrm: 1.00 | dt: 1693.13ms | tok/sec: 77,414 | mfu: 0.00 | epoch: 1 | total time: 31.35m
step 01277 (44.53%) | loss: 2.684232 | lrm: 1.00 | dt: 1698.13ms | tok/sec: 77,186 | mfu: 0.00 | epoch: 1 | total time: 31.38m
step 01278 (44.57%) | loss: 2.697426 | lrm: 1.00 | dt: 1690.86ms | tok/sec: 77,518 | mfu: 0.00 | epoch: 1 | total time: 31.41m
step 01279 (44.60%) | loss: 2.683758 | lrm: 1.00 | dt: 1695.58ms | tok/sec: 77,301 | mfu: 0.00 | epoch: 1 | total time: 31.44m
step 01280 (44.64%) | loss: 2.694880 | lrm: 1.00 | dt: 1692.74ms | tok/sec: 77,431 | mfu: 0.00 | epoch: 1 | total time: 31.47m
step 01281 (44.68%) | loss: 2.675566 | lrm: 1.00 | dt: 1695.83ms | tok/sec: 77,290 | mfu: 0.00 | epoch: 1 | total time: 31.49m
step 01282 (44.71%) | loss: 2.671078 | lrm: 1.00 | dt: 1695.97ms | tok/sec: 77,284 | mfu: 0.00 | epoch: 1 | total time: 31.52m
step 01283 (44.75%) | loss: 2.670357 | lrm: 1.00 | dt: 1698.47ms | tok/sec: 77,170 | mfu: 0.00 | epoch: 1 | total time: 31.55m
step 01284 (44.78%) | loss: 2.678128 | lrm: 1.00 | dt: 1687.42ms | tok/sec: 77,676 | mfu: 0.00 | epoch: 1 | total time: 31.58m
step 01285 (44.82%) | loss: 2.664052 | lrm: 1.00 | dt: 1696.80ms | tok/sec: 77,246 | mfu: 0.00 | epoch: 1 | total time: 31.61m
step 01286 (44.85%) | loss: 2.663297 | lrm: 1.00 | dt: 1695.26ms | tok/sec: 77,316 | mfu: 0.00 | epoch: 1 | total time: 31.63m
step 01287 (44.88%) | loss: 2.661522 | lrm: 1.00 | dt: 1699.58ms | tok/sec: 77,120 | mfu: 0.00 | epoch: 1 | total time: 31.66m
step 01288 (44.91%) | loss: 2.673674 | lrm: 1.00 | dt: 1695.20ms | tok/sec: 77,319 | mfu: 0.00 | epoch: 1 | total time: 31.69m
step 01289 (44.95%) | loss: 2.682627 | lrm: 1.00 | dt: 1698.48ms | tok/sec: 77,170 | mfu: 0.00 | epoch: 1 | total time: 31.72m
step 01290 (44.98%) | loss: 2.669329 | lrm: 1.00 | dt: 1698.20ms | tok/sec: 77,182 | mfu: 0.00 | epoch: 1 | total time: 31.75m
step 01291 (45.02%) | loss: 2.659122 | lrm: 1.00 | dt: 1689.75ms | tok/sec: 77,568 | mfu: 0.00 | epoch: 1 | total time: 31.78m
step 01292 (45.06%) | loss: 2.649801 | lrm: 1.00 | dt: 1696.59ms | tok/sec: 77,256 | mfu: 0.00 | epoch: 1 | total time: 31.80m
step 01293 (45.11%) | loss: 2.665340 | lrm: 1.00 | dt: 1708.95ms | tok/sec: 76,697 | mfu: 0.00 | epoch: 1 | total time: 31.83m
step 01294 (45.14%) | loss: 2.682139 | lrm: 1.00 | dt: 1693.39ms | tok/sec: 77,402 | mfu: 0.00 | epoch: 1 | total time: 31.86m
step 01295 (45.17%) | loss: 2.681025 | lrm: 1.00 | dt: 1699.58ms | tok/sec: 77,120 | mfu: 0.00 | epoch: 1 | total time: 31.89m
step 01296 (45.20%) | loss: 2.680625 | lrm: 1.00 | dt: 1685.12ms | tok/sec: 77,781 | mfu: 0.00 | epoch: 1 | total time: 31.92m
step 01297 (45.24%) | loss: 2.698344 | lrm: 1.00 | dt: 1706.58ms | tok/sec: 76,803 | mfu: 0.00 | epoch: 1 | total time: 31.95m
step 01298 (45.27%) | loss: 2.707411 | lrm: 1.00 | dt: 1697.32ms | tok/sec: 77,222 | mfu: 0.00 | epoch: 1 | total time: 31.97m
step 01299 (45.31%) | loss: 2.723917 | lrm: 1.00 | dt: 1695.11ms | tok/sec: 77,323 | mfu: 0.00 | epoch: 1 | total time: 32.00m
step 01300 (45.34%) | loss: 2.724986 | lrm: 1.00 | dt: 1706.77ms | tok/sec: 76,795 | mfu: 0.00 | epoch: 1 | total time: 32.03m
Step 01300 | Validation bpb: 0.8372
step 01301 (45.38%) | loss: 2.732319 | lrm: 1.00 | dt: 1757.92ms | tok/sec: 74,560 | mfu: 0.00 | epoch: 1 | total time: 32.06m
step 01302 (45.41%) | loss: 2.719218 | lrm: 1.00 | dt: 1692.94ms | tok/sec: 77,422 | mfu: 0.00 | epoch: 1 | total time: 32.09m
step 01303 (45.45%) | loss: 2.712013 | lrm: 1.00 | dt: 1695.37ms | tok/sec: 77,311 | mfu: 0.00 | epoch: 1 | total time: 32.12m
step 01304 (45.48%) | loss: 2.703825 | lrm: 1.00 | dt: 1691.46ms | tok/sec: 77,490 | mfu: 0.00 | epoch: 1 | total time: 32.15m
step 01305 (45.52%) | loss: 2.696709 | lrm: 1.00 | dt: 1689.67ms | tok/sec: 77,572 | mfu: 0.00 | epoch: 1 | total time: 32.17m
step 01306 (45.56%) | loss: 2.693867 | lrm: 1.00 | dt: 1686.03ms | tok/sec: 77,739 | mfu: 0.00 | epoch: 1 | total time: 32.20m
step 01307 (45.59%) | loss: 2.690289 | lrm: 1.00 | dt: 1712.34ms | tok/sec: 76,545 | mfu: 0.00 | epoch: 1 | total time: 32.23m
step 01308 (45.63%) | loss: 2.687420 | lrm: 1.00 | dt: 1684.95ms | tok/sec: 77,789 | mfu: 0.00 | epoch: 1 | total time: 32.26m
step 01309 (45.66%) | loss: 2.678325 | lrm: 1.00 | dt: 1709.90ms | tok/sec: 76,654 | mfu: 0.00 | epoch: 1 | total time: 32.29m
step 01310 (45.69%) | loss: 2.680134 | lrm: 1.00 | dt: 1689.33ms | tok/sec: 77,588 | mfu: 0.00 | epoch: 1 | total time: 32.31m
step 01311 (45.72%) | loss: 2.677536 | lrm: 1.00 | dt: 1695.25ms | tok/sec: 77,317 | mfu: 0.00 | epoch: 1 | total time: 32.34m
step 01312 (45.76%) | loss: 2.675723 | lrm: 1.00 | dt: 1699.84ms | tok/sec: 77,108 | mfu: 0.00 | epoch: 1 | total time: 32.37m
step 01313 (45.79%) | loss: 2.679595 | lrm: 1.00 | dt: 1693.09ms | tok/sec: 77,415 | mfu: 0.00 | epoch: 1 | total time: 32.40m
step 01314 (45.83%) | loss: 2.680459 | lrm: 1.00 | dt: 1692.81ms | tok/sec: 77,428 | mfu: 0.00 | epoch: 1 | total time: 32.43m
step 01315 (45.87%) | loss: 2.671468 | lrm: 1.00 | dt: 1697.77ms | tok/sec: 77,202 | mfu: 0.00 | epoch: 1 | total time: 32.46m
step 01316 (45.90%) | loss: 2.672178 | lrm: 1.00 | dt: 1692.40ms | tok/sec: 77,447 | mfu: 0.00 | epoch: 1 | total time: 32.48m
step 01317 (45.93%) | loss: 2.692960 | lrm: 1.00 | dt: 1693.47ms | tok/sec: 77,398 | mfu: 0.00 | epoch: 1 | total time: 32.51m
step 01318 (45.97%) | loss: 2.687131 | lrm: 1.00 | dt: 1691.38ms | tok/sec: 77,494 | mfu: 0.00 | epoch: 1 | total time: 32.54m
step 01319 (46.00%) | loss: 2.670133 | lrm: 1.00 | dt: 1693.56ms | tok/sec: 77,394 | mfu: 0.00 | epoch: 1 | total time: 32.57m
step 01320 (46.04%) | loss: 2.706195 | lrm: 1.00 | dt: 1688.87ms | tok/sec: 77,609 | mfu: 0.00 | epoch: 1 | total time: 32.60m
step 01321 (46.08%) | loss: 2.715234 | lrm: 1.00 | dt: 1695.31ms | tok/sec: 77,314 | mfu: 0.00 | epoch: 1 | total time: 32.63m
step 01322 (46.11%) | loss: 2.722434 | lrm: 1.00 | dt: 1694.17ms | tok/sec: 77,366 | mfu: 0.00 | epoch: 1 | total time: 32.65m
step 01323 (46.15%) | loss: 2.714861 | lrm: 1.00 | dt: 1700.47ms | tok/sec: 77,079 | mfu: 0.00 | epoch: 1 | total time: 32.68m
step 01324 (46.19%) | loss: 2.718972 | lrm: 1.00 | dt: 1699.66ms | tok/sec: 77,116 | mfu: 0.00 | epoch: 1 | total time: 32.71m
step 01325 (46.23%) | loss: 2.717469 | lrm: 1.00 | dt: 1687.17ms | tok/sec: 77,687 | mfu: 0.00 | epoch: 1 | total time: 32.74m
step 01326 (46.26%) | loss: 2.706875 | lrm: 1.00 | dt: 1690.72ms | tok/sec: 77,524 | mfu: 0.00 | epoch: 1 | total time: 32.77m
step 01327 (46.30%) | loss: 2.697697 | lrm: 1.00 | dt: 1693.56ms | tok/sec: 77,394 | mfu: 0.00 | epoch: 1 | total time: 32.79m
step 01328 (46.33%) | loss: 2.679397 | lrm: 1.00 | dt: 1685.67ms | tok/sec: 77,756 | mfu: 0.00 | epoch: 1 | total time: 32.82m
step 01329 (46.37%) | loss: 2.675619 | lrm: 1.00 | dt: 1697.37ms | tok/sec: 77,220 | mfu: 0.00 | epoch: 1 | total time: 32.85m
step 01330 (46.41%) | loss: 2.663790 | lrm: 1.00 | dt: 1703.67ms | tok/sec: 76,935 | mfu: 0.00 | epoch: 1 | total time: 32.88m
step 01331 (46.44%) | loss: 2.680910 | lrm: 1.00 | dt: 1687.16ms | tok/sec: 77,687 | mfu: 0.00 | epoch: 1 | total time: 32.91m
step 01332 (46.48%) | loss: 2.675180 | lrm: 1.00 | dt: 1691.19ms | tok/sec: 77,502 | mfu: 0.00 | epoch: 1 | total time: 32.94m
step 01333 (46.52%) | loss: 2.669897 | lrm: 1.00 | dt: 1694.85ms | tok/sec: 77,335 | mfu: 0.00 | epoch: 1 | total time: 32.96m
step 01334 (46.56%) | loss: 2.659830 | lrm: 1.00 | dt: 1694.52ms | tok/sec: 77,350 | mfu: 0.00 | epoch: 1 | total time: 32.99m
step 01335 (46.60%) | loss: 2.640236 | lrm: 1.00 | dt: 1688.30ms | tok/sec: 77,635 | mfu: 0.00 | epoch: 1 | total time: 33.02m
step 01336 (46.63%) | loss: 2.630454 | lrm: 1.00 | dt: 1695.70ms | tok/sec: 77,296 | mfu: 0.00 | epoch: 1 | total time: 33.05m
step 01337 (46.66%) | loss: 2.628332 | lrm: 1.00 | dt: 1689.22ms | tok/sec: 77,593 | mfu: 0.00 | epoch: 1 | total time: 33.08m
step 01338 (46.69%) | loss: 2.620002 | lrm: 1.00 | dt: 1700.10ms | tok/sec: 77,096 | mfu: 0.00 | epoch: 1 | total time: 33.11m
step 01339 (46.73%) | loss: 2.615145 | lrm: 1.00 | dt: 1687.64ms | tok/sec: 77,665 | mfu: 0.00 | epoch: 1 | total time: 33.13m
step 01340 (46.76%) | loss: 2.614690 | lrm: 1.00 | dt: 1694.25ms | tok/sec: 77,363 | mfu: 0.00 | epoch: 1 | total time: 33.16m
step 01341 (46.79%) | loss: 2.642427 | lrm: 1.00 | dt: 1682.46ms | tok/sec: 77,905 | mfu: 0.00 | epoch: 1 | total time: 33.19m
step 01342 (46.82%) | loss: 2.638528 | lrm: 1.00 | dt: 1684.10ms | tok/sec: 77,829 | mfu: 0.00 | epoch: 1 | total time: 33.22m
step 01343 (46.86%) | loss: 2.651897 | lrm: 1.00 | dt: 1695.15ms | tok/sec: 77,321 | mfu: 0.00 | epoch: 1 | total time: 33.25m
step 01344 (46.89%) | loss: 2.633676 | lrm: 1.00 | dt: 1698.15ms | tok/sec: 77,185 | mfu: 0.00 | epoch: 1 | total time: 33.27m
step 01345 (46.92%) | loss: 2.631352 | lrm: 1.00 | dt: 1702.87ms | tok/sec: 76,971 | mfu: 0.00 | epoch: 1 | total time: 33.30m
step 01346 (46.95%) | loss: 2.630087 | lrm: 1.00 | dt: 1693.03ms | tok/sec: 77,418 | mfu: 0.00 | epoch: 1 | total time: 33.33m
step 01347 (46.98%) | loss: 2.631662 | lrm: 1.00 | dt: 1693.36ms | tok/sec: 77,403 | mfu: 0.00 | epoch: 1 | total time: 33.36m
step 01348 (47.01%) | loss: 2.651622 | lrm: 1.00 | dt: 1690.64ms | tok/sec: 77,528 | mfu: 0.00 | epoch: 1 | total time: 33.39m
step 01349 (47.04%) | loss: 2.648369 | lrm: 1.00 | dt: 1684.39ms | tok/sec: 77,815 | mfu: 0.00 | epoch: 1 | total time: 33.42m
step 01350 (47.07%) | loss: 2.662220 | lrm: 1.00 | dt: 1698.68ms | tok/sec: 77,161 | mfu: 0.00 | epoch: 1 | total time: 33.44m
step 01351 (47.10%) | loss: 2.657009 | lrm: 1.00 | dt: 1694.00ms | tok/sec: 77,374 | mfu: 0.00 | epoch: 1 | total time: 33.47m
step 01352 (47.14%) | loss: 2.663483 | lrm: 1.00 | dt: 1692.13ms | tok/sec: 77,459 | mfu: 0.00 | epoch: 1 | total time: 33.50m
step 01353 (47.17%) | loss: 2.664424 | lrm: 1.00 | dt: 1696.68ms | tok/sec: 77,251 | mfu: 0.00 | epoch: 1 | total time: 33.53m
step 01354 (47.21%) | loss: 2.678552 | lrm: 1.00 | dt: 1702.40ms | tok/sec: 76,992 | mfu: 0.00 | epoch: 1 | total time: 33.56m
step 01355 (47.24%) | loss: 2.656465 | lrm: 1.00 | dt: 1701.92ms | tok/sec: 77,014 | mfu: 0.00 | epoch: 1 | total time: 33.58m
step 01356 (47.28%) | loss: 2.670435 | lrm: 1.00 | dt: 1695.74ms | tok/sec: 77,294 | mfu: 0.00 | epoch: 1 | total time: 33.61m
step 01357 (47.31%) | loss: 2.682840 | lrm: 1.00 | dt: 1686.46ms | tok/sec: 77,720 | mfu: 0.00 | epoch: 1 | total time: 33.64m
step 01358 (47.35%) | loss: 2.694651 | lrm: 1.00 | dt: 1685.51ms | tok/sec: 77,764 | mfu: 0.00 | epoch: 1 | total time: 33.67m
step 01359 (47.39%) | loss: 2.701057 | lrm: 1.00 | dt: 1684.33ms | tok/sec: 77,818 | mfu: 0.00 | epoch: 1 | total time: 33.70m
step 01360 (47.42%) | loss: 2.678477 | lrm: 1.00 | dt: 1700.68ms | tok/sec: 77,070 | mfu: 0.00 | epoch: 1 | total time: 33.73m
step 01361 (47.46%) | loss: 2.670747 | lrm: 1.00 | dt: 1696.35ms | tok/sec: 77,267 | mfu: 0.00 | epoch: 1 | total time: 33.75m
step 01362 (47.49%) | loss: 2.671004 | lrm: 1.00 | dt: 1688.23ms | tok/sec: 77,638 | mfu: 0.00 | epoch: 1 | total time: 33.78m
step 01363 (47.52%) | loss: 2.680381 | lrm: 1.00 | dt: 1695.14ms | tok/sec: 77,322 | mfu: 0.00 | epoch: 1 | total time: 33.81m
step 01364 (47.56%) | loss: 2.693960 | lrm: 1.00 | dt: 1693.83ms | tok/sec: 77,382 | mfu: 0.00 | epoch: 1 | total time: 33.84m
step 01365 (47.60%) | loss: 2.699235 | lrm: 1.00 | dt: 1687.35ms | tok/sec: 77,679 | mfu: 0.00 | epoch: 1 | total time: 33.87m
step 01366 (47.63%) | loss: 2.713157 | lrm: 1.00 | dt: 1692.41ms | tok/sec: 77,446 | mfu: 0.00 | epoch: 1 | total time: 33.90m
step 01367 (47.66%) | loss: 2.728536 | lrm: 1.00 | dt: 1692.46ms | tok/sec: 77,444 | mfu: 0.00 | epoch: 1 | total time: 33.92m
step 01368 (47.70%) | loss: 2.704269 | lrm: 1.00 | dt: 1690.63ms | tok/sec: 77,528 | mfu: 0.00 | epoch: 1 | total time: 33.95m
step 01369 (47.73%) | loss: 2.713292 | lrm: 1.00 | dt: 1692.30ms | tok/sec: 77,452 | mfu: 0.00 | epoch: 1 | total time: 33.98m
step 01370 (47.77%) | loss: 2.710600 | lrm: 1.00 | dt: 1688.13ms | tok/sec: 77,643 | mfu: 0.00 | epoch: 1 | total time: 34.01m
step 01371 (47.80%) | loss: 2.704712 | lrm: 1.00 | dt: 1696.83ms | tok/sec: 77,245 | mfu: 0.00 | epoch: 1 | total time: 34.04m
step 01372 (47.84%) | loss: 2.709826 | lrm: 1.00 | dt: 1690.57ms | tok/sec: 77,531 | mfu: 0.00 | epoch: 1 | total time: 34.06m
step 01373 (47.87%) | loss: 2.696899 | lrm: 1.00 | dt: 1688.15ms | tok/sec: 77,642 | mfu: 0.00 | epoch: 1 | total time: 34.09m
step 01374 (47.91%) | loss: 2.681890 | lrm: 1.00 | dt: 1685.46ms | tok/sec: 77,766 | mfu: 0.00 | epoch: 1 | total time: 34.12m
step 01375 (47.94%) | loss: 2.662208 | lrm: 1.00 | dt: 1691.33ms | tok/sec: 77,496 | mfu: 0.00 | epoch: 1 | total time: 34.15m
step 01376 (47.97%) | loss: 2.674218 | lrm: 1.00 | dt: 1692.10ms | tok/sec: 77,461 | mfu: 0.00 | epoch: 1 | total time: 34.18m
step 01377 (48.00%) | loss: 2.646502 | lrm: 1.00 | dt: 1692.17ms | tok/sec: 77,457 | mfu: 0.00 | epoch: 1 | total time: 34.21m
step 01378 (48.04%) | loss: 2.642369 | lrm: 1.00 | dt: 1691.28ms | tok/sec: 77,498 | mfu: 0.00 | epoch: 1 | total time: 34.23m
step 01379 (48.07%) | loss: 2.637238 | lrm: 1.00 | dt: 1688.16ms | tok/sec: 77,641 | mfu: 0.00 | epoch: 1 | total time: 34.26m
step 01380 (48.10%) | loss: 2.631803 | lrm: 1.00 | dt: 1686.82ms | tok/sec: 77,703 | mfu: 0.00 | epoch: 1 | total time: 34.29m
step 01381 (48.14%) | loss: 2.652981 | lrm: 1.00 | dt: 1706.05ms | tok/sec: 76,827 | mfu: 0.00 | epoch: 1 | total time: 34.32m
step 01382 (48.18%) | loss: 2.657452 | lrm: 1.00 | dt: 1637.93ms | tok/sec: 80,023 | mfu: 0.00 | epoch: 1 | total time: 34.35m
step 01383 (48.21%) | loss: 2.667048 | lrm: 1.00 | dt: 1637.38ms | tok/sec: 80,049 | mfu: 0.00 | epoch: 1 | total time: 34.37m
step 01384 (48.24%) | loss: 2.678256 | lrm: 1.00 | dt: 1658.17ms | tok/sec: 79,046 | mfu: 0.00 | epoch: 1 | total time: 34.40m
step 01385 (48.28%) | loss: 2.658041 | lrm: 1.00 | dt: 1654.71ms | tok/sec: 79,211 | mfu: 0.00 | epoch: 1 | total time: 34.43m
step 01386 (48.31%) | loss: 2.647098 | lrm: 1.00 | dt: 1657.65ms | tok/sec: 79,071 | mfu: 0.00 | epoch: 1 | total time: 34.46m
step 01387 (48.34%) | loss: 2.661689 | lrm: 1.00 | dt: 1654.59ms | tok/sec: 79,217 | mfu: 0.00 | epoch: 1 | total time: 34.48m
step 01388 (48.38%) | loss: 2.676628 | lrm: 1.00 | dt: 1658.82ms | tok/sec: 79,015 | mfu: 0.00 | epoch: 1 | total time: 34.51m
step 01389 (48.42%) | loss: 2.698297 | lrm: 1.00 | dt: 1655.01ms | tok/sec: 79,197 | mfu: 0.00 | epoch: 1 | total time: 34.54m
step 01390 (48.45%) | loss: 2.711894 | lrm: 1.00 | dt: 1665.63ms | tok/sec: 78,692 | mfu: 0.00 | epoch: 1 | total time: 34.57m
step 01391 (48.50%) | loss: 2.701455 | lrm: 1.00 | dt: 1668.19ms | tok/sec: 78,571 | mfu: 0.00 | epoch: 1 | total time: 34.59m
step 01392 (48.53%) | loss: 2.688574 | lrm: 1.00 | dt: 1669.16ms | tok/sec: 78,525 | mfu: 0.00 | epoch: 1 | total time: 34.62m
step 01393 (48.57%) | loss: 2.711613 | lrm: 1.00 | dt: 1660.58ms | tok/sec: 78,931 | mfu: 0.00 | epoch: 1 | total time: 34.65m
step 01394 (48.60%) | loss: 2.737008 | lrm: 1.00 | dt: 1647.70ms | tok/sec: 79,548 | mfu: 0.00 | epoch: 1 | total time: 34.68m
step 01395 (48.64%) | loss: 2.736736 | lrm: 1.00 | dt: 1657.80ms | tok/sec: 79,063 | mfu: 0.00 | epoch: 1 | total time: 34.70m
step 01396 (48.67%) | loss: 2.725743 | lrm: 1.00 | dt: 1666.47ms | tok/sec: 78,652 | mfu: 0.00 | epoch: 1 | total time: 34.73m
step 01397 (48.70%) | loss: 2.682128 | lrm: 1.00 | dt: 1654.18ms | tok/sec: 79,236 | mfu: 0.00 | epoch: 1 | total time: 34.76m
step 01398 (48.73%) | loss: 2.664873 | lrm: 1.00 | dt: 1661.02ms | tok/sec: 78,910 | mfu: 0.00 | epoch: 1 | total time: 34.79m
step 01399 (48.77%) | loss: 2.665635 | lrm: 1.00 | dt: 1656.89ms | tok/sec: 79,107 | mfu: 0.00 | epoch: 1 | total time: 34.81m
step 01400 (48.80%) | loss: 2.665336 | lrm: 1.00 | dt: 1671.05ms | tok/sec: 78,437 | mfu: 0.00 | epoch: 1 | total time: 34.84m
Step 01400 | Validation bpb: 0.8339
step 01401 (48.83%) | loss: 2.659357 | lrm: 1.00 | dt: 1789.24ms | tok/sec: 73,255 | mfu: 0.00 | epoch: 1 | total time: 34.87m
step 01402 (48.87%) | loss: 2.669608 | lrm: 1.00 | dt: 1647.13ms | tok/sec: 79,576 | mfu: 0.00 | epoch: 1 | total time: 34.90m
step 01403 (48.91%) | loss: 2.665237 | lrm: 1.00 | dt: 1664.53ms | tok/sec: 78,744 | mfu: 0.00 | epoch: 1 | total time: 34.93m
step 01404 (48.94%) | loss: 2.656979 | lrm: 1.00 | dt: 1663.86ms | tok/sec: 78,776 | mfu: 0.00 | epoch: 1 | total time: 34.96m
step 01405 (48.98%) | loss: 2.657115 | lrm: 1.00 | dt: 1666.11ms | tok/sec: 78,669 | mfu: 0.00 | epoch: 1 | total time: 34.98m
step 01406 (49.02%) | loss: 2.650968 | lrm: 1.00 | dt: 1633.36ms | tok/sec: 80,246 | mfu: 0.00 | epoch: 1 | total time: 35.01m
step 01407 (49.05%) | loss: 2.640677 | lrm: 1.00 | dt: 1659.86ms | tok/sec: 78,965 | mfu: 0.00 | epoch: 1 | total time: 35.04m
step 01408 (49.08%) | loss: 2.651769 | lrm: 1.00 | dt: 1646.86ms | tok/sec: 79,588 | mfu: 0.00 | epoch: 1 | total time: 35.07m
step 01409 (49.11%) | loss: 2.662349 | lrm: 1.00 | dt: 1669.69ms | tok/sec: 78,500 | mfu: 0.00 | epoch: 1 | total time: 35.09m
step 01410 (49.14%) | loss: 2.661306 | lrm: 1.00 | dt: 1660.57ms | tok/sec: 78,932 | mfu: 0.00 | epoch: 1 | total time: 35.12m
step 01411 (49.18%) | loss: 2.642459 | lrm: 1.00 | dt: 1616.53ms | tok/sec: 81,082 | mfu: 0.00 | epoch: 1 | total time: 35.15m
step 01412 (49.22%) | loss: 2.631823 | lrm: 1.00 | dt: 1659.14ms | tok/sec: 79,000 | mfu: 0.00 | epoch: 1 | total time: 35.18m
step 01413 (49.26%) | loss: 2.631393 | lrm: 1.00 | dt: 1658.10ms | tok/sec: 79,049 | mfu: 0.00 | epoch: 1 | total time: 35.20m
step 01414 (49.30%) | loss: 2.616645 | lrm: 1.00 | dt: 1653.38ms | tok/sec: 79,274 | mfu: 0.00 | epoch: 1 | total time: 35.23m
step 01415 (49.34%) | loss: 2.621385 | lrm: 1.00 | dt: 1654.86ms | tok/sec: 79,204 | mfu: 0.00 | epoch: 1 | total time: 35.26m
step 01416 (49.37%) | loss: 2.619395 | lrm: 1.00 | dt: 1666.23ms | tok/sec: 78,663 | mfu: 0.00 | epoch: 1 | total time: 35.29m
step 01417 (49.40%) | loss: 2.633048 | lrm: 1.00 | dt: 1650.47ms | tok/sec: 79,415 | mfu: 0.00 | epoch: 1 | total time: 35.31m
step 01418 (49.43%) | loss: 2.627339 | lrm: 1.00 | dt: 1669.45ms | tok/sec: 78,512 | mfu: 0.00 | epoch: 1 | total time: 35.34m
step 01419 (49.47%) | loss: 2.620037 | lrm: 1.00 | dt: 1657.80ms | tok/sec: 79,063 | mfu: 0.00 | epoch: 1 | total time: 35.37m
step 01420 (49.50%) | loss: 2.611617 | lrm: 1.00 | dt: 1639.92ms | tok/sec: 79,925 | mfu: 0.00 | epoch: 1 | total time: 35.40m
step 01421 (49.54%) | loss: 2.630136 | lrm: 1.00 | dt: 1649.55ms | tok/sec: 79,459 | mfu: 0.00 | epoch: 1 | total time: 35.42m
step 01422 (49.57%) | loss: 2.622636 | lrm: 1.00 | dt: 1641.58ms | tok/sec: 79,845 | mfu: 0.00 | epoch: 1 | total time: 35.45m
step 01423 (49.61%) | loss: 2.615157 | lrm: 1.00 | dt: 1658.29ms | tok/sec: 79,040 | mfu: 0.00 | epoch: 1 | total time: 35.48m
step 01424 (49.65%) | loss: 2.627657 | lrm: 1.00 | dt: 1642.48ms | tok/sec: 79,801 | mfu: 0.00 | epoch: 1 | total time: 35.51m
step 01425 (49.68%) | loss: 2.625926 | lrm: 1.00 | dt: 1677.43ms | tok/sec: 78,138 | mfu: 0.00 | epoch: 1 | total time: 35.53m
step 01426 (49.72%) | loss: 2.621427 | lrm: 1.00 | dt: 1671.10ms | tok/sec: 78,434 | mfu: 0.00 | epoch: 1 | total time: 35.56m
step 01427 (49.75%) | loss: 2.619549 | lrm: 1.00 | dt: 1665.91ms | tok/sec: 78,678 | mfu: 0.00 | epoch: 1 | total time: 35.59m
step 01428 (49.79%) | loss: 2.622061 | lrm: 1.00 | dt: 1666.50ms | tok/sec: 78,651 | mfu: 0.00 | epoch: 1 | total time: 35.62m
step 01429 (49.83%) | loss: 2.617729 | lrm: 1.00 | dt: 1673.06ms | tok/sec: 78,342 | mfu: 0.00 | epoch: 1 | total time: 35.65m
step 01430 (49.86%) | loss: 2.647223 | lrm: 1.00 | dt: 1645.84ms | tok/sec: 79,638 | mfu: 0.00 | epoch: 1 | total time: 35.67m
step 01431 (49.90%) | loss: 2.614663 | lrm: 1.00 | dt: 1658.09ms | tok/sec: 79,049 | mfu: 0.00 | epoch: 1 | total time: 35.70m
step 01432 (49.93%) | loss: 2.618294 | lrm: 1.00 | dt: 1693.06ms | tok/sec: 77,417 | mfu: 0.00 | epoch: 1 | total time: 35.73m
step 01433 (49.97%) | loss: 2.598024 | lrm: 1.00 | dt: 1672.36ms | tok/sec: 78,375 | mfu: 0.00 | epoch: 1 | total time: 35.76m
step 01434 (50.00%) | loss: 2.571778 | lrm: 1.00 | dt: 1664.01ms | tok/sec: 78,768 | mfu: 0.00 | epoch: 1 | total time: 35.78m
step 01435 (50.05%) | loss: 2.576555 | lrm: 1.00 | dt: 1805.16ms | tok/sec: 72,609 | mfu: 0.00 | epoch: 1 | total time: 35.81m
step 01436 (50.08%) | loss: 2.572467 | lrm: 1.00 | dt: 1676.48ms | tok/sec: 78,182 | mfu: 0.00 | epoch: 1 | total time: 35.84m
step 01437 (50.12%) | loss: 2.573161 | lrm: 1.00 | dt: 1635.30ms | tok/sec: 80,151 | mfu: 0.00 | epoch: 1 | total time: 35.87m
step 01438 (50.16%) | loss: 2.573638 | lrm: 1.00 | dt: 1649.64ms | tok/sec: 79,455 | mfu: 0.00 | epoch: 1 | total time: 35.90m
step 01439 (50.20%) | loss: 2.560069 | lrm: 1.00 | dt: 1651.57ms | tok/sec: 79,362 | mfu: 0.00 | epoch: 1 | total time: 35.92m
step 01440 (50.23%) | loss: 2.564811 | lrm: 1.00 | dt: 1665.53ms | tok/sec: 78,696 | mfu: 0.00 | epoch: 1 | total time: 35.95m
step 01441 (50.26%) | loss: 2.587314 | lrm: 0.99 | dt: 1661.73ms | tok/sec: 78,876 | mfu: 0.00 | epoch: 1 | total time: 35.98m
step 01442 (50.29%) | loss: 2.579899 | lrm: 0.99 | dt: 1668.94ms | tok/sec: 78,536 | mfu: 0.00 | epoch: 1 | total time: 36.01m
step 01443 (50.32%) | loss: 2.610304 | lrm: 0.99 | dt: 1668.95ms | tok/sec: 78,535 | mfu: 0.00 | epoch: 1 | total time: 36.04m
step 01444 (50.36%) | loss: 2.628396 | lrm: 0.99 | dt: 1626.65ms | tok/sec: 80,577 | mfu: 0.00 | epoch: 1 | total time: 36.06m
step 01445 (50.40%) | loss: 2.620742 | lrm: 0.99 | dt: 1677.30ms | tok/sec: 78,144 | mfu: 0.00 | epoch: 1 | total time: 36.09m
step 01446 (50.43%) | loss: 2.612230 | lrm: 0.99 | dt: 1668.38ms | tok/sec: 78,562 | mfu: 0.00 | epoch: 1 | total time: 36.12m
step 01447 (50.46%) | loss: 2.622018 | lrm: 0.99 | dt: 1665.83ms | tok/sec: 78,682 | mfu: 0.00 | epoch: 1 | total time: 36.15m
step 01448 (50.50%) | loss: 2.622129 | lrm: 0.99 | dt: 1650.13ms | tok/sec: 79,431 | mfu: 0.00 | epoch: 1 | total time: 36.17m
step 01449 (50.54%) | loss: 2.603716 | lrm: 0.99 | dt: 1672.31ms | tok/sec: 78,377 | mfu: 0.00 | epoch: 1 | total time: 36.20m
step 01450 (50.57%) | loss: 2.597782 | lrm: 0.99 | dt: 1643.89ms | tok/sec: 79,732 | mfu: 0.00 | epoch: 1 | total time: 36.23m
step 01451 (50.61%) | loss: 2.603288 | lrm: 0.99 | dt: 1672.16ms | tok/sec: 78,384 | mfu: 0.00 | epoch: 1 | total time: 36.26m
step 01452 (50.64%) | loss: 2.590844 | lrm: 0.99 | dt: 1642.34ms | tok/sec: 79,808 | mfu: 0.00 | epoch: 1 | total time: 36.28m
step 01453 (50.68%) | loss: 2.592917 | lrm: 0.99 | dt: 1685.10ms | tok/sec: 77,782 | mfu: 0.00 | epoch: 1 | total time: 36.31m
step 01454 (50.71%) | loss: 2.606716 | lrm: 0.99 | dt: 1668.63ms | tok/sec: 78,550 | mfu: 0.00 | epoch: 1 | total time: 36.34m
step 01455 (50.74%) | loss: 2.602389 | lrm: 0.99 | dt: 1932.99ms | tok/sec: 67,807 | mfu: 0.00 | epoch: 1 | total time: 36.37m
step 01456 (50.77%) | loss: 2.584605 | lrm: 0.98 | dt: 1931.41ms | tok/sec: 67,863 | mfu: 0.00 | epoch: 1 | total time: 36.40m
step 01457 (50.80%) | loss: 2.614054 | lrm: 0.98 | dt: 2061.40ms | tok/sec: 63,583 | mfu: 0.00 | epoch: 1 | total time: 36.44m
step 01458 (50.84%) | loss: 2.632183 | lrm: 0.98 | dt: 2021.62ms | tok/sec: 64,835 | mfu: 0.00 | epoch: 1 | total time: 36.47m
step 01459 (50.87%) | loss: 2.643347 | lrm: 0.98 | dt: 1987.05ms | tok/sec: 65,963 | mfu: 0.00 | epoch: 1 | total time: 36.51m
step 01460 (50.91%) | loss: 2.631467 | lrm: 0.98 | dt: 2103.30ms | tok/sec: 62,317 | mfu: 0.00 | epoch: 1 | total time: 36.54m
step 01461 (50.94%) | loss: 2.622136 | lrm: 0.98 | dt: 1973.43ms | tok/sec: 66,418 | mfu: 0.00 | epoch: 1 | total time: 36.57m
step 01462 (50.97%) | loss: 2.616596 | lrm: 0.98 | dt: 1979.82ms | tok/sec: 66,203 | mfu: 0.00 | epoch: 1 | total time: 36.61m
step 01463 (51.01%) | loss: 2.622645 | lrm: 0.98 | dt: 1886.00ms | tok/sec: 69,497 | mfu: 0.00 | epoch: 1 | total time: 36.64m
step 01464 (51.04%) | loss: 2.641878 | lrm: 0.98 | dt: 2057.54ms | tok/sec: 63,703 | mfu: 0.00 | epoch: 1 | total time: 36.67m
step 01465 (51.08%) | loss: 2.623214 | lrm: 0.98 | dt: 1922.81ms | tok/sec: 68,167 | mfu: 0.00 | epoch: 1 | total time: 36.70m
step 01466 (51.11%) | loss: 2.636316 | lrm: 0.98 | dt: 2030.93ms | tok/sec: 64,538 | mfu: 0.00 | epoch: 1 | total time: 36.74m
step 01467 (51.14%) | loss: 2.643480 | lrm: 0.98 | dt: 1717.67ms | tok/sec: 76,308 | mfu: 0.00 | epoch: 1 | total time: 36.77m
step 01468 (51.18%) | loss: 2.646969 | lrm: 0.98 | dt: 1707.15ms | tok/sec: 76,778 | mfu: 0.00 | epoch: 1 | total time: 36.80m
step 01469 (51.21%) | loss: 2.661590 | lrm: 0.98 | dt: 1717.78ms | tok/sec: 76,303 | mfu: 0.00 | epoch: 1 | total time: 36.82m
step 01470 (51.25%) | loss: 2.687614 | lrm: 0.98 | dt: 1690.32ms | tok/sec: 77,542 | mfu: 0.00 | epoch: 1 | total time: 36.85m
step 01471 (51.28%) | loss: 2.684814 | lrm: 0.97 | dt: 1692.58ms | tok/sec: 77,439 | mfu: 0.00 | epoch: 1 | total time: 36.88m
step 01472 (51.32%) | loss: 2.694472 | lrm: 0.97 | dt: 1725.67ms | tok/sec: 75,954 | mfu: 0.00 | epoch: 1 | total time: 36.91m
step 01473 (51.35%) | loss: 2.661865 | lrm: 0.97 | dt: 1763.78ms | tok/sec: 74,312 | mfu: 0.00 | epoch: 1 | total time: 36.94m
step 01474 (51.39%) | loss: 2.636217 | lrm: 0.97 | dt: 1524.21ms | tok/sec: 85,993 | mfu: 0.00 | epoch: 1 | total time: 36.96m
step 01475 (51.42%) | loss: 2.660106 | lrm: 0.97 | dt: 1535.31ms | tok/sec: 85,371 | mfu: 0.00 | epoch: 1 | total time: 36.99m
step 01476 (51.46%) | loss: 2.656174 | lrm: 0.97 | dt: 1615.67ms | tok/sec: 81,125 | mfu: 0.00 | epoch: 1 | total time: 37.02m
step 01477 (51.49%) | loss: 2.669130 | lrm: 0.97 | dt: 1469.00ms | tok/sec: 89,225 | mfu: 0.00 | epoch: 1 | total time: 37.04m
step 01478 (51.53%) | loss: 2.684626 | lrm: 0.97 | dt: 1467.23ms | tok/sec: 89,332 | mfu: 0.00 | epoch: 1 | total time: 37.07m
step 01479 (51.56%) | loss: 2.688087 | lrm: 0.97 | dt: 1466.22ms | tok/sec: 89,394 | mfu: 0.00 | epoch: 1 | total time: 37.09m
step 01480 (51.60%) | loss: 2.684763 | lrm: 0.97 | dt: 1466.36ms | tok/sec: 89,386 | mfu: 0.00 | epoch: 1 | total time: 37.11m
step 01481 (51.63%) | loss: 2.680662 | lrm: 0.97 | dt: 1467.44ms | tok/sec: 89,320 | mfu: 0.00 | epoch: 1 | total time: 37.14m
step 01482 (51.67%) | loss: 2.670351 | lrm: 0.97 | dt: 1469.47ms | tok/sec: 89,196 | mfu: 0.00 | epoch: 1 | total time: 37.16m
step 01483 (51.70%) | loss: 2.678129 | lrm: 0.97 | dt: 1468.00ms | tok/sec: 89,286 | mfu: 0.00 | epoch: 1 | total time: 37.19m
step 01484 (51.73%) | loss: 2.677152 | lrm: 0.97 | dt: 1463.65ms | tok/sec: 89,551 | mfu: 0.00 | epoch: 1 | total time: 37.21m
step 01485 (51.76%) | loss: 2.649140 | lrm: 0.96 | dt: 1464.67ms | tok/sec: 89,488 | mfu: 0.00 | epoch: 1 | total time: 37.24m
step 01486 (51.80%) | loss: 2.662421 | lrm: 0.96 | dt: 1463.25ms | tok/sec: 89,575 | mfu: 0.00 | epoch: 1 | total time: 37.26m
step 01487 (51.83%) | loss: 2.678119 | lrm: 0.96 | dt: 1464.58ms | tok/sec: 89,494 | mfu: 0.00 | epoch: 1 | total time: 37.29m
step 01488 (51.87%) | loss: 2.663178 | lrm: 0.96 | dt: 1463.85ms | tok/sec: 89,539 | mfu: 0.00 | epoch: 1 | total time: 37.31m
step 01489 (51.90%) | loss: 2.668184 | lrm: 0.96 | dt: 1463.98ms | tok/sec: 89,531 | mfu: 0.00 | epoch: 1 | total time: 37.33m
step 01490 (51.94%) | loss: 2.659387 | lrm: 0.96 | dt: 1463.90ms | tok/sec: 89,535 | mfu: 0.00 | epoch: 1 | total time: 37.36m
step 01491 (51.97%) | loss: 2.641970 | lrm: 0.96 | dt: 1463.53ms | tok/sec: 89,558 | mfu: 0.00 | epoch: 1 | total time: 37.38m
step 01492 (52.01%) | loss: 2.638623 | lrm: 0.96 | dt: 1464.20ms | tok/sec: 89,517 | mfu: 0.00 | epoch: 1 | total time: 37.41m
step 01493 (52.04%) | loss: 2.641928 | lrm: 0.96 | dt: 1469.71ms | tok/sec: 89,181 | mfu: 0.00 | epoch: 1 | total time: 37.43m
step 01494 (52.08%) | loss: 2.649046 | lrm: 0.96 | dt: 1476.92ms | tok/sec: 88,746 | mfu: 0.00 | epoch: 1 | total time: 37.46m
step 01495 (52.11%) | loss: 2.656272 | lrm: 0.96 | dt: 1463.02ms | tok/sec: 89,590 | mfu: 0.00 | epoch: 1 | total time: 37.48m
step 01496 (52.14%) | loss: 2.661652 | lrm: 0.96 | dt: 1464.15ms | tok/sec: 89,520 | mfu: 0.00 | epoch: 1 | total time: 37.51m
step 01497 (52.18%) | loss: 2.682018 | lrm: 0.96 | dt: 1463.11ms | tok/sec: 89,584 | mfu: 0.00 | epoch: 1 | total time: 37.53m
step 01498 (52.21%) | loss: 2.682652 | lrm: 0.96 | dt: 1465.18ms | tok/sec: 89,457 | mfu: 0.00 | epoch: 1 | total time: 37.55m
step 01499 (52.25%) | loss: 2.704815 | lrm: 0.96 | dt: 1464.84ms | tok/sec: 89,478 | mfu: 0.00 | epoch: 1 | total time: 37.58m
step 01500 (52.28%) | loss: 2.701944 | lrm: 0.95 | dt: 1465.83ms | tok/sec: 89,418 | mfu: 0.00 | epoch: 1 | total time: 37.60m
Step 01500 | Validation bpb: 0.8287
step 01501 (52.31%) | loss: 2.691363 | lrm: 0.95 | dt: 1522.59ms | tok/sec: 86,084 | mfu: 0.00 | epoch: 1 | total time: 37.63m
step 01502 (52.34%) | loss: 2.674406 | lrm: 0.95 | dt: 1465.77ms | tok/sec: 89,421 | mfu: 0.00 | epoch: 1 | total time: 37.65m
step 01503 (52.38%) | loss: 2.674539 | lrm: 0.95 | dt: 1466.41ms | tok/sec: 89,382 | mfu: 0.00 | epoch: 1 | total time: 37.68m
step 01504 (52.42%) | loss: 2.692351 | lrm: 0.95 | dt: 1467.03ms | tok/sec: 89,345 | mfu: 0.00 | epoch: 1 | total time: 37.70m
step 01505 (52.46%) | loss: 2.672574 | lrm: 0.95 | dt: 1464.02ms | tok/sec: 89,528 | mfu: 0.00 | epoch: 1 | total time: 37.73m
step 01506 (52.49%) | loss: 2.679223 | lrm: 0.95 | dt: 1465.61ms | tok/sec: 89,431 | mfu: 0.00 | epoch: 1 | total time: 37.75m
step 01507 (52.53%) | loss: 2.674083 | lrm: 0.95 | dt: 1465.01ms | tok/sec: 89,468 | mfu: 0.00 | epoch: 1 | total time: 37.78m
step 01508 (52.56%) | loss: 2.683352 | lrm: 0.95 | dt: 1464.51ms | tok/sec: 89,498 | mfu: 0.00 | epoch: 1 | total time: 37.80m
step 01509 (52.60%) | loss: 2.651991 | lrm: 0.95 | dt: 1463.02ms | tok/sec: 89,590 | mfu: 0.00 | epoch: 1 | total time: 37.82m
step 01510 (52.63%) | loss: 2.653321 | lrm: 0.95 | dt: 1464.45ms | tok/sec: 89,502 | mfu: 0.00 | epoch: 1 | total time: 37.85m
step 01511 (52.67%) | loss: 2.661047 | lrm: 0.95 | dt: 1462.69ms | tok/sec: 89,610 | mfu: 0.00 | epoch: 1 | total time: 37.87m
step 01512 (52.71%) | loss: 2.671948 | lrm: 0.95 | dt: 1463.56ms | tok/sec: 89,557 | mfu: 0.00 | epoch: 1 | total time: 37.90m
step 01513 (52.74%) | loss: 2.672223 | lrm: 0.95 | dt: 1464.40ms | tok/sec: 89,505 | mfu: 0.00 | epoch: 1 | total time: 37.92m
step 01514 (52.77%) | loss: 2.678564 | lrm: 0.94 | dt: 1464.03ms | tok/sec: 89,528 | mfu: 0.00 | epoch: 1 | total time: 37.95m
step 01515 (52.81%) | loss: 2.676713 | lrm: 0.94 | dt: 1464.79ms | tok/sec: 89,481 | mfu: 0.00 | epoch: 1 | total time: 37.97m
step 01516 (52.84%) | loss: 2.655860 | lrm: 0.94 | dt: 1463.21ms | tok/sec: 89,578 | mfu: 0.00 | epoch: 1 | total time: 37.99m
step 01517 (52.87%) | loss: 2.654472 | lrm: 0.94 | dt: 1463.75ms | tok/sec: 89,545 | mfu: 0.00 | epoch: 1 | total time: 38.02m
step 01518 (52.91%) | loss: 2.650358 | lrm: 0.94 | dt: 1463.81ms | tok/sec: 89,541 | mfu: 0.00 | epoch: 1 | total time: 38.04m
step 01519 (52.95%) | loss: 2.658996 | lrm: 0.94 | dt: 1463.66ms | tok/sec: 89,550 | mfu: 0.00 | epoch: 1 | total time: 38.07m
step 01520 (52.98%) | loss: 2.672733 | lrm: 0.94 | dt: 1463.98ms | tok/sec: 89,531 | mfu: 0.00 | epoch: 1 | total time: 38.09m
step 01521 (53.01%) | loss: 2.670661 | lrm: 0.94 | dt: 1463.89ms | tok/sec: 89,536 | mfu: 0.00 | epoch: 1 | total time: 38.12m
step 01522 (53.04%) | loss: 2.634686 | lrm: 0.94 | dt: 1463.72ms | tok/sec: 89,547 | mfu: 0.00 | epoch: 1 | total time: 38.14m
step 01523 (53.08%) | loss: 2.651541 | lrm: 0.94 | dt: 1463.94ms | tok/sec: 89,533 | mfu: 0.00 | epoch: 1 | total time: 38.17m
step 01524 (53.11%) | loss: 2.646931 | lrm: 0.94 | dt: 1464.37ms | tok/sec: 89,507 | mfu: 0.00 | epoch: 1 | total time: 38.19m
step 01525 (53.15%) | loss: 2.663551 | lrm: 0.94 | dt: 1464.25ms | tok/sec: 89,514 | mfu: 0.00 | epoch: 1 | total time: 38.21m
step 01526 (53.19%) | loss: 2.663942 | lrm: 0.94 | dt: 1464.74ms | tok/sec: 89,484 | mfu: 0.00 | epoch: 1 | total time: 38.24m
step 01527 (53.22%) | loss: 2.641033 | lrm: 0.94 | dt: 1462.79ms | tok/sec: 89,603 | mfu: 0.00 | epoch: 1 | total time: 38.26m
step 01528 (53.25%) | loss: 2.643609 | lrm: 0.94 | dt: 1464.58ms | tok/sec: 89,494 | mfu: 0.00 | epoch: 1 | total time: 38.29m
step 01529 (53.28%) | loss: 2.626078 | lrm: 0.93 | dt: 1463.27ms | tok/sec: 89,574 | mfu: 0.00 | epoch: 1 | total time: 38.31m
step 01530 (53.32%) | loss: 2.625189 | lrm: 0.93 | dt: 1464.36ms | tok/sec: 89,507 | mfu: 0.00 | epoch: 1 | total time: 38.34m
step 01531 (53.36%) | loss: 2.622954 | lrm: 0.93 | dt: 1463.23ms | tok/sec: 89,577 | mfu: 0.00 | epoch: 1 | total time: 38.36m
step 01532 (53.39%) | loss: 2.642780 | lrm: 0.93 | dt: 1464.32ms | tok/sec: 89,510 | mfu: 0.00 | epoch: 1 | total time: 38.39m
step 01533 (53.42%) | loss: 2.637620 | lrm: 0.93 | dt: 1463.39ms | tok/sec: 89,567 | mfu: 0.00 | epoch: 1 | total time: 38.41m
step 01534 (53.46%) | loss: 2.629782 | lrm: 0.93 | dt: 1464.71ms | tok/sec: 89,486 | mfu: 0.00 | epoch: 1 | total time: 38.43m
step 01535 (53.49%) | loss: 2.612319 | lrm: 0.93 | dt: 1463.62ms | tok/sec: 89,553 | mfu: 0.00 | epoch: 1 | total time: 38.46m
step 01536 (53.54%) | loss: 2.611717 | lrm: 0.93 | dt: 1466.53ms | tok/sec: 89,375 | mfu: 0.00 | epoch: 1 | total time: 38.48m
step 01537 (53.57%) | loss: 2.613609 | lrm: 0.93 | dt: 1464.35ms | tok/sec: 89,508 | mfu: 0.00 | epoch: 1 | total time: 38.51m
step 01538 (53.61%) | loss: 2.614597 | lrm: 0.93 | dt: 1463.74ms | tok/sec: 89,545 | mfu: 0.00 | epoch: 1 | total time: 38.53m
step 01539 (53.65%) | loss: 2.596948 | lrm: 0.93 | dt: 1463.69ms | tok/sec: 89,549 | mfu: 0.00 | epoch: 1 | total time: 38.56m
step 01540 (53.69%) | loss: 2.604058 | lrm: 0.93 | dt: 1463.85ms | tok/sec: 89,539 | mfu: 0.00 | epoch: 1 | total time: 38.58m
step 01541 (53.72%) | loss: 2.632171 | lrm: 0.93 | dt: 1463.48ms | tok/sec: 89,561 | mfu: 0.00 | epoch: 1 | total time: 38.60m
step 01542 (53.75%) | loss: 2.631400 | lrm: 0.93 | dt: 1462.85ms | tok/sec: 89,600 | mfu: 0.00 | epoch: 1 | total time: 38.63m
step 01543 (53.78%) | loss: 2.619007 | lrm: 0.92 | dt: 1464.77ms | tok/sec: 89,482 | mfu: 0.00 | epoch: 1 | total time: 38.65m
step 01544 (53.82%) | loss: 2.634262 | lrm: 0.92 | dt: 1462.56ms | tok/sec: 89,618 | mfu: 0.00 | epoch: 1 | total time: 38.68m
step 01545 (53.86%) | loss: 2.633010 | lrm: 0.92 | dt: 1464.93ms | tok/sec: 89,473 | mfu: 0.00 | epoch: 1 | total time: 38.70m
step 01546 (53.90%) | loss: 2.643066 | lrm: 0.92 | dt: 1462.94ms | tok/sec: 89,594 | mfu: 0.00 | epoch: 1 | total time: 38.73m
step 01547 (53.93%) | loss: 2.633108 | lrm: 0.92 | dt: 1464.30ms | tok/sec: 89,511 | mfu: 0.00 | epoch: 1 | total time: 38.75m
step 01548 (53.97%) | loss: 2.627673 | lrm: 0.92 | dt: 1463.67ms | tok/sec: 89,550 | mfu: 0.00 | epoch: 1 | total time: 38.78m
step 01549 (54.00%) | loss: 2.617891 | lrm: 0.92 | dt: 1463.07ms | tok/sec: 89,586 | mfu: 0.00 | epoch: 1 | total time: 38.80m
step 01550 (54.03%) | loss: 2.638077 | lrm: 0.92 | dt: 1463.29ms | tok/sec: 89,573 | mfu: 0.00 | epoch: 1 | total time: 38.82m
step 01551 (54.07%) | loss: 2.642135 | lrm: 0.92 | dt: 1462.93ms | tok/sec: 89,595 | mfu: 0.00 | epoch: 1 | total time: 38.85m
step 01552 (54.11%) | loss: 2.641683 | lrm: 0.92 | dt: 1464.69ms | tok/sec: 89,488 | mfu: 0.00 | epoch: 1 | total time: 38.87m
step 01553 (54.14%) | loss: 2.656564 | lrm: 0.92 | dt: 1462.90ms | tok/sec: 89,597 | mfu: 0.00 | epoch: 1 | total time: 38.90m
step 01554 (54.18%) | loss: 2.636219 | lrm: 0.92 | dt: 1463.78ms | tok/sec: 89,543 | mfu: 0.00 | epoch: 1 | total time: 38.92m
step 01555 (54.21%) | loss: 2.641994 | lrm: 0.92 | dt: 1462.92ms | tok/sec: 89,596 | mfu: 0.00 | epoch: 1 | total time: 38.95m
step 01556 (54.24%) | loss: 2.646318 | lrm: 0.92 | dt: 1465.23ms | tok/sec: 89,455 | mfu: 0.00 | epoch: 1 | total time: 38.97m
step 01557 (54.28%) | loss: 2.647770 | lrm: 0.91 | dt: 1463.32ms | tok/sec: 89,571 | mfu: 0.00 | epoch: 1 | total time: 39.00m
step 01558 (54.32%) | loss: 2.629482 | lrm: 0.91 | dt: 1464.97ms | tok/sec: 89,470 | mfu: 0.00 | epoch: 1 | total time: 39.02m
step 01559 (54.35%) | loss: 2.652126 | lrm: 0.91 | dt: 1463.54ms | tok/sec: 89,558 | mfu: 0.00 | epoch: 1 | total time: 39.04m
step 01560 (54.39%) | loss: 2.683480 | lrm: 0.91 | dt: 1464.58ms | tok/sec: 89,494 | mfu: 0.00 | epoch: 1 | total time: 39.07m
step 01561 (54.42%) | loss: 2.660543 | lrm: 0.91 | dt: 1462.86ms | tok/sec: 89,600 | mfu: 0.00 | epoch: 1 | total time: 39.09m
step 01562 (54.46%) | loss: 2.666568 | lrm: 0.91 | dt: 1462.33ms | tok/sec: 89,632 | mfu: 0.00 | epoch: 1 | total time: 39.12m
step 01563 (54.50%) | loss: 2.649336 | lrm: 0.91 | dt: 1464.04ms | tok/sec: 89,527 | mfu: 0.00 | epoch: 1 | total time: 39.14m
step 01564 (54.53%) | loss: 2.652540 | lrm: 0.91 | dt: 1463.31ms | tok/sec: 89,572 | mfu: 0.00 | epoch: 1 | total time: 39.17m
step 01565 (54.56%) | loss: 2.678900 | lrm: 0.91 | dt: 1464.41ms | tok/sec: 89,505 | mfu: 0.00 | epoch: 1 | total time: 39.19m
step 01566 (54.60%) | loss: 2.677180 | lrm: 0.91 | dt: 1465.49ms | tok/sec: 89,438 | mfu: 0.00 | epoch: 1 | total time: 39.21m
step 01567 (54.63%) | loss: 2.650360 | lrm: 0.91 | dt: 1463.89ms | tok/sec: 89,536 | mfu: 0.00 | epoch: 1 | total time: 39.24m
step 01568 (54.66%) | loss: 2.658976 | lrm: 0.91 | dt: 1463.49ms | tok/sec: 89,561 | mfu: 0.00 | epoch: 1 | total time: 39.26m
step 01569 (54.70%) | loss: 2.667394 | lrm: 0.91 | dt: 1464.43ms | tok/sec: 89,503 | mfu: 0.00 | epoch: 1 | total time: 39.29m
step 01570 (54.73%) | loss: 2.639396 | lrm: 0.91 | dt: 1462.92ms | tok/sec: 89,596 | mfu: 0.00 | epoch: 1 | total time: 39.31m
step 01571 (54.77%) | loss: 2.643201 | lrm: 0.90 | dt: 1463.55ms | tok/sec: 89,557 | mfu: 0.00 | epoch: 1 | total time: 39.34m
step 01572 (54.80%) | loss: 2.648487 | lrm: 0.90 | dt: 1463.46ms | tok/sec: 89,562 | mfu: 0.00 | epoch: 1 | total time: 39.36m
step 01573 (54.83%) | loss: 2.648089 | lrm: 0.90 | dt: 1463.92ms | tok/sec: 89,534 | mfu: 0.00 | epoch: 1 | total time: 39.39m
step 01574 (54.87%) | loss: 2.643895 | lrm: 0.90 | dt: 1463.13ms | tok/sec: 89,583 | mfu: 0.00 | epoch: 1 | total time: 39.41m
step 01575 (54.90%) | loss: 2.664424 | lrm: 0.90 | dt: 1463.66ms | tok/sec: 89,550 | mfu: 0.00 | epoch: 1 | total time: 39.43m
step 01576 (54.93%) | loss: 2.655522 | lrm: 0.90 | dt: 1464.86ms | tok/sec: 89,477 | mfu: 0.00 | epoch: 1 | total time: 39.46m
step 01577 (54.97%) | loss: 2.648527 | lrm: 0.90 | dt: 1463.51ms | tok/sec: 89,559 | mfu: 0.00 | epoch: 1 | total time: 39.48m
step 01578 (55.01%) | loss: 2.638520 | lrm: 0.90 | dt: 1463.76ms | tok/sec: 89,544 | mfu: 0.00 | epoch: 1 | total time: 39.51m
step 01579 (55.05%) | loss: 2.623441 | lrm: 0.90 | dt: 1463.41ms | tok/sec: 89,566 | mfu: 0.00 | epoch: 1 | total time: 39.53m
step 01580 (55.08%) | loss: 2.621177 | lrm: 0.90 | dt: 1464.44ms | tok/sec: 89,503 | mfu: 0.00 | epoch: 1 | total time: 39.56m
step 01581 (55.12%) | loss: 2.603790 | lrm: 0.90 | dt: 1462.40ms | tok/sec: 89,628 | mfu: 0.00 | epoch: 1 | total time: 39.58m
step 01582 (55.15%) | loss: 2.606740 | lrm: 0.90 | dt: 1463.70ms | tok/sec: 89,548 | mfu: 0.00 | epoch: 1 | total time: 39.60m
step 01583 (55.19%) | loss: 2.600600 | lrm: 0.90 | dt: 1463.17ms | tok/sec: 89,581 | mfu: 0.00 | epoch: 1 | total time: 39.63m
step 01584 (55.23%) | loss: 2.611140 | lrm: 0.90 | dt: 1464.32ms | tok/sec: 89,510 | mfu: 0.00 | epoch: 1 | total time: 39.65m
step 01585 (55.26%) | loss: 2.625745 | lrm: 0.89 | dt: 1463.62ms | tok/sec: 89,552 | mfu: 0.00 | epoch: 1 | total time: 39.68m
step 01586 (55.31%) | loss: 2.642025 | lrm: 0.89 | dt: 1463.88ms | tok/sec: 89,537 | mfu: 0.00 | epoch: 1 | total time: 39.70m
step 01587 (55.35%) | loss: 2.658964 | lrm: 0.89 | dt: 1464.25ms | tok/sec: 89,514 | mfu: 0.00 | epoch: 1 | total time: 39.73m
step 01588 (55.38%) | loss: 2.681113 | lrm: 0.89 | dt: 1463.90ms | tok/sec: 89,536 | mfu: 0.00 | epoch: 1 | total time: 39.75m
step 01589 (55.42%) | loss: 2.675456 | lrm: 0.89 | dt: 1464.05ms | tok/sec: 89,526 | mfu: 0.00 | epoch: 1 | total time: 39.78m
step 01590 (55.46%) | loss: 2.670223 | lrm: 0.89 | dt: 1463.20ms | tok/sec: 89,579 | mfu: 0.00 | epoch: 1 | total time: 39.80m
step 01591 (55.50%) | loss: 2.700616 | lrm: 0.89 | dt: 1463.35ms | tok/sec: 89,570 | mfu: 0.00 | epoch: 1 | total time: 39.82m
step 01592 (55.54%) | loss: 2.705365 | lrm: 0.89 | dt: 1464.16ms | tok/sec: 89,520 | mfu: 0.00 | epoch: 1 | total time: 39.85m
step 01593 (55.57%) | loss: 2.697650 | lrm: 0.89 | dt: 1464.53ms | tok/sec: 89,497 | mfu: 0.00 | epoch: 1 | total time: 39.87m
step 01594 (55.61%) | loss: 2.690724 | lrm: 0.89 | dt: 1462.52ms | tok/sec: 89,620 | mfu: 0.00 | epoch: 1 | total time: 39.90m
step 01595 (55.64%) | loss: 2.687557 | lrm: 0.89 | dt: 1465.95ms | tok/sec: 89,410 | mfu: 0.00 | epoch: 1 | total time: 39.92m
step 01596 (55.67%) | loss: 2.678303 | lrm: 0.89 | dt: 1463.17ms | tok/sec: 89,580 | mfu: 0.00 | epoch: 1 | total time: 39.95m
step 01597 (55.71%) | loss: 2.659792 | lrm: 0.89 | dt: 1464.77ms | tok/sec: 89,482 | mfu: 0.00 | epoch: 1 | total time: 39.97m
step 01598 (55.74%) | loss: 2.680464 | lrm: 0.89 | dt: 1463.22ms | tok/sec: 89,577 | mfu: 0.00 | epoch: 1 | total time: 40.00m
step 01599 (55.77%) | loss: 2.664145 | lrm: 0.88 | dt: 1464.00ms | tok/sec: 89,529 | mfu: 0.00 | epoch: 1 | total time: 40.02m
step 01600 (55.81%) | loss: 2.677392 | lrm: 0.88 | dt: 1463.45ms | tok/sec: 89,563 | mfu: 0.00 | epoch: 1 | total time: 40.04m
Step 01600 | Validation bpb: 0.8235
step 01601 (55.84%) | loss: 2.679177 | lrm: 0.88 | dt: 1534.50ms | tok/sec: 85,416 | mfu: 0.00 | epoch: 1 | total time: 40.07m
step 01602 (55.88%) | loss: 2.669878 | lrm: 0.88 | dt: 1463.69ms | tok/sec: 89,549 | mfu: 0.00 | epoch: 1 | total time: 40.09m
step 01603 (55.91%) | loss: 2.673123 | lrm: 0.88 | dt: 1465.08ms | tok/sec: 89,463 | mfu: 0.00 | epoch: 1 | total time: 40.12m
step 01604 (55.94%) | loss: 2.647734 | lrm: 0.88 | dt: 1463.79ms | tok/sec: 89,542 | mfu: 0.00 | epoch: 1 | total time: 40.14m
step 01605 (55.97%) | loss: 2.620871 | lrm: 0.88 | dt: 1465.54ms | tok/sec: 89,435 | mfu: 0.00 | epoch: 1 | total time: 40.17m
step 01606 (56.01%) | loss: 2.616660 | lrm: 0.88 | dt: 1463.29ms | tok/sec: 89,573 | mfu: 0.00 | epoch: 1 | total time: 40.19m
step 01607 (56.05%) | loss: 2.610789 | lrm: 0.88 | dt: 1464.51ms | tok/sec: 89,498 | mfu: 0.00 | epoch: 1 | total time: 40.22m
step 01608 (56.09%) | loss: 2.620023 | lrm: 0.88 | dt: 1463.33ms | tok/sec: 89,570 | mfu: 0.00 | epoch: 1 | total time: 40.24m
step 01609 (56.12%) | loss: 2.620531 | lrm: 0.88 | dt: 1462.63ms | tok/sec: 89,613 | mfu: 0.00 | epoch: 1 | total time: 40.26m
step 01610 (56.16%) | loss: 2.614104 | lrm: 0.88 | dt: 1464.48ms | tok/sec: 89,500 | mfu: 0.00 | epoch: 1 | total time: 40.29m
step 01611 (56.19%) | loss: 2.604328 | lrm: 0.88 | dt: 1463.47ms | tok/sec: 89,562 | mfu: 0.00 | epoch: 1 | total time: 40.31m
step 01612 (56.23%) | loss: 2.600658 | lrm: 0.88 | dt: 1464.50ms | tok/sec: 89,499 | mfu: 0.00 | epoch: 1 | total time: 40.34m
step 01613 (56.26%) | loss: 2.609752 | lrm: 0.87 | dt: 1463.69ms | tok/sec: 89,549 | mfu: 0.00 | epoch: 1 | total time: 40.36m
step 01614 (56.30%) | loss: 2.596804 | lrm: 0.87 | dt: 1464.76ms | tok/sec: 89,483 | mfu: 0.00 | epoch: 1 | total time: 40.39m
step 01615 (56.33%) | loss: 2.597696 | lrm: 0.87 | dt: 1464.44ms | tok/sec: 89,503 | mfu: 0.00 | epoch: 1 | total time: 40.41m
step 01616 (56.37%) | loss: 2.608034 | lrm: 0.87 | dt: 1464.59ms | tok/sec: 89,494 | mfu: 0.00 | epoch: 1 | total time: 40.44m
step 01617 (56.40%) | loss: 2.619663 | lrm: 0.87 | dt: 1463.26ms | tok/sec: 89,575 | mfu: 0.00 | epoch: 1 | total time: 40.46m
step 01618 (56.43%) | loss: 2.607560 | lrm: 0.87 | dt: 1464.70ms | tok/sec: 89,487 | mfu: 0.00 | epoch: 1 | total time: 40.48m
step 01619 (56.47%) | loss: 2.581181 | lrm: 0.87 | dt: 1462.75ms | tok/sec: 89,606 | mfu: 0.00 | epoch: 1 | total time: 40.51m
step 01620 (56.50%) | loss: 2.585036 | lrm: 0.87 | dt: 1464.34ms | tok/sec: 89,509 | mfu: 0.00 | epoch: 1 | total time: 40.53m
step 01621 (56.54%) | loss: 2.588094 | lrm: 0.87 | dt: 1462.97ms | tok/sec: 89,593 | mfu: 0.00 | epoch: 1 | total time: 40.56m
step 01622 (56.58%) | loss: 2.581335 | lrm: 0.87 | dt: 1463.93ms | tok/sec: 89,534 | mfu: 0.00 | epoch: 1 | total time: 40.58m
step 01623 (56.61%) | loss: 2.608143 | lrm: 0.87 | dt: 1464.42ms | tok/sec: 89,504 | mfu: 0.00 | epoch: 1 | total time: 40.61m
step 01624 (56.64%) | loss: 2.618639 | lrm: 0.87 | dt: 1463.48ms | tok/sec: 89,561 | mfu: 0.00 | epoch: 1 | total time: 40.63m
step 01625 (56.68%) | loss: 2.613672 | lrm: 0.87 | dt: 1464.32ms | tok/sec: 89,510 | mfu: 0.00 | epoch: 1 | total time: 40.66m
step 01626 (56.71%) | loss: 2.607145 | lrm: 0.87 | dt: 1462.73ms | tok/sec: 89,608 | mfu: 0.00 | epoch: 1 | total time: 40.68m
step 01627 (56.75%) | loss: 2.625288 | lrm: 0.87 | dt: 1465.16ms | tok/sec: 89,459 | mfu: 0.00 | epoch: 1 | total time: 40.70m
step 01628 (56.78%) | loss: 2.640734 | lrm: 0.86 | dt: 1463.66ms | tok/sec: 89,550 | mfu: 0.00 | epoch: 1 | total time: 40.73m
step 01629 (56.82%) | loss: 2.628470 | lrm: 0.86 | dt: 1464.29ms | tok/sec: 89,512 | mfu: 0.00 | epoch: 1 | total time: 40.75m
step 01630 (56.85%) | loss: 2.623434 | lrm: 0.86 | dt: 1463.04ms | tok/sec: 89,588 | mfu: 0.00 | epoch: 1 | total time: 40.78m
step 01631 (56.88%) | loss: 2.609663 | lrm: 0.86 | dt: 1464.53ms | tok/sec: 89,497 | mfu: 0.00 | epoch: 1 | total time: 40.80m
step 01632 (56.92%) | loss: 2.609596 | lrm: 0.86 | dt: 1462.51ms | tok/sec: 89,621 | mfu: 0.00 | epoch: 1 | total time: 40.83m
step 01633 (56.95%) | loss: 2.646874 | lrm: 0.86 | dt: 1463.17ms | tok/sec: 89,580 | mfu: 0.00 | epoch: 1 | total time: 40.85m
step 01634 (56.99%) | loss: 2.635938 | lrm: 0.86 | dt: 1463.99ms | tok/sec: 89,530 | mfu: 0.00 | epoch: 1 | total time: 40.87m
step 01635 (57.02%) | loss: 2.648699 | lrm: 0.86 | dt: 1463.41ms | tok/sec: 89,566 | mfu: 0.00 | epoch: 1 | total time: 40.90m
step 01636 (57.06%) | loss: 2.661166 | lrm: 0.86 | dt: 1463.80ms | tok/sec: 89,542 | mfu: 0.00 | epoch: 1 | total time: 40.92m
step 01637 (57.10%) | loss: 2.642837 | lrm: 0.86 | dt: 1462.88ms | tok/sec: 89,598 | mfu: 0.00 | epoch: 1 | total time: 40.95m
step 01638 (57.13%) | loss: 2.618801 | lrm: 0.86 | dt: 1464.17ms | tok/sec: 89,519 | mfu: 0.00 | epoch: 1 | total time: 40.97m
step 01639 (57.15%) | loss: 2.634965 | lrm: 0.86 | dt: 1463.15ms | tok/sec: 89,582 | mfu: 0.00 | epoch: 1 | total time: 41.00m
step 01640 (57.18%) | loss: 2.620880 | lrm: 0.86 | dt: 1464.14ms | tok/sec: 89,521 | mfu: 0.00 | epoch: 1 | total time: 41.02m
step 01641 (57.22%) | loss: 2.642276 | lrm: 0.86 | dt: 1462.97ms | tok/sec: 89,593 | mfu: 0.00 | epoch: 1 | total time: 41.05m
step 01642 (57.26%) | loss: 2.635255 | lrm: 0.85 | dt: 1465.50ms | tok/sec: 89,438 | mfu: 0.00 | epoch: 1 | total time: 41.07m
step 01643 (57.29%) | loss: 2.628485 | lrm: 0.85 | dt: 1462.90ms | tok/sec: 89,597 | mfu: 0.00 | epoch: 1 | total time: 41.09m
step 01644 (57.32%) | loss: 2.638383 | lrm: 0.85 | dt: 1464.23ms | tok/sec: 89,515 | mfu: 0.00 | epoch: 1 | total time: 41.12m
step 01645 (57.36%) | loss: 2.622510 | lrm: 0.85 | dt: 1463.39ms | tok/sec: 89,567 | mfu: 0.00 | epoch: 1 | total time: 41.14m
step 01646 (57.39%) | loss: 2.620122 | lrm: 0.85 | dt: 1463.15ms | tok/sec: 89,582 | mfu: 0.00 | epoch: 1 | total time: 41.17m
step 01647 (57.43%) | loss: 2.625012 | lrm: 0.85 | dt: 1464.10ms | tok/sec: 89,523 | mfu: 0.00 | epoch: 1 | total time: 41.19m
step 01648 (57.47%) | loss: 2.598604 | lrm: 0.85 | dt: 1462.48ms | tok/sec: 89,623 | mfu: 0.00 | epoch: 1 | total time: 41.22m
step 01649 (57.51%) | loss: 2.600098 | lrm: 0.85 | dt: 1463.91ms | tok/sec: 89,535 | mfu: 0.00 | epoch: 1 | total time: 41.24m
step 01650 (57.54%) | loss: 2.626066 | lrm: 0.85 | dt: 1464.90ms | tok/sec: 89,475 | mfu: 0.00 | epoch: 1 | total time: 41.27m
step 01651 (57.58%) | loss: 2.629006 | lrm: 0.85 | dt: 1464.50ms | tok/sec: 89,499 | mfu: 0.00 | epoch: 1 | total time: 41.29m
step 01652 (57.61%) | loss: 2.620054 | lrm: 0.85 | dt: 1462.67ms | tok/sec: 89,611 | mfu: 0.00 | epoch: 1 | total time: 41.31m
step 01653 (57.65%) | loss: 2.621255 | lrm: 0.85 | dt: 1466.21ms | tok/sec: 89,394 | mfu: 0.00 | epoch: 1 | total time: 41.34m
step 01654 (57.68%) | loss: 2.627697 | lrm: 0.85 | dt: 1463.33ms | tok/sec: 89,571 | mfu: 0.00 | epoch: 1 | total time: 41.36m
step 01655 (57.72%) | loss: 2.637277 | lrm: 0.85 | dt: 1465.58ms | tok/sec: 89,433 | mfu: 0.00 | epoch: 1 | total time: 41.39m
step 01656 (57.75%) | loss: 2.606683 | lrm: 0.85 | dt: 1463.46ms | tok/sec: 89,563 | mfu: 0.00 | epoch: 1 | total time: 41.41m
step 01657 (57.78%) | loss: 2.614858 | lrm: 0.84 | dt: 1464.66ms | tok/sec: 89,490 | mfu: 0.00 | epoch: 1 | total time: 41.44m
step 01658 (57.82%) | loss: 2.627382 | lrm: 0.84 | dt: 1462.61ms | tok/sec: 89,615 | mfu: 0.00 | epoch: 1 | total time: 41.46m
step 01659 (57.86%) | loss: 2.629513 | lrm: 0.84 | dt: 1462.91ms | tok/sec: 89,596 | mfu: 0.00 | epoch: 1 | total time: 41.48m
step 01660 (57.89%) | loss: 2.640367 | lrm: 0.84 | dt: 1464.78ms | tok/sec: 89,482 | mfu: 0.00 | epoch: 1 | total time: 41.51m
step 01661 (57.92%) | loss: 2.629780 | lrm: 0.84 | dt: 1462.77ms | tok/sec: 89,605 | mfu: 0.00 | epoch: 1 | total time: 41.53m
step 01662 (57.96%) | loss: 2.629234 | lrm: 0.84 | dt: 1464.18ms | tok/sec: 89,519 | mfu: 0.00 | epoch: 1 | total time: 41.56m
step 01663 (58.00%) | loss: 2.591191 | lrm: 0.84 | dt: 1463.57ms | tok/sec: 89,556 | mfu: 0.00 | epoch: 1 | total time: 41.58m
step 01664 (58.05%) | loss: 2.582345 | lrm: 0.84 | dt: 1463.99ms | tok/sec: 89,530 | mfu: 0.00 | epoch: 1 | total time: 41.61m
step 01665 (58.08%) | loss: 2.579196 | lrm: 0.84 | dt: 1463.11ms | tok/sec: 89,584 | mfu: 0.00 | epoch: 1 | total time: 41.63m
step 01666 (58.11%) | loss: 2.569301 | lrm: 0.84 | dt: 1464.38ms | tok/sec: 89,506 | mfu: 0.00 | epoch: 1 | total time: 41.66m
step 01667 (58.14%) | loss: 2.582338 | lrm: 0.84 | dt: 1463.16ms | tok/sec: 89,581 | mfu: 0.00 | epoch: 1 | total time: 41.68m
step 01668 (58.18%) | loss: 2.567355 | lrm: 0.84 | dt: 1463.95ms | tok/sec: 89,533 | mfu: 0.00 | epoch: 1 | total time: 41.70m
step 01669 (58.21%) | loss: 2.574671 | lrm: 0.84 | dt: 1464.40ms | tok/sec: 89,505 | mfu: 0.00 | epoch: 1 | total time: 41.73m
step 01670 (58.24%) | loss: 2.583942 | lrm: 0.84 | dt: 1464.86ms | tok/sec: 89,477 | mfu: 0.00 | epoch: 1 | total time: 41.75m
step 01671 (58.28%) | loss: 2.585663 | lrm: 0.83 | dt: 1462.91ms | tok/sec: 89,596 | mfu: 0.00 | epoch: 1 | total time: 41.78m
step 01672 (58.32%) | loss: 2.600620 | lrm: 0.83 | dt: 1463.84ms | tok/sec: 89,539 | mfu: 0.00 | epoch: 1 | total time: 41.80m
step 01673 (58.35%) | loss: 2.628370 | lrm: 0.83 | dt: 1464.07ms | tok/sec: 89,526 | mfu: 0.00 | epoch: 1 | total time: 41.83m
step 01674 (58.38%) | loss: 2.652658 | lrm: 0.83 | dt: 1463.66ms | tok/sec: 89,550 | mfu: 0.00 | epoch: 1 | total time: 41.85m
step 01675 (58.42%) | loss: 2.654770 | lrm: 0.83 | dt: 1462.93ms | tok/sec: 89,595 | mfu: 0.00 | epoch: 1 | total time: 41.88m
step 01676 (58.45%) | loss: 2.647708 | lrm: 0.83 | dt: 1463.83ms | tok/sec: 89,540 | mfu: 0.00 | epoch: 1 | total time: 41.90m
step 01677 (58.49%) | loss: 2.663193 | lrm: 0.83 | dt: 1463.47ms | tok/sec: 89,562 | mfu: 0.00 | epoch: 1 | total time: 41.92m
step 01678 (58.53%) | loss: 2.647258 | lrm: 0.83 | dt: 1463.50ms | tok/sec: 89,560 | mfu: 0.00 | epoch: 1 | total time: 41.95m
step 01679 (58.57%) | loss: 2.640170 | lrm: 0.83 | dt: 1463.77ms | tok/sec: 89,543 | mfu: 0.00 | epoch: 1 | total time: 41.97m
step 01680 (58.61%) | loss: 2.645233 | lrm: 0.83 | dt: 1463.88ms | tok/sec: 89,537 | mfu: 0.00 | epoch: 1 | total time: 42.00m
step 01681 (58.64%) | loss: 2.644417 | lrm: 0.83 | dt: 1463.14ms | tok/sec: 89,582 | mfu: 0.00 | epoch: 1 | total time: 42.02m
step 01682 (58.67%) | loss: 2.643936 | lrm: 0.83 | dt: 1463.27ms | tok/sec: 89,574 | mfu: 0.00 | epoch: 1 | total time: 42.05m
step 01683 (58.70%) | loss: 2.641199 | lrm: 0.83 | dt: 1463.68ms | tok/sec: 89,549 | mfu: 0.00 | epoch: 1 | total time: 42.07m
step 01684 (58.74%) | loss: 2.637666 | lrm: 0.83 | dt: 1463.63ms | tok/sec: 89,552 | mfu: 0.00 | epoch: 1 | total time: 42.09m
step 01685 (58.77%) | loss: 2.633277 | lrm: 0.82 | dt: 1463.14ms | tok/sec: 89,582 | mfu: 0.00 | epoch: 1 | total time: 42.12m
step 01686 (58.81%) | loss: 2.639165 | lrm: 0.82 | dt: 1463.45ms | tok/sec: 89,563 | mfu: 0.00 | epoch: 1 | total time: 42.14m
step 01687 (58.84%) | loss: 2.622899 | lrm: 0.82 | dt: 1463.15ms | tok/sec: 89,581 | mfu: 0.00 | epoch: 1 | total time: 42.17m
step 01688 (58.88%) | loss: 2.601332 | lrm: 0.82 | dt: 1464.42ms | tok/sec: 89,504 | mfu: 0.00 | epoch: 1 | total time: 42.19m
step 01689 (58.92%) | loss: 2.600252 | lrm: 0.82 | dt: 1463.47ms | tok/sec: 89,562 | mfu: 0.00 | epoch: 1 | total time: 42.22m
step 01690 (58.95%) | loss: 2.600517 | lrm: 0.82 | dt: 1463.63ms | tok/sec: 89,552 | mfu: 0.00 | epoch: 1 | total time: 42.24m
step 01691 (58.99%) | loss: 2.610015 | lrm: 0.82 | dt: 1462.74ms | tok/sec: 89,607 | mfu: 0.00 | epoch: 1 | total time: 42.27m
step 01692 (59.03%) | loss: 2.630455 | lrm: 0.82 | dt: 1467.32ms | tok/sec: 89,327 | mfu: 0.00 | epoch: 1 | total time: 42.29m
step 01693 (59.07%) | loss: 2.617386 | lrm: 0.82 | dt: 1463.94ms | tok/sec: 89,533 | mfu: 0.00 | epoch: 1 | total time: 42.31m
step 01694 (59.11%) | loss: 2.619831 | lrm: 0.82 | dt: 1465.00ms | tok/sec: 89,469 | mfu: 0.00 | epoch: 1 | total time: 42.34m
step 01695 (59.14%) | loss: 2.607460 | lrm: 0.82 | dt: 1463.12ms | tok/sec: 89,583 | mfu: 0.00 | epoch: 1 | total time: 42.36m
step 01696 (59.17%) | loss: 2.624048 | lrm: 0.82 | dt: 1464.77ms | tok/sec: 89,483 | mfu: 0.00 | epoch: 1 | total time: 42.39m
step 01697 (59.20%) | loss: 2.623614 | lrm: 0.82 | dt: 1463.81ms | tok/sec: 89,541 | mfu: 0.00 | epoch: 1 | total time: 42.41m
step 01698 (59.24%) | loss: 2.626702 | lrm: 0.82 | dt: 1463.59ms | tok/sec: 89,555 | mfu: 0.00 | epoch: 1 | total time: 42.44m
step 01699 (59.27%) | loss: 2.643608 | lrm: 0.81 | dt: 1465.12ms | tok/sec: 89,461 | mfu: 0.00 | epoch: 1 | total time: 42.46m
step 01700 (59.31%) | loss: 2.644109 | lrm: 0.81 | dt: 1464.13ms | tok/sec: 89,522 | mfu: 0.00 | epoch: 1 | total time: 42.49m
Step 01700 | Validation bpb: 0.8177
step 01701 (59.35%) | loss: 2.636620 | lrm: 0.81 | dt: 1540.41ms | tok/sec: 85,088 | mfu: 0.00 | epoch: 1 | total time: 42.51m
step 01702 (59.38%) | loss: 2.637331 | lrm: 0.81 | dt: 1465.53ms | tok/sec: 89,436 | mfu: 0.00 | epoch: 1 | total time: 42.54m
step 01703 (59.42%) | loss: 2.649496 | lrm: 0.81 | dt: 1462.92ms | tok/sec: 89,595 | mfu: 0.00 | epoch: 1 | total time: 42.56m
step 01704 (59.46%) | loss: 2.641895 | lrm: 0.81 | dt: 1464.64ms | tok/sec: 89,490 | mfu: 0.00 | epoch: 1 | total time: 42.58m
step 01705 (59.49%) | loss: 2.667896 | lrm: 0.81 | dt: 1463.23ms | tok/sec: 89,576 | mfu: 0.00 | epoch: 1 | total time: 42.61m
step 01706 (59.52%) | loss: 2.655445 | lrm: 0.81 | dt: 1463.59ms | tok/sec: 89,555 | mfu: 0.00 | epoch: 1 | total time: 42.63m
step 01707 (59.55%) | loss: 2.643252 | lrm: 0.81 | dt: 1466.61ms | tok/sec: 89,370 | mfu: 0.00 | epoch: 1 | total time: 42.66m
step 01708 (59.58%) | loss: 2.627472 | lrm: 0.81 | dt: 1465.76ms | tok/sec: 89,422 | mfu: 0.00 | epoch: 1 | total time: 42.68m
step 01709 (59.62%) | loss: 2.614592 | lrm: 0.81 | dt: 1464.06ms | tok/sec: 89,526 | mfu: 0.00 | epoch: 1 | total time: 42.71m
step 01710 (59.65%) | loss: 2.618825 | lrm: 0.81 | dt: 1463.15ms | tok/sec: 89,581 | mfu: 0.00 | epoch: 1 | total time: 42.73m
step 01711 (59.68%) | loss: 2.619349 | lrm: 0.81 | dt: 1463.34ms | tok/sec: 89,570 | mfu: 0.00 | epoch: 1 | total time: 42.75m
step 01712 (59.71%) | loss: 2.614265 | lrm: 0.81 | dt: 1462.41ms | tok/sec: 89,627 | mfu: 0.00 | epoch: 1 | total time: 42.78m
step 01713 (59.75%) | loss: 2.599326 | lrm: 0.81 | dt: 1464.59ms | tok/sec: 89,494 | mfu: 0.00 | epoch: 1 | total time: 42.80m
step 01714 (59.78%) | loss: 2.608800 | lrm: 0.80 | dt: 1463.37ms | tok/sec: 89,568 | mfu: 0.00 | epoch: 1 | total time: 42.83m
step 01715 (59.82%) | loss: 2.606364 | lrm: 0.80 | dt: 1463.96ms | tok/sec: 89,532 | mfu: 0.00 | epoch: 1 | total time: 42.85m
step 01716 (59.86%) | loss: 2.616315 | lrm: 0.80 | dt: 1463.86ms | tok/sec: 89,538 | mfu: 0.00 | epoch: 1 | total time: 42.88m
step 01717 (59.89%) | loss: 2.619809 | lrm: 0.80 | dt: 1463.80ms | tok/sec: 89,542 | mfu: 0.00 | epoch: 1 | total time: 42.90m
step 01718 (59.93%) | loss: 2.639522 | lrm: 0.80 | dt: 1463.21ms | tok/sec: 89,578 | mfu: 0.00 | epoch: 1 | total time: 42.93m
step 01719 (59.96%) | loss: 2.639291 | lrm: 0.80 | dt: 1462.69ms | tok/sec: 89,609 | mfu: 0.00 | epoch: 1 | total time: 42.95m
step 01720 (60.00%) | loss: 2.641054 | lrm: 0.80 | dt: 1463.76ms | tok/sec: 89,544 | mfu: 0.00 | epoch: 1 | total time: 42.97m
step 01721 (60.04%) | loss: 2.646189 | lrm: 0.80 | dt: 1463.79ms | tok/sec: 89,543 | mfu: 0.00 | epoch: 1 | total time: 43.00m
step 01722 (60.07%) | loss: 2.638094 | lrm: 0.80 | dt: 1464.60ms | tok/sec: 89,493 | mfu: 0.00 | epoch: 1 | total time: 43.02m
step 01723 (60.10%) | loss: 2.643454 | lrm: 0.80 | dt: 1463.09ms | tok/sec: 89,585 | mfu: 0.00 | epoch: 1 | total time: 43.05m
step 01724 (60.14%) | loss: 2.657015 | lrm: 0.80 | dt: 1464.56ms | tok/sec: 89,495 | mfu: 0.00 | epoch: 1 | total time: 43.07m
step 01725 (60.16%) | loss: 2.662708 | lrm: 0.80 | dt: 1463.27ms | tok/sec: 89,574 | mfu: 0.00 | epoch: 1 | total time: 43.10m
step 01726 (60.20%) | loss: 2.619750 | lrm: 0.80 | dt: 1464.94ms | tok/sec: 89,472 | mfu: 0.00 | epoch: 1 | total time: 43.12m
step 01727 (60.23%) | loss: 2.597450 | lrm: 0.80 | dt: 1462.60ms | tok/sec: 89,616 | mfu: 0.00 | epoch: 1 | total time: 43.15m
step 01728 (60.27%) | loss: 2.604987 | lrm: 0.79 | dt: 1464.68ms | tok/sec: 89,488 | mfu: 0.00 | epoch: 1 | total time: 43.17m
step 01729 (60.29%) | loss: 2.591473 | lrm: 0.79 | dt: 1464.51ms | tok/sec: 89,498 | mfu: 0.00 | epoch: 1 | total time: 43.19m
step 01730 (60.33%) | loss: 2.589381 | lrm: 0.79 | dt: 1464.58ms | tok/sec: 89,494 | mfu: 0.00 | epoch: 1 | total time: 43.22m
step 01731 (60.36%) | loss: 2.581788 | lrm: 0.79 | dt: 1462.95ms | tok/sec: 89,594 | mfu: 0.00 | epoch: 1 | total time: 43.24m
step 01732 (60.39%) | loss: 2.569445 | lrm: 0.79 | dt: 1463.07ms | tok/sec: 89,587 | mfu: 0.00 | epoch: 1 | total time: 43.27m
step 01733 (60.43%) | loss: 2.568519 | lrm: 0.79 | dt: 1464.27ms | tok/sec: 89,513 | mfu: 0.00 | epoch: 1 | total time: 43.29m
step 01734 (60.47%) | loss: 2.559441 | lrm: 0.79 | dt: 1465.96ms | tok/sec: 89,410 | mfu: 0.00 | epoch: 1 | total time: 43.32m
step 01735 (60.50%) | loss: 2.556293 | lrm: 0.79 | dt: 1464.59ms | tok/sec: 89,493 | mfu: 0.00 | epoch: 1 | total time: 43.34m
step 01736 (60.53%) | loss: 2.560372 | lrm: 0.79 | dt: 1462.43ms | tok/sec: 89,625 | mfu: 0.00 | epoch: 1 | total time: 43.36m
step 01737 (60.56%) | loss: 2.587065 | lrm: 0.79 | dt: 1464.18ms | tok/sec: 89,519 | mfu: 0.00 | epoch: 1 | total time: 43.39m
step 01738 (60.60%) | loss: 2.575556 | lrm: 0.79 | dt: 1462.56ms | tok/sec: 89,617 | mfu: 0.00 | epoch: 1 | total time: 43.41m
step 01739 (60.64%) | loss: 2.560194 | lrm: 0.79 | dt: 1465.12ms | tok/sec: 89,461 | mfu: 0.00 | epoch: 1 | total time: 43.44m
step 01740 (60.67%) | loss: 2.566267 | lrm: 0.79 | dt: 1462.71ms | tok/sec: 89,609 | mfu: 0.00 | epoch: 1 | total time: 43.46m
step 01741 (60.71%) | loss: 2.574293 | lrm: 0.79 | dt: 1465.28ms | tok/sec: 89,451 | mfu: 0.00 | epoch: 1 | total time: 43.49m
step 01742 (60.76%) | loss: 2.571305 | lrm: 0.78 | dt: 1463.41ms | tok/sec: 89,566 | mfu: 0.00 | epoch: 1 | total time: 43.51m
step 01743 (60.79%) | loss: 2.565953 | lrm: 0.78 | dt: 1464.69ms | tok/sec: 89,487 | mfu: 0.00 | epoch: 1 | total time: 43.54m
step 01744 (60.82%) | loss: 2.578017 | lrm: 0.78 | dt: 1462.90ms | tok/sec: 89,597 | mfu: 0.00 | epoch: 1 | total time: 43.56m
step 01745 (60.85%) | loss: 2.591671 | lrm: 0.78 | dt: 1463.53ms | tok/sec: 89,559 | mfu: 0.00 | epoch: 1 | total time: 43.58m
step 01746 (60.89%) | loss: 2.592669 | lrm: 0.78 | dt: 1464.16ms | tok/sec: 89,520 | mfu: 0.00 | epoch: 1 | total time: 43.61m
step 01747 (60.92%) | loss: 2.603548 | lrm: 0.78 | dt: 1462.47ms | tok/sec: 89,623 | mfu: 0.00 | epoch: 1 | total time: 43.63m
step 01748 (60.95%) | loss: 2.594185 | lrm: 0.78 | dt: 1463.30ms | tok/sec: 89,572 | mfu: 0.00 | epoch: 1 | total time: 43.66m
step 01749 (60.99%) | loss: 2.611419 | lrm: 0.78 | dt: 1463.44ms | tok/sec: 89,564 | mfu: 0.00 | epoch: 1 | total time: 43.68m
step 01750 (61.02%) | loss: 2.605507 | lrm: 0.78 | dt: 1463.60ms | tok/sec: 89,554 | mfu: 0.00 | epoch: 1 | total time: 43.71m
step 01751 (61.05%) | loss: 2.605156 | lrm: 0.78 | dt: 1463.16ms | tok/sec: 89,581 | mfu: 0.00 | epoch: 1 | total time: 43.73m
step 01752 (61.09%) | loss: 2.611875 | lrm: 0.78 | dt: 1466.06ms | tok/sec: 89,404 | mfu: 0.00 | epoch: 1 | total time: 43.75m
step 01753 (61.13%) | loss: 2.624174 | lrm: 0.78 | dt: 1463.14ms | tok/sec: 89,582 | mfu: 0.00 | epoch: 1 | total time: 43.78m
step 01754 (61.16%) | loss: 2.612191 | lrm: 0.78 | dt: 1464.68ms | tok/sec: 89,488 | mfu: 0.00 | epoch: 1 | total time: 43.80m
step 01755 (61.20%) | loss: 2.631220 | lrm: 0.78 | dt: 1463.22ms | tok/sec: 89,577 | mfu: 0.00 | epoch: 1 | total time: 43.83m
step 01756 (61.24%) | loss: 2.632695 | lrm: 0.78 | dt: 1464.31ms | tok/sec: 89,511 | mfu: 0.00 | epoch: 1 | total time: 43.85m
step 01757 (61.27%) | loss: 2.637924 | lrm: 0.77 | dt: 1463.96ms | tok/sec: 89,532 | mfu: 0.00 | epoch: 1 | total time: 43.88m
step 01758 (61.31%) | loss: 2.617840 | lrm: 0.77 | dt: 1462.72ms | tok/sec: 89,608 | mfu: 0.00 | epoch: 1 | total time: 43.90m
step 01759 (61.34%) | loss: 2.623462 | lrm: 0.77 | dt: 1464.45ms | tok/sec: 89,502 | mfu: 0.00 | epoch: 1 | total time: 43.93m
step 01760 (61.38%) | loss: 2.623373 | lrm: 0.77 | dt: 1462.65ms | tok/sec: 89,612 | mfu: 0.00 | epoch: 1 | total time: 43.95m
step 01761 (61.41%) | loss: 2.624573 | lrm: 0.77 | dt: 1464.39ms | tok/sec: 89,506 | mfu: 0.00 | epoch: 1 | total time: 43.97m
step 01762 (61.44%) | loss: 2.609379 | lrm: 0.77 | dt: 1462.65ms | tok/sec: 89,612 | mfu: 0.00 | epoch: 1 | total time: 44.00m
step 01763 (61.47%) | loss: 2.596260 | lrm: 0.77 | dt: 1464.89ms | tok/sec: 89,475 | mfu: 0.00 | epoch: 1 | total time: 44.02m
step 01764 (61.51%) | loss: 2.600848 | lrm: 0.77 | dt: 1463.54ms | tok/sec: 89,557 | mfu: 0.00 | epoch: 1 | total time: 44.05m
step 01765 (61.55%) | loss: 2.574885 | lrm: 0.77 | dt: 1463.95ms | tok/sec: 89,533 | mfu: 0.00 | epoch: 1 | total time: 44.07m
step 01766 (61.58%) | loss: 2.591469 | lrm: 0.77 | dt: 1462.85ms | tok/sec: 89,600 | mfu: 0.00 | epoch: 1 | total time: 44.10m
step 01767 (61.62%) | loss: 2.580242 | lrm: 0.77 | dt: 1464.17ms | tok/sec: 89,519 | mfu: 0.00 | epoch: 1 | total time: 44.12m
step 01768 (61.65%) | loss: 2.578674 | lrm: 0.77 | dt: 1462.35ms | tok/sec: 89,631 | mfu: 0.00 | epoch: 1 | total time: 44.15m
step 01769 (61.69%) | loss: 2.592138 | lrm: 0.77 | dt: 1463.24ms | tok/sec: 89,576 | mfu: 0.00 | epoch: 1 | total time: 44.17m
step 01770 (61.72%) | loss: 2.608365 | lrm: 0.77 | dt: 1464.26ms | tok/sec: 89,514 | mfu: 0.00 | epoch: 1 | total time: 44.19m
step 01771 (61.75%) | loss: 2.607399 | lrm: 0.76 | dt: 1463.34ms | tok/sec: 89,570 | mfu: 0.00 | epoch: 1 | total time: 44.22m
step 01772 (61.79%) | loss: 2.609293 | lrm: 0.76 | dt: 1463.51ms | tok/sec: 89,560 | mfu: 0.00 | epoch: 1 | total time: 44.24m
step 01773 (61.82%) | loss: 2.588409 | lrm: 0.76 | dt: 1462.16ms | tok/sec: 89,642 | mfu: 0.00 | epoch: 1 | total time: 44.27m
step 01774 (61.85%) | loss: 2.566820 | lrm: 0.76 | dt: 1463.46ms | tok/sec: 89,562 | mfu: 0.00 | epoch: 1 | total time: 44.29m
step 01775 (61.88%) | loss: 2.563996 | lrm: 0.76 | dt: 1463.18ms | tok/sec: 89,580 | mfu: 0.00 | epoch: 1 | total time: 44.32m
step 01776 (61.92%) | loss: 2.569781 | lrm: 0.76 | dt: 1464.04ms | tok/sec: 89,527 | mfu: 0.00 | epoch: 1 | total time: 44.34m
step 01777 (61.96%) | loss: 2.563220 | lrm: 0.76 | dt: 1462.80ms | tok/sec: 89,603 | mfu: 0.00 | epoch: 1 | total time: 44.36m
step 01778 (62.00%) | loss: 2.565244 | lrm: 0.76 | dt: 1463.79ms | tok/sec: 89,542 | mfu: 0.00 | epoch: 1 | total time: 44.39m
step 01779 (62.04%) | loss: 2.572305 | lrm: 0.76 | dt: 1462.90ms | tok/sec: 89,597 | mfu: 0.00 | epoch: 1 | total time: 44.41m
step 01780 (62.08%) | loss: 2.575384 | lrm: 0.76 | dt: 1463.85ms | tok/sec: 89,539 | mfu: 0.00 | epoch: 1 | total time: 44.44m
step 01781 (62.12%) | loss: 2.554307 | lrm: 0.76 | dt: 1464.31ms | tok/sec: 89,511 | mfu: 0.00 | epoch: 1 | total time: 44.46m
step 01782 (62.15%) | loss: 2.566718 | lrm: 0.76 | dt: 1463.23ms | tok/sec: 89,576 | mfu: 0.00 | epoch: 1 | total time: 44.49m
step 01783 (62.19%) | loss: 2.562510 | lrm: 0.76 | dt: 1464.12ms | tok/sec: 89,522 | mfu: 0.00 | epoch: 1 | total time: 44.51m
step 01784 (62.23%) | loss: 2.543481 | lrm: 0.76 | dt: 1462.90ms | tok/sec: 89,597 | mfu: 0.00 | epoch: 1 | total time: 44.54m
step 01785 (62.26%) | loss: 2.577002 | lrm: 0.75 | dt: 1464.04ms | tok/sec: 89,527 | mfu: 0.00 | epoch: 1 | total time: 44.56m
step 01786 (62.28%) | loss: 2.569349 | lrm: 0.75 | dt: 1464.59ms | tok/sec: 89,493 | mfu: 0.00 | epoch: 1 | total time: 44.58m
step 01787 (62.32%) | loss: 2.551062 | lrm: 0.75 | dt: 1464.00ms | tok/sec: 89,530 | mfu: 0.00 | epoch: 1 | total time: 44.61m
step 01788 (62.35%) | loss: 2.574530 | lrm: 0.75 | dt: 1462.55ms | tok/sec: 89,619 | mfu: 0.00 | epoch: 1 | total time: 44.63m
step 01789 (62.38%) | loss: 2.561999 | lrm: 0.75 | dt: 1464.43ms | tok/sec: 89,503 | mfu: 0.00 | epoch: 1 | total time: 44.66m
step 01790 (62.41%) | loss: 2.581567 | lrm: 0.75 | dt: 1463.17ms | tok/sec: 89,581 | mfu: 0.00 | epoch: 1 | total time: 44.68m
step 01791 (62.45%) | loss: 2.589669 | lrm: 0.75 | dt: 1464.18ms | tok/sec: 89,518 | mfu: 0.00 | epoch: 1 | total time: 44.71m
step 01792 (62.49%) | loss: 2.582440 | lrm: 0.75 | dt: 1462.46ms | tok/sec: 89,624 | mfu: 0.00 | epoch: 1 | total time: 44.73m
step 01793 (62.52%) | loss: 2.579135 | lrm: 0.75 | dt: 1464.01ms | tok/sec: 89,529 | mfu: 0.00 | epoch: 1 | total time: 44.76m
step 01794 (62.55%) | loss: 2.586281 | lrm: 0.75 | dt: 1464.11ms | tok/sec: 89,523 | mfu: 0.00 | epoch: 1 | total time: 44.78m
step 01795 (62.59%) | loss: 2.565987 | lrm: 0.75 | dt: 1462.97ms | tok/sec: 89,593 | mfu: 0.00 | epoch: 1 | total time: 44.80m
step 01796 (62.62%) | loss: 2.572945 | lrm: 0.75 | dt: 1463.31ms | tok/sec: 89,572 | mfu: 0.00 | epoch: 1 | total time: 44.83m
step 01797 (62.66%) | loss: 2.576842 | lrm: 0.75 | dt: 1462.86ms | tok/sec: 89,600 | mfu: 0.00 | epoch: 1 | total time: 44.85m
step 01798 (62.69%) | loss: 2.590180 | lrm: 0.75 | dt: 1463.36ms | tok/sec: 89,569 | mfu: 0.00 | epoch: 1 | total time: 44.88m
step 01799 (62.73%) | loss: 2.591166 | lrm: 0.75 | dt: 1465.51ms | tok/sec: 89,437 | mfu: 0.00 | epoch: 1 | total time: 44.90m
step 01800 (62.77%) | loss: 2.599958 | lrm: 0.74 | dt: 1463.21ms | tok/sec: 89,578 | mfu: 0.00 | epoch: 1 | total time: 44.93m
Step 01800 | Validation bpb: 0.8125
step 01801 (62.80%) | loss: 2.616716 | lrm: 0.74 | dt: 1534.08ms | tok/sec: 85,440 | mfu: 0.00 | epoch: 1 | total time: 44.95m
step 01802 (62.83%) | loss: 2.620526 | lrm: 0.74 | dt: 1463.51ms | tok/sec: 89,559 | mfu: 0.00 | epoch: 1 | total time: 44.98m
step 01803 (62.86%) | loss: 2.603381 | lrm: 0.74 | dt: 1463.14ms | tok/sec: 89,582 | mfu: 0.00 | epoch: 1 | total time: 45.00m
step 01804 (62.89%) | loss: 2.583190 | lrm: 0.74 | dt: 1463.96ms | tok/sec: 89,532 | mfu: 0.00 | epoch: 1 | total time: 45.02m
step 01805 (62.93%) | loss: 2.587113 | lrm: 0.74 | dt: 1463.11ms | tok/sec: 89,584 | mfu: 0.00 | epoch: 1 | total time: 45.05m
step 01806 (62.96%) | loss: 2.584979 | lrm: 0.74 | dt: 1463.82ms | tok/sec: 89,540 | mfu: 0.00 | epoch: 1 | total time: 45.07m
step 01807 (62.99%) | loss: 2.614741 | lrm: 0.74 | dt: 1463.25ms | tok/sec: 89,575 | mfu: 0.00 | epoch: 1 | total time: 45.10m
step 01808 (63.03%) | loss: 2.626242 | lrm: 0.74 | dt: 1464.21ms | tok/sec: 89,517 | mfu: 0.00 | epoch: 1 | total time: 45.12m
step 01809 (63.06%) | loss: 2.617938 | lrm: 0.74 | dt: 1462.63ms | tok/sec: 89,614 | mfu: 0.00 | epoch: 1 | total time: 45.15m
step 01810 (63.09%) | loss: 2.613674 | lrm: 0.74 | dt: 1464.76ms | tok/sec: 89,483 | mfu: 0.00 | epoch: 1 | total time: 45.17m
step 01811 (63.14%) | loss: 2.614385 | lrm: 0.74 | dt: 1463.67ms | tok/sec: 89,550 | mfu: 0.00 | epoch: 1 | total time: 45.20m
step 01812 (63.17%) | loss: 2.603382 | lrm: 0.74 | dt: 1464.57ms | tok/sec: 89,495 | mfu: 0.00 | epoch: 1 | total time: 45.22m
step 01813 (63.20%) | loss: 2.611824 | lrm: 0.74 | dt: 1462.84ms | tok/sec: 89,600 | mfu: 0.00 | epoch: 1 | total time: 45.24m
step 01814 (63.24%) | loss: 2.626988 | lrm: 0.74 | dt: 1464.11ms | tok/sec: 89,523 | mfu: 0.00 | epoch: 1 | total time: 45.27m
step 01815 (63.28%) | loss: 2.618320 | lrm: 0.73 | dt: 1464.71ms | tok/sec: 89,486 | mfu: 0.00 | epoch: 1 | total time: 45.29m
step 01816 (63.32%) | loss: 2.609297 | lrm: 0.73 | dt: 1462.89ms | tok/sec: 89,597 | mfu: 0.00 | epoch: 1 | total time: 45.32m
step 01817 (63.37%) | loss: 2.601937 | lrm: 0.73 | dt: 1463.84ms | tok/sec: 89,540 | mfu: 0.00 | epoch: 1 | total time: 45.34m
step 01818 (63.40%) | loss: 2.604430 | lrm: 0.73 | dt: 1464.33ms | tok/sec: 89,509 | mfu: 0.00 | epoch: 1 | total time: 45.37m
step 01819 (63.44%) | loss: 2.608083 | lrm: 0.73 | dt: 1464.19ms | tok/sec: 89,518 | mfu: 0.00 | epoch: 1 | total time: 45.39m
step 01820 (63.48%) | loss: 2.612164 | lrm: 0.73 | dt: 1463.62ms | tok/sec: 89,553 | mfu: 0.00 | epoch: 1 | total time: 45.41m
step 01821 (63.52%) | loss: 2.626165 | lrm: 0.73 | dt: 1464.09ms | tok/sec: 89,524 | mfu: 0.00 | epoch: 1 | total time: 45.44m
step 01822 (63.55%) | loss: 2.613555 | lrm: 0.73 | dt: 1462.87ms | tok/sec: 89,599 | mfu: 0.00 | epoch: 1 | total time: 45.46m
step 01823 (63.58%) | loss: 2.631860 | lrm: 0.73 | dt: 1464.07ms | tok/sec: 89,525 | mfu: 0.00 | epoch: 1 | total time: 45.49m
step 01824 (63.61%) | loss: 2.620034 | lrm: 0.73 | dt: 1463.28ms | tok/sec: 89,574 | mfu: 0.00 | epoch: 1 | total time: 45.51m
step 01825 (63.65%) | loss: 2.634646 | lrm: 0.73 | dt: 1463.70ms | tok/sec: 89,548 | mfu: 0.00 | epoch: 1 | total time: 45.54m
step 01826 (63.68%) | loss: 2.628947 | lrm: 0.73 | dt: 1462.87ms | tok/sec: 89,599 | mfu: 0.00 | epoch: 1 | total time: 45.56m
step 01827 (63.72%) | loss: 2.634758 | lrm: 0.73 | dt: 1463.96ms | tok/sec: 89,532 | mfu: 0.00 | epoch: 1 | total time: 45.59m
step 01828 (63.75%) | loss: 2.621682 | lrm: 0.72 | dt: 1463.00ms | tok/sec: 89,590 | mfu: 0.00 | epoch: 1 | total time: 45.61m
step 01829 (63.79%) | loss: 2.612141 | lrm: 0.72 | dt: 1463.10ms | tok/sec: 89,584 | mfu: 0.00 | epoch: 1 | total time: 45.63m
step 01830 (63.82%) | loss: 2.600933 | lrm: 0.72 | dt: 1463.04ms | tok/sec: 89,588 | mfu: 0.00 | epoch: 1 | total time: 45.66m
step 01831 (63.86%) | loss: 2.604232 | lrm: 0.72 | dt: 1463.29ms | tok/sec: 89,573 | mfu: 0.00 | epoch: 1 | total time: 45.68m
step 01832 (63.90%) | loss: 2.614196 | lrm: 0.72 | dt: 1464.31ms | tok/sec: 89,510 | mfu: 0.00 | epoch: 1 | total time: 45.71m
step 01833 (63.94%) | loss: 2.620763 | lrm: 0.72 | dt: 1462.88ms | tok/sec: 89,598 | mfu: 0.00 | epoch: 1 | total time: 45.73m
step 01834 (63.97%) | loss: 2.612290 | lrm: 0.72 | dt: 1463.76ms | tok/sec: 89,544 | mfu: 0.00 | epoch: 1 | total time: 45.76m
step 01835 (64.01%) | loss: 2.607229 | lrm: 0.72 | dt: 1463.16ms | tok/sec: 89,581 | mfu: 0.00 | epoch: 1 | total time: 45.78m
step 01836 (64.04%) | loss: 2.603082 | lrm: 0.72 | dt: 1463.71ms | tok/sec: 89,547 | mfu: 0.00 | epoch: 1 | total time: 45.81m
step 01837 (64.08%) | loss: 2.599419 | lrm: 0.72 | dt: 1462.93ms | tok/sec: 89,595 | mfu: 0.00 | epoch: 1 | total time: 45.83m
step 01838 (64.12%) | loss: 2.604135 | lrm: 0.72 | dt: 1524.16ms | tok/sec: 85,996 | mfu: 0.00 | epoch: 1 | total time: 45.85m
step 01839 (64.15%) | loss: 2.609987 | lrm: 0.72 | dt: 1734.80ms | tok/sec: 75,554 | mfu: 0.00 | epoch: 1 | total time: 45.88m
step 01840 (64.19%) | loss: 2.600995 | lrm: 0.72 | dt: 1752.33ms | tok/sec: 74,798 | mfu: 0.00 | epoch: 1 | total time: 45.91m
step 01841 (64.22%) | loss: 2.581210 | lrm: 0.72 | dt: 1993.35ms | tok/sec: 65,754 | mfu: 0.00 | epoch: 1 | total time: 45.95m
step 01842 (64.26%) | loss: 2.550003 | lrm: 0.71 | dt: 1753.44ms | tok/sec: 74,751 | mfu: 0.00 | epoch: 1 | total time: 45.98m
step 01843 (64.28%) | loss: 2.549145 | lrm: 0.71 | dt: 1543.35ms | tok/sec: 84,927 | mfu: 0.00 | epoch: 1 | total time: 46.00m
step 01844 (64.32%) | loss: 2.539758 | lrm: 0.71 | dt: 1891.29ms | tok/sec: 69,303 | mfu: 0.00 | epoch: 1 | total time: 46.03m
step 01845 (64.35%) | loss: 2.553265 | lrm: 0.71 | dt: 2020.11ms | tok/sec: 64,883 | mfu: 0.00 | epoch: 1 | total time: 46.07m
step 01846 (64.39%) | loss: 2.540002 | lrm: 0.71 | dt: 1951.56ms | tok/sec: 67,162 | mfu: 0.00 | epoch: 1 | total time: 46.10m
step 01847 (64.42%) | loss: 2.555658 | lrm: 0.71 | dt: 2023.10ms | tok/sec: 64,787 | mfu: 0.00 | epoch: 1 | total time: 46.13m
step 01848 (64.46%) | loss: 2.543251 | lrm: 0.71 | dt: 1939.80ms | tok/sec: 67,569 | mfu: 0.00 | epoch: 1 | total time: 46.17m
step 01849 (64.50%) | loss: 2.539772 | lrm: 0.71 | dt: 1748.07ms | tok/sec: 74,980 | mfu: 0.00 | epoch: 1 | total time: 46.19m
step 01850 (64.53%) | loss: 2.547591 | lrm: 0.71 | dt: 1490.92ms | tok/sec: 87,913 | mfu: 0.00 | epoch: 1 | total time: 46.22m
step 01851 (64.57%) | loss: 2.549717 | lrm: 0.71 | dt: 1503.56ms | tok/sec: 87,174 | mfu: 0.00 | epoch: 1 | total time: 46.24m
step 01852 (64.60%) | loss: 2.533928 | lrm: 0.71 | dt: 1482.85ms | tok/sec: 88,391 | mfu: 0.00 | epoch: 1 | total time: 46.27m
step 01853 (64.63%) | loss: 2.533676 | lrm: 0.71 | dt: 1493.94ms | tok/sec: 87,735 | mfu: 0.00 | epoch: 1 | total time: 46.29m
step 01854 (64.66%) | loss: 2.549011 | lrm: 0.71 | dt: 1489.42ms | tok/sec: 88,001 | mfu: 0.00 | epoch: 1 | total time: 46.32m
step 01855 (64.71%) | loss: 2.550125 | lrm: 0.71 | dt: 1492.84ms | tok/sec: 87,800 | mfu: 0.00 | epoch: 1 | total time: 46.34m
step 01856 (64.74%) | loss: 2.551740 | lrm: 0.71 | dt: 1479.91ms | tok/sec: 88,567 | mfu: 0.00 | epoch: 1 | total time: 46.37m
step 01857 (64.77%) | loss: 2.539708 | lrm: 0.70 | dt: 1499.11ms | tok/sec: 87,432 | mfu: 0.00 | epoch: 1 | total time: 46.39m
step 01858 (64.81%) | loss: 2.550511 | lrm: 0.70 | dt: 1484.04ms | tok/sec: 88,321 | mfu: 0.00 | epoch: 1 | total time: 46.42m
step 01859 (64.85%) | loss: 2.561712 | lrm: 0.70 | dt: 1499.87ms | tok/sec: 87,389 | mfu: 0.00 | epoch: 1 | total time: 46.44m
step 01860 (64.88%) | loss: 2.554100 | lrm: 0.70 | dt: 1472.54ms | tok/sec: 89,011 | mfu: 0.00 | epoch: 1 | total time: 46.47m
step 01861 (64.92%) | loss: 2.559767 | lrm: 0.70 | dt: 1497.10ms | tok/sec: 87,550 | mfu: 0.00 | epoch: 1 | total time: 46.49m
step 01862 (64.95%) | loss: 2.555566 | lrm: 0.70 | dt: 1486.68ms | tok/sec: 88,164 | mfu: 0.00 | epoch: 1 | total time: 46.52m
step 01863 (64.98%) | loss: 2.571837 | lrm: 0.70 | dt: 1511.35ms | tok/sec: 86,724 | mfu: 0.00 | epoch: 1 | total time: 46.54m
step 01864 (65.02%) | loss: 2.562167 | lrm: 0.70 | dt: 1479.43ms | tok/sec: 88,596 | mfu: 0.00 | epoch: 1 | total time: 46.57m
step 01865 (65.06%) | loss: 2.564961 | lrm: 0.70 | dt: 1486.46ms | tok/sec: 88,177 | mfu: 0.00 | epoch: 1 | total time: 46.59m
step 01866 (65.10%) | loss: 2.572836 | lrm: 0.70 | dt: 1473.41ms | tok/sec: 88,958 | mfu: 0.00 | epoch: 1 | total time: 46.62m
step 01867 (65.13%) | loss: 2.565929 | lrm: 0.70 | dt: 1492.32ms | tok/sec: 87,831 | mfu: 0.00 | epoch: 1 | total time: 46.64m
step 01868 (65.17%) | loss: 2.568799 | lrm: 0.70 | dt: 1511.06ms | tok/sec: 86,741 | mfu: 0.00 | epoch: 1 | total time: 46.67m
step 01869 (65.20%) | loss: 2.605923 | lrm: 0.70 | dt: 1690.53ms | tok/sec: 77,533 | mfu: 0.00 | epoch: 1 | total time: 46.69m
step 01870 (65.24%) | loss: 2.597710 | lrm: 0.70 | dt: 1666.08ms | tok/sec: 78,671 | mfu: 0.00 | epoch: 1 | total time: 46.72m
step 01871 (65.27%) | loss: 2.596083 | lrm: 0.69 | dt: 1670.49ms | tok/sec: 78,463 | mfu: 0.00 | epoch: 1 | total time: 46.75m
step 01872 (65.31%) | loss: 2.595796 | lrm: 0.69 | dt: 1678.75ms | tok/sec: 78,077 | mfu: 0.00 | epoch: 1 | total time: 46.78m
step 01873 (65.35%) | loss: 2.566019 | lrm: 0.69 | dt: 1683.05ms | tok/sec: 77,877 | mfu: 0.00 | epoch: 1 | total time: 46.81m
step 01874 (65.39%) | loss: 2.573158 | lrm: 0.69 | dt: 1674.27ms | tok/sec: 78,285 | mfu: 0.00 | epoch: 1 | total time: 46.83m
step 01875 (65.42%) | loss: 2.571894 | lrm: 0.69 | dt: 1656.04ms | tok/sec: 79,147 | mfu: 0.00 | epoch: 1 | total time: 46.86m
step 01876 (65.45%) | loss: 2.572377 | lrm: 0.69 | dt: 1678.65ms | tok/sec: 78,082 | mfu: 0.00 | epoch: 1 | total time: 46.89m
step 01877 (65.49%) | loss: 2.546111 | lrm: 0.69 | dt: 1672.34ms | tok/sec: 78,376 | mfu: 0.00 | epoch: 1 | total time: 46.92m
step 01878 (65.52%) | loss: 2.545116 | lrm: 0.69 | dt: 1680.03ms | tok/sec: 78,017 | mfu: 0.00 | epoch: 1 | total time: 46.95m
step 01879 (65.55%) | loss: 2.536890 | lrm: 0.69 | dt: 1662.86ms | tok/sec: 78,823 | mfu: 0.00 | epoch: 1 | total time: 46.97m
step 01880 (65.59%) | loss: 2.532954 | lrm: 0.69 | dt: 1683.59ms | tok/sec: 77,852 | mfu: 0.00 | epoch: 1 | total time: 47.00m
step 01881 (65.63%) | loss: 2.524113 | lrm: 0.69 | dt: 1667.70ms | tok/sec: 78,594 | mfu: 0.00 | epoch: 1 | total time: 47.03m
step 01882 (65.67%) | loss: 2.514212 | lrm: 0.69 | dt: 1676.88ms | tok/sec: 78,164 | mfu: 0.00 | epoch: 1 | total time: 47.06m
step 01883 (65.70%) | loss: 2.540531 | lrm: 0.69 | dt: 1716.72ms | tok/sec: 76,350 | mfu: 0.00 | epoch: 1 | total time: 47.09m
step 01884 (65.74%) | loss: 2.553307 | lrm: 0.69 | dt: 2037.16ms | tok/sec: 64,340 | mfu: 0.00 | epoch: 1 | total time: 47.12m
step 01885 (65.77%) | loss: 2.540884 | lrm: 0.68 | dt: 1974.36ms | tok/sec: 66,387 | mfu: 0.00 | epoch: 1 | total time: 47.15m
step 01886 (65.80%) | loss: 2.547356 | lrm: 0.68 | dt: 2053.22ms | tok/sec: 63,837 | mfu: 0.00 | epoch: 1 | total time: 47.19m
step 01887 (65.84%) | loss: 2.561631 | lrm: 0.68 | dt: 1988.49ms | tok/sec: 65,915 | mfu: 0.00 | epoch: 1 | total time: 47.22m
step 01888 (65.87%) | loss: 2.571748 | lrm: 0.68 | dt: 1799.29ms | tok/sec: 72,846 | mfu: 0.00 | epoch: 1 | total time: 47.25m
step 01889 (65.91%) | loss: 2.592004 | lrm: 0.68 | dt: 1799.02ms | tok/sec: 72,857 | mfu: 0.00 | epoch: 1 | total time: 47.28m
step 01890 (65.95%) | loss: 2.592574 | lrm: 0.68 | dt: 1968.18ms | tok/sec: 66,595 | mfu: 0.00 | epoch: 1 | total time: 47.31m
step 01891 (65.98%) | loss: 2.579090 | lrm: 0.68 | dt: 1886.50ms | tok/sec: 69,479 | mfu: 0.00 | epoch: 1 | total time: 47.34m
step 01892 (66.01%) | loss: 2.562091 | lrm: 0.68 | dt: 2025.38ms | tok/sec: 64,714 | mfu: 0.00 | epoch: 1 | total time: 47.38m
step 01893 (66.04%) | loss: 2.555931 | lrm: 0.68 | dt: 2071.74ms | tok/sec: 63,266 | mfu: 0.00 | epoch: 1 | total time: 47.41m
step 01894 (66.08%) | loss: 2.555287 | lrm: 0.68 | dt: 2198.78ms | tok/sec: 59,611 | mfu: 0.00 | epoch: 1 | total time: 47.45m
step 01895 (66.12%) | loss: 2.548247 | lrm: 0.68 | dt: 2168.59ms | tok/sec: 60,441 | mfu: 0.00 | epoch: 1 | total time: 47.49m
step 01896 (66.15%) | loss: 2.547438 | lrm: 0.68 | dt: 2215.67ms | tok/sec: 59,156 | mfu: 0.00 | epoch: 1 | total time: 47.52m
step 01897 (66.18%) | loss: 2.542964 | lrm: 0.68 | dt: 2137.22ms | tok/sec: 61,328 | mfu: 0.00 | epoch: 1 | total time: 47.56m
step 01898 (66.21%) | loss: 2.547410 | lrm: 0.68 | dt: 2057.87ms | tok/sec: 63,693 | mfu: 0.00 | epoch: 1 | total time: 47.59m
step 01899 (66.25%) | loss: 2.559989 | lrm: 0.68 | dt: 2083.74ms | tok/sec: 62,902 | mfu: 0.00 | epoch: 1 | total time: 47.63m
step 01900 (66.29%) | loss: 2.547641 | lrm: 0.67 | dt: 2137.20ms | tok/sec: 61,328 | mfu: 0.00 | epoch: 1 | total time: 47.66m
Step 01900 | Validation bpb: 0.8081
step 01901 (66.32%) | loss: 2.564315 | lrm: 0.67 | dt: 2098.64ms | tok/sec: 62,455 | mfu: 0.00 | epoch: 1 | total time: 47.70m
step 01902 (66.35%) | loss: 2.578337 | lrm: 0.67 | dt: 2062.96ms | tok/sec: 63,535 | mfu: 0.00 | epoch: 1 | total time: 47.73m
step 01903 (66.38%) | loss: 2.567635 | lrm: 0.67 | dt: 2095.07ms | tok/sec: 62,562 | mfu: 0.00 | epoch: 1 | total time: 47.77m
step 01904 (66.42%) | loss: 2.561402 | lrm: 0.67 | dt: 2022.51ms | tok/sec: 64,806 | mfu: 0.00 | epoch: 1 | total time: 47.80m
step 01905 (66.45%) | loss: 2.591371 | lrm: 0.67 | dt: 2068.84ms | tok/sec: 63,355 | mfu: 0.00 | epoch: 1 | total time: 47.83m
step 01906 (66.49%) | loss: 2.580689 | lrm: 0.67 | dt: 2040.70ms | tok/sec: 64,228 | mfu: 0.00 | epoch: 1 | total time: 47.87m
step 01907 (66.52%) | loss: 2.588046 | lrm: 0.67 | dt: 2080.73ms | tok/sec: 62,993 | mfu: 0.00 | epoch: 1 | total time: 47.90m
step 01908 (66.56%) | loss: 2.574275 | lrm: 0.67 | dt: 2098.73ms | tok/sec: 62,453 | mfu: 0.00 | epoch: 1 | total time: 47.94m
step 01909 (66.59%) | loss: 2.567754 | lrm: 0.67 | dt: 2087.84ms | tok/sec: 62,778 | mfu: 0.00 | epoch: 1 | total time: 47.97m
step 01910 (66.63%) | loss: 2.556202 | lrm: 0.67 | dt: 2097.62ms | tok/sec: 62,486 | mfu: 0.00 | epoch: 1 | total time: 48.01m
step 01911 (66.66%) | loss: 2.535318 | lrm: 0.67 | dt: 2087.78ms | tok/sec: 62,780 | mfu: 0.00 | epoch: 1 | total time: 48.04m
step 01912 (66.70%) | loss: 2.552608 | lrm: 0.67 | dt: 2060.10ms | tok/sec: 63,624 | mfu: 0.00 | epoch: 1 | total time: 48.08m
step 01913 (66.73%) | loss: 2.558544 | lrm: 0.67 | dt: 2074.88ms | tok/sec: 63,170 | mfu: 0.00 | epoch: 1 | total time: 48.11m
step 01914 (66.77%) | loss: 2.533934 | lrm: 0.66 | dt: 2068.58ms | tok/sec: 63,363 | mfu: 0.00 | epoch: 1 | total time: 48.15m
step 01915 (66.80%) | loss: 2.524412 | lrm: 0.66 | dt: 2094.91ms | tok/sec: 62,566 | mfu: 0.00 | epoch: 1 | total time: 48.18m
step 01916 (66.83%) | loss: 2.536342 | lrm: 0.66 | dt: 2099.78ms | tok/sec: 62,421 | mfu: 0.00 | epoch: 1 | total time: 48.22m
step 01917 (66.87%) | loss: 2.554914 | lrm: 0.66 | dt: 2044.19ms | tok/sec: 64,119 | mfu: 0.00 | epoch: 1 | total time: 48.25m
step 01918 (66.90%) | loss: 2.555687 | lrm: 0.66 | dt: 2077.80ms | tok/sec: 63,082 | mfu: 0.00 | epoch: 1 | total time: 48.28m
step 01919 (66.94%) | loss: 2.547735 | lrm: 0.66 | dt: 2084.04ms | tok/sec: 62,893 | mfu: 0.00 | epoch: 1 | total time: 48.32m
step 01920 (66.97%) | loss: 2.558949 | lrm: 0.66 | dt: 2062.58ms | tok/sec: 63,547 | mfu: 0.00 | epoch: 1 | total time: 48.35m
step 01921 (67.00%) | loss: 2.565747 | lrm: 0.66 | dt: 2087.66ms | tok/sec: 62,784 | mfu: 0.00 | epoch: 1 | total time: 48.39m
step 01922 (67.03%) | loss: 2.570857 | lrm: 0.66 | dt: 2208.32ms | tok/sec: 59,353 | mfu: 0.00 | epoch: 1 | total time: 48.43m
step 01923 (67.06%) | loss: 2.564125 | lrm: 0.66 | dt: 2206.03ms | tok/sec: 59,415 | mfu: 0.00 | epoch: 1 | total time: 48.46m
step 01924 (67.10%) | loss: 2.549870 | lrm: 0.66 | dt: 2057.59ms | tok/sec: 63,701 | mfu: 0.00 | epoch: 1 | total time: 48.50m
step 01925 (67.13%) | loss: 2.552503 | lrm: 0.66 | dt: 2098.16ms | tok/sec: 62,469 | mfu: 0.00 | epoch: 1 | total time: 48.53m
step 01926 (67.16%) | loss: 2.548465 | lrm: 0.66 | dt: 2039.63ms | tok/sec: 64,262 | mfu: 0.00 | epoch: 1 | total time: 48.57m
step 01927 (67.20%) | loss: 2.557798 | lrm: 0.66 | dt: 2061.23ms | tok/sec: 63,589 | mfu: 0.00 | epoch: 1 | total time: 48.60m
step 01928 (67.24%) | loss: 2.554261 | lrm: 0.66 | dt: 2128.88ms | tok/sec: 61,568 | mfu: 0.00 | epoch: 1 | total time: 48.64m
step 01929 (67.27%) | loss: 2.545118 | lrm: 0.65 | dt: 2063.04ms | tok/sec: 63,533 | mfu: 0.00 | epoch: 1 | total time: 48.67m
step 01930 (67.30%) | loss: 2.555028 | lrm: 0.65 | dt: 2077.13ms | tok/sec: 63,102 | mfu: 0.00 | epoch: 1 | total time: 48.70m
step 01931 (67.33%) | loss: 2.576566 | lrm: 0.65 | dt: 2061.06ms | tok/sec: 63,594 | mfu: 0.00 | epoch: 1 | total time: 48.74m
step 01932 (67.37%) | loss: 2.601883 | lrm: 0.65 | dt: 2051.89ms | tok/sec: 63,878 | mfu: 0.00 | epoch: 1 | total time: 48.77m
step 01933 (67.41%) | loss: 2.603269 | lrm: 0.65 | dt: 2060.47ms | tok/sec: 63,612 | mfu: 0.00 | epoch: 1 | total time: 48.81m
step 01934 (67.45%) | loss: 2.580559 | lrm: 0.65 | dt: 2045.21ms | tok/sec: 64,087 | mfu: 0.00 | epoch: 1 | total time: 48.84m
step 01935 (67.48%) | loss: 2.572606 | lrm: 0.65 | dt: 2048.86ms | tok/sec: 63,973 | mfu: 0.00 | epoch: 1 | total time: 48.88m
step 01936 (67.52%) | loss: 2.561693 | lrm: 0.65 | dt: 2052.13ms | tok/sec: 63,871 | mfu: 0.00 | epoch: 1 | total time: 48.91m
step 01937 (67.55%) | loss: 2.545115 | lrm: 0.65 | dt: 2074.85ms | tok/sec: 63,171 | mfu: 0.00 | epoch: 1 | total time: 48.94m
step 01938 (67.58%) | loss: 2.547330 | lrm: 0.65 | dt: 2050.59ms | tok/sec: 63,919 | mfu: 0.00 | epoch: 1 | total time: 48.98m
step 01939 (67.62%) | loss: 2.532154 | lrm: 0.65 | dt: 2092.30ms | tok/sec: 62,644 | mfu: 0.00 | epoch: 1 | total time: 49.01m
step 01940 (67.65%) | loss: 2.529746 | lrm: 0.65 | dt: 2048.29ms | tok/sec: 63,990 | mfu: 0.00 | epoch: 1 | total time: 49.05m
step 01941 (67.69%) | loss: 2.539309 | lrm: 0.65 | dt: 2064.88ms | tok/sec: 63,476 | mfu: 0.00 | epoch: 1 | total time: 49.08m
step 01942 (67.73%) | loss: 2.530063 | lrm: 0.65 | dt: 2078.63ms | tok/sec: 63,056 | mfu: 0.00 | epoch: 1 | total time: 49.12m
step 01943 (67.77%) | loss: 2.543470 | lrm: 0.64 | dt: 2105.47ms | tok/sec: 62,253 | mfu: 0.00 | epoch: 1 | total time: 49.15m
step 01944 (67.81%) | loss: 2.560678 | lrm: 0.64 | dt: 2103.53ms | tok/sec: 62,310 | mfu: 0.00 | epoch: 1 | total time: 49.19m
step 01945 (67.84%) | loss: 2.555695 | lrm: 0.64 | dt: 2100.47ms | tok/sec: 62,401 | mfu: 0.00 | epoch: 1 | total time: 49.22m
step 01946 (67.87%) | loss: 2.537184 | lrm: 0.64 | dt: 2076.10ms | tok/sec: 63,133 | mfu: 0.00 | epoch: 1 | total time: 49.26m
step 01947 (67.91%) | loss: 2.523947 | lrm: 0.64 | dt: 2082.09ms | tok/sec: 62,952 | mfu: 0.00 | epoch: 1 | total time: 49.29m
step 01948 (67.94%) | loss: 2.530949 | lrm: 0.64 | dt: 2080.74ms | tok/sec: 62,992 | mfu: 0.00 | epoch: 1 | total time: 49.33m
step 01949 (67.97%) | loss: 2.532204 | lrm: 0.64 | dt: 2062.46ms | tok/sec: 63,551 | mfu: 0.00 | epoch: 1 | total time: 49.36m
step 01950 (68.01%) | loss: 2.542411 | lrm: 0.64 | dt: 2078.18ms | tok/sec: 63,070 | mfu: 0.00 | epoch: 1 | total time: 49.39m
step 01951 (68.04%) | loss: 2.550825 | lrm: 0.64 | dt: 2075.42ms | tok/sec: 63,154 | mfu: 0.00 | epoch: 1 | total time: 49.43m
step 01952 (68.08%) | loss: 2.538413 | lrm: 0.64 | dt: 2057.01ms | tok/sec: 63,719 | mfu: 0.00 | epoch: 1 | total time: 49.46m
step 01953 (68.11%) | loss: 2.527159 | lrm: 0.64 | dt: 2084.06ms | tok/sec: 62,892 | mfu: 0.00 | epoch: 1 | total time: 49.50m
step 01954 (68.14%) | loss: 2.546667 | lrm: 0.64 | dt: 2062.82ms | tok/sec: 63,540 | mfu: 0.00 | epoch: 1 | total time: 49.53m
step 01955 (68.18%) | loss: 2.538461 | lrm: 0.64 | dt: 2083.78ms | tok/sec: 62,901 | mfu: 0.00 | epoch: 1 | total time: 49.57m
step 01956 (68.21%) | loss: 2.545848 | lrm: 0.64 | dt: 2095.39ms | tok/sec: 62,552 | mfu: 0.00 | epoch: 1 | total time: 49.60m
step 01957 (68.25%) | loss: 2.544233 | lrm: 0.64 | dt: 2084.52ms | tok/sec: 62,878 | mfu: 0.00 | epoch: 1 | total time: 49.64m
step 01958 (68.29%) | loss: 2.547814 | lrm: 0.63 | dt: 2063.79ms | tok/sec: 63,510 | mfu: 0.00 | epoch: 1 | total time: 49.67m
step 01959 (68.32%) | loss: 2.556913 | lrm: 0.63 | dt: 2042.87ms | tok/sec: 64,160 | mfu: 0.00 | epoch: 1 | total time: 49.71m
step 01960 (68.36%) | loss: 2.567075 | lrm: 0.63 | dt: 2066.40ms | tok/sec: 63,430 | mfu: 0.00 | epoch: 1 | total time: 49.74m
step 01961 (68.40%) | loss: 2.572567 | lrm: 0.63 | dt: 2044.88ms | tok/sec: 64,097 | mfu: 0.00 | epoch: 1 | total time: 49.77m
step 01962 (68.44%) | loss: 2.563543 | lrm: 0.63 | dt: 2100.80ms | tok/sec: 62,391 | mfu: 0.00 | epoch: 1 | total time: 49.81m
step 01963 (68.47%) | loss: 2.552599 | lrm: 0.63 | dt: 2052.27ms | tok/sec: 63,866 | mfu: 0.00 | epoch: 1 | total time: 49.84m
step 01964 (68.51%) | loss: 2.551044 | lrm: 0.63 | dt: 2056.60ms | tok/sec: 63,732 | mfu: 0.00 | epoch: 1 | total time: 49.88m
step 01965 (68.54%) | loss: 2.565391 | lrm: 0.63 | dt: 2084.78ms | tok/sec: 62,870 | mfu: 0.00 | epoch: 1 | total time: 49.91m
step 01966 (68.57%) | loss: 2.588148 | lrm: 0.63 | dt: 2075.15ms | tok/sec: 63,162 | mfu: 0.00 | epoch: 1 | total time: 49.95m
step 01967 (68.61%) | loss: 2.570327 | lrm: 0.63 | dt: 2069.44ms | tok/sec: 63,336 | mfu: 0.00 | epoch: 1 | total time: 49.98m
step 01968 (68.65%) | loss: 2.575204 | lrm: 0.63 | dt: 2019.16ms | tok/sec: 64,914 | mfu: 0.00 | epoch: 1 | total time: 50.02m
step 01969 (68.69%) | loss: 2.596353 | lrm: 0.63 | dt: 2097.03ms | tok/sec: 62,503 | mfu: 0.00 | epoch: 1 | total time: 50.05m
step 01970 (68.73%) | loss: 2.608475 | lrm: 0.63 | dt: 2092.50ms | tok/sec: 62,638 | mfu: 0.00 | epoch: 1 | total time: 50.08m
step 01971 (68.76%) | loss: 2.631237 | lrm: 0.62 | dt: 2043.47ms | tok/sec: 64,141 | mfu: 0.00 | epoch: 1 | total time: 50.12m
step 01972 (68.79%) | loss: 2.631278 | lrm: 0.62 | dt: 2104.14ms | tok/sec: 62,292 | mfu: 0.00 | epoch: 1 | total time: 50.15m
step 01973 (68.84%) | loss: 2.608667 | lrm: 0.62 | dt: 2040.49ms | tok/sec: 64,235 | mfu: 0.00 | epoch: 1 | total time: 50.19m
step 01974 (68.88%) | loss: 2.608193 | lrm: 0.62 | dt: 2080.20ms | tok/sec: 63,009 | mfu: 0.00 | epoch: 1 | total time: 50.22m
step 01975 (68.91%) | loss: 2.575268 | lrm: 0.62 | dt: 2079.41ms | tok/sec: 63,033 | mfu: 0.00 | epoch: 1 | total time: 50.26m
step 01976 (68.95%) | loss: 2.555267 | lrm: 0.62 | dt: 2048.77ms | tok/sec: 63,976 | mfu: 0.00 | epoch: 1 | total time: 50.29m
step 01977 (68.98%) | loss: 2.544469 | lrm: 0.62 | dt: 2037.77ms | tok/sec: 64,321 | mfu: 0.00 | epoch: 1 | total time: 50.33m
step 01978 (69.01%) | loss: 2.541636 | lrm: 0.62 | dt: 2031.04ms | tok/sec: 64,534 | mfu: 0.00 | epoch: 1 | total time: 50.36m
step 01979 (69.04%) | loss: 2.543530 | lrm: 0.62 | dt: 2047.83ms | tok/sec: 64,005 | mfu: 0.00 | epoch: 1 | total time: 50.39m
step 01980 (69.07%) | loss: 2.534184 | lrm: 0.62 | dt: 2043.57ms | tok/sec: 64,138 | mfu: 0.00 | epoch: 1 | total time: 50.43m
step 01981 (69.11%) | loss: 2.529196 | lrm: 0.62 | dt: 2064.20ms | tok/sec: 63,497 | mfu: 0.00 | epoch: 1 | total time: 50.46m
step 01982 (69.14%) | loss: 2.536119 | lrm: 0.62 | dt: 2063.49ms | tok/sec: 63,519 | mfu: 0.00 | epoch: 1 | total time: 50.50m
step 01983 (69.18%) | loss: 2.560665 | lrm: 0.62 | dt: 2029.59ms | tok/sec: 64,580 | mfu: 0.00 | epoch: 1 | total time: 50.53m
step 01984 (69.22%) | loss: 2.550781 | lrm: 0.62 | dt: 1994.47ms | tok/sec: 65,717 | mfu: 0.00 | epoch: 1 | total time: 50.56m
step 01985 (69.25%) | loss: 2.543519 | lrm: 0.61 | dt: 2040.97ms | tok/sec: 64,220 | mfu: 0.00 | epoch: 1 | total time: 50.60m
step 01986 (69.29%) | loss: 2.553362 | lrm: 0.61 | dt: 2035.35ms | tok/sec: 64,397 | mfu: 0.00 | epoch: 1 | total time: 50.63m
step 01987 (69.33%) | loss: 2.553750 | lrm: 0.61 | dt: 2068.16ms | tok/sec: 63,375 | mfu: 0.00 | epoch: 1 | total time: 50.67m
step 01988 (69.37%) | loss: 2.553854 | lrm: 0.61 | dt: 2046.18ms | tok/sec: 64,056 | mfu: 0.00 | epoch: 1 | total time: 50.70m
step 01989 (69.40%) | loss: 2.538745 | lrm: 0.61 | dt: 2040.19ms | tok/sec: 64,244 | mfu: 0.00 | epoch: 1 | total time: 50.73m
step 01990 (69.43%) | loss: 2.541851 | lrm: 0.61 | dt: 2046.43ms | tok/sec: 64,049 | mfu: 0.00 | epoch: 1 | total time: 50.77m
step 01991 (69.46%) | loss: 2.536325 | lrm: 0.61 | dt: 2042.26ms | tok/sec: 64,179 | mfu: 0.00 | epoch: 1 | total time: 50.80m
step 01992 (69.50%) | loss: 2.535025 | lrm: 0.61 | dt: 2034.00ms | tok/sec: 64,440 | mfu: 0.00 | epoch: 1 | total time: 50.84m
step 01993 (69.53%) | loss: 2.523759 | lrm: 0.61 | dt: 2045.84ms | tok/sec: 64,067 | mfu: 0.00 | epoch: 1 | total time: 50.87m
step 01994 (69.56%) | loss: 2.526756 | lrm: 0.61 | dt: 2033.39ms | tok/sec: 64,459 | mfu: 0.00 | epoch: 1 | total time: 50.90m
step 01995 (69.60%) | loss: 2.523692 | lrm: 0.61 | dt: 2073.97ms | tok/sec: 63,198 | mfu: 0.00 | epoch: 1 | total time: 50.94m
step 01996 (69.64%) | loss: 2.518787 | lrm: 0.61 | dt: 1989.37ms | tok/sec: 65,886 | mfu: 0.00 | epoch: 1 | total time: 50.97m
step 01997 (69.68%) | loss: 2.494317 | lrm: 0.61 | dt: 1972.64ms | tok/sec: 66,445 | mfu: 0.00 | epoch: 1 | total time: 51.00m
step 01998 (69.71%) | loss: 2.510414 | lrm: 0.61 | dt: 1979.51ms | tok/sec: 66,214 | mfu: 0.00 | epoch: 1 | total time: 51.04m
step 01999 (69.75%) | loss: 2.515402 | lrm: 0.60 | dt: 2008.27ms | tok/sec: 65,266 | mfu: 0.00 | epoch: 1 | total time: 51.07m
step 02000 (69.79%) | loss: 2.498564 | lrm: 0.60 | dt: 2034.96ms | tok/sec: 64,410 | mfu: 0.00 | epoch: 1 | total time: 51.10m
Step 02000 | Validation bpb: 0.8022
step 02001 (69.83%) | loss: 2.502519 | lrm: 0.60 | dt: 2166.60ms | tok/sec: 60,496 | mfu: 0.00 | epoch: 1 | total time: 51.14m
step 02002 (69.86%) | loss: 2.525489 | lrm: 0.60 | dt: 2012.25ms | tok/sec: 65,136 | mfu: 0.00 | epoch: 1 | total time: 51.17m
step 02003 (69.89%) | loss: 2.506632 | lrm: 0.60 | dt: 2035.23ms | tok/sec: 64,401 | mfu: 0.00 | epoch: 1 | total time: 51.21m
step 02004 (69.92%) | loss: 2.496983 | lrm: 0.60 | dt: 1984.69ms | tok/sec: 66,041 | mfu: 0.00 | epoch: 1 | total time: 51.24m
step 02005 (69.96%) | loss: 2.496564 | lrm: 0.60 | dt: 2064.13ms | tok/sec: 63,499 | mfu: 0.00 | epoch: 1 | total time: 51.28m
step 02006 (69.99%) | loss: 2.491123 | lrm: 0.60 | dt: 1987.82ms | tok/sec: 65,937 | mfu: 0.00 | epoch: 1 | total time: 51.31m
step 02007 (70.02%) | loss: 2.521759 | lrm: 0.60 | dt: 2023.86ms | tok/sec: 64,763 | mfu: 0.00 | epoch: 1 | total time: 51.34m
step 02008 (70.06%) | loss: 2.536778 | lrm: 0.60 | dt: 2002.72ms | tok/sec: 65,446 | mfu: 0.00 | epoch: 1 | total time: 51.38m
step 02009 (70.10%) | loss: 2.536654 | lrm: 0.60 | dt: 2023.76ms | tok/sec: 64,766 | mfu: 0.00 | epoch: 1 | total time: 51.41m
step 02010 (70.13%) | loss: 2.529588 | lrm: 0.60 | dt: 1968.38ms | tok/sec: 66,588 | mfu: 0.00 | epoch: 1 | total time: 51.44m
step 02011 (70.16%) | loss: 2.531201 | lrm: 0.60 | dt: 2033.14ms | tok/sec: 64,467 | mfu: 0.00 | epoch: 1 | total time: 51.48m
step 02012 (70.19%) | loss: 2.539208 | lrm: 0.60 | dt: 2076.63ms | tok/sec: 63,117 | mfu: 0.00 | epoch: 1 | total time: 51.51m
step 02013 (70.23%) | loss: 2.535353 | lrm: 0.60 | dt: 2119.31ms | tok/sec: 61,846 | mfu: 0.00 | epoch: 1 | total time: 51.55m
step 02014 (70.26%) | loss: 2.549660 | lrm: 0.59 | dt: 1984.58ms | tok/sec: 66,045 | mfu: 0.00 | epoch: 1 | total time: 51.58m
step 02015 (70.29%) | loss: 2.527124 | lrm: 0.59 | dt: 2010.10ms | tok/sec: 65,206 | mfu: 0.00 | epoch: 1 | total time: 51.61m
step 02016 (70.33%) | loss: 2.537001 | lrm: 0.59 | dt: 2018.36ms | tok/sec: 64,939 | mfu: 0.00 | epoch: 1 | total time: 51.65m
step 02017 (70.36%) | loss: 2.535855 | lrm: 0.59 | dt: 2037.07ms | tok/sec: 64,343 | mfu: 0.00 | epoch: 1 | total time: 51.68m
step 02018 (70.40%) | loss: 2.537580 | lrm: 0.59 | dt: 1973.11ms | tok/sec: 66,429 | mfu: 0.00 | epoch: 1 | total time: 51.71m
step 02019 (70.43%) | loss: 2.544573 | lrm: 0.59 | dt: 2055.27ms | tok/sec: 63,773 | mfu: 0.00 | epoch: 1 | total time: 51.75m
step 02020 (70.46%) | loss: 2.563075 | lrm: 0.59 | dt: 1990.95ms | tok/sec: 65,833 | mfu: 0.00 | epoch: 1 | total time: 51.78m
step 02021 (70.49%) | loss: 2.560182 | lrm: 0.59 | dt: 2028.71ms | tok/sec: 64,608 | mfu: 0.00 | epoch: 1 | total time: 51.81m
step 02022 (70.53%) | loss: 2.569109 | lrm: 0.59 | dt: 2032.76ms | tok/sec: 64,479 | mfu: 0.00 | epoch: 1 | total time: 51.85m
step 02023 (70.56%) | loss: 2.587197 | lrm: 0.59 | dt: 2003.83ms | tok/sec: 65,410 | mfu: 0.00 | epoch: 1 | total time: 51.88m
step 02024 (70.60%) | loss: 2.563346 | lrm: 0.59 | dt: 2049.87ms | tok/sec: 63,941 | mfu: 0.00 | epoch: 1 | total time: 51.92m
step 02025 (70.63%) | loss: 2.565639 | lrm: 0.59 | dt: 2009.83ms | tok/sec: 65,215 | mfu: 0.00 | epoch: 1 | total time: 51.95m
step 02026 (70.66%) | loss: 2.545585 | lrm: 0.59 | dt: 1963.68ms | tok/sec: 66,748 | mfu: 0.00 | epoch: 1 | total time: 51.98m
step 02027 (70.71%) | loss: 2.507679 | lrm: 0.59 | dt: 1916.74ms | tok/sec: 68,382 | mfu: 0.00 | epoch: 1 | total time: 52.01m
step 02028 (70.74%) | loss: 2.501895 | lrm: 0.59 | dt: 2032.60ms | tok/sec: 64,484 | mfu: 0.00 | epoch: 1 | total time: 52.05m
step 02029 (70.78%) | loss: 2.497539 | lrm: 0.58 | dt: 2045.99ms | tok/sec: 64,062 | mfu: 0.00 | epoch: 1 | total time: 52.08m
step 02030 (70.81%) | loss: 2.491559 | lrm: 0.58 | dt: 1991.15ms | tok/sec: 65,827 | mfu: 0.00 | epoch: 1 | total time: 52.12m
step 02031 (70.84%) | loss: 2.521662 | lrm: 0.58 | dt: 1949.45ms | tok/sec: 67,235 | mfu: 0.00 | epoch: 1 | total time: 52.15m
step 02032 (70.87%) | loss: 2.503955 | lrm: 0.58 | dt: 2017.65ms | tok/sec: 64,962 | mfu: 0.00 | epoch: 1 | total time: 52.18m
step 02033 (70.91%) | loss: 2.510465 | lrm: 0.58 | dt: 1990.22ms | tok/sec: 65,858 | mfu: 0.00 | epoch: 1 | total time: 52.22m
step 02034 (70.94%) | loss: 2.512662 | lrm: 0.58 | dt: 2009.97ms | tok/sec: 65,211 | mfu: 0.00 | epoch: 1 | total time: 52.25m
step 02035 (70.97%) | loss: 2.526445 | lrm: 0.58 | dt: 1941.80ms | tok/sec: 67,500 | mfu: 0.00 | epoch: 1 | total time: 52.28m
step 02036 (71.01%) | loss: 2.534955 | lrm: 0.58 | dt: 1982.90ms | tok/sec: 66,101 | mfu: 0.00 | epoch: 1 | total time: 52.31m
step 02037 (71.04%) | loss: 2.543715 | lrm: 0.58 | dt: 2010.23ms | tok/sec: 65,202 | mfu: 0.00 | epoch: 1 | total time: 52.35m
step 02038 (71.07%) | loss: 2.538525 | lrm: 0.58 | dt: 2031.08ms | tok/sec: 64,533 | mfu: 0.00 | epoch: 1 | total time: 52.38m
step 02039 (71.11%) | loss: 2.548230 | lrm: 0.58 | dt: 1962.50ms | tok/sec: 66,788 | mfu: 0.00 | epoch: 1 | total time: 52.41m
step 02040 (71.14%) | loss: 2.567992 | lrm: 0.58 | dt: 2058.22ms | tok/sec: 63,682 | mfu: 0.00 | epoch: 1 | total time: 52.45m
step 02041 (71.18%) | loss: 2.563839 | lrm: 0.58 | dt: 2041.48ms | tok/sec: 64,204 | mfu: 0.00 | epoch: 1 | total time: 52.48m
step 02042 (71.21%) | loss: 2.565865 | lrm: 0.58 | dt: 2025.14ms | tok/sec: 64,722 | mfu: 0.00 | epoch: 1 | total time: 52.52m
step 02043 (71.24%) | loss: 2.531818 | lrm: 0.58 | dt: 2056.51ms | tok/sec: 63,735 | mfu: 0.00 | epoch: 1 | total time: 52.55m
step 02044 (71.28%) | loss: 2.534896 | lrm: 0.57 | dt: 2024.78ms | tok/sec: 64,734 | mfu: 0.00 | epoch: 1 | total time: 52.58m
step 02045 (71.32%) | loss: 2.538143 | lrm: 0.57 | dt: 2005.23ms | tok/sec: 65,364 | mfu: 0.00 | epoch: 1 | total time: 52.62m
step 02046 (71.36%) | loss: 2.526338 | lrm: 0.57 | dt: 1981.37ms | tok/sec: 66,152 | mfu: 0.00 | epoch: 1 | total time: 52.65m
step 02047 (71.39%) | loss: 2.527610 | lrm: 0.57 | dt: 1995.60ms | tok/sec: 65,680 | mfu: 0.00 | epoch: 1 | total time: 52.68m
step 02048 (71.43%) | loss: 2.538635 | lrm: 0.57 | dt: 2003.13ms | tok/sec: 65,433 | mfu: 0.00 | epoch: 1 | total time: 52.72m
step 02049 (71.46%) | loss: 2.549648 | lrm: 0.57 | dt: 1976.73ms | tok/sec: 66,307 | mfu: 0.00 | epoch: 1 | total time: 52.75m
step 02050 (71.50%) | loss: 2.561995 | lrm: 0.57 | dt: 2066.31ms | tok/sec: 63,433 | mfu: 0.00 | epoch: 1 | total time: 52.78m
step 02051 (71.53%) | loss: 2.540066 | lrm: 0.57 | dt: 2020.77ms | tok/sec: 64,862 | mfu: 0.00 | epoch: 1 | total time: 52.82m
step 02052 (71.56%) | loss: 2.547741 | lrm: 0.57 | dt: 2037.42ms | tok/sec: 64,332 | mfu: 0.00 | epoch: 1 | total time: 52.85m
step 02053 (71.60%) | loss: 2.554053 | lrm: 0.57 | dt: 2040.20ms | tok/sec: 64,244 | mfu: 0.00 | epoch: 1 | total time: 52.89m
step 02054 (71.64%) | loss: 2.544312 | lrm: 0.57 | dt: 2007.66ms | tok/sec: 65,285 | mfu: 0.00 | epoch: 1 | total time: 52.92m
step 02055 (71.67%) | loss: 2.544304 | lrm: 0.57 | dt: 1972.12ms | tok/sec: 66,462 | mfu: 0.00 | epoch: 1 | total time: 52.95m
step 02056 (71.71%) | loss: 2.543353 | lrm: 0.57 | dt: 1994.55ms | tok/sec: 65,715 | mfu: 0.00 | epoch: 1 | total time: 52.99m
step 02057 (71.74%) | loss: 2.562538 | lrm: 0.57 | dt: 2000.77ms | tok/sec: 65,510 | mfu: 0.00 | epoch: 1 | total time: 53.02m
step 02058 (71.77%) | loss: 2.560194 | lrm: 0.56 | dt: 2042.22ms | tok/sec: 64,181 | mfu: 0.00 | epoch: 1 | total time: 53.05m
step 02059 (71.81%) | loss: 2.562670 | lrm: 0.56 | dt: 1994.41ms | tok/sec: 65,719 | mfu: 0.00 | epoch: 1 | total time: 53.09m
step 02060 (71.85%) | loss: 2.569422 | lrm: 0.56 | dt: 2040.86ms | tok/sec: 64,223 | mfu: 0.00 | epoch: 1 | total time: 53.12m
step 02061 (71.88%) | loss: 2.553877 | lrm: 0.56 | dt: 2037.25ms | tok/sec: 64,337 | mfu: 0.00 | epoch: 1 | total time: 53.15m
step 02062 (71.92%) | loss: 2.570140 | lrm: 0.56 | dt: 1963.75ms | tok/sec: 66,745 | mfu: 0.00 | epoch: 1 | total time: 53.19m
step 02063 (71.95%) | loss: 2.572440 | lrm: 0.56 | dt: 2072.41ms | tok/sec: 63,246 | mfu: 0.00 | epoch: 1 | total time: 53.22m
step 02064 (71.99%) | loss: 2.547444 | lrm: 0.56 | dt: 2002.24ms | tok/sec: 65,462 | mfu: 0.00 | epoch: 1 | total time: 53.25m
step 02065 (72.02%) | loss: 2.557359 | lrm: 0.56 | dt: 2025.41ms | tok/sec: 64,713 | mfu: 0.00 | epoch: 1 | total time: 53.29m
step 02066 (72.06%) | loss: 2.533120 | lrm: 0.56 | dt: 1954.70ms | tok/sec: 67,054 | mfu: 0.00 | epoch: 1 | total time: 53.32m
step 02067 (72.09%) | loss: 2.521890 | lrm: 0.56 | dt: 1974.31ms | tok/sec: 66,388 | mfu: 0.00 | epoch: 1 | total time: 53.35m
step 02068 (72.12%) | loss: 2.528314 | lrm: 0.56 | dt: 1944.95ms | tok/sec: 67,391 | mfu: 0.00 | epoch: 1 | total time: 53.39m
step 02069 (72.16%) | loss: 2.517648 | lrm: 0.56 | dt: 1966.02ms | tok/sec: 66,668 | mfu: 0.00 | epoch: 1 | total time: 53.42m
step 02070 (72.20%) | loss: 2.512616 | lrm: 0.56 | dt: 1994.04ms | tok/sec: 65,731 | mfu: 0.00 | epoch: 1 | total time: 53.45m
step 02071 (72.23%) | loss: 2.513600 | lrm: 0.56 | dt: 1928.86ms | tok/sec: 67,953 | mfu: 0.00 | epoch: 1 | total time: 53.48m
step 02072 (72.27%) | loss: 2.518494 | lrm: 0.55 | dt: 2021.58ms | tok/sec: 64,836 | mfu: 0.00 | epoch: 1 | total time: 53.52m
step 02073 (72.30%) | loss: 2.505608 | lrm: 0.55 | dt: 1947.35ms | tok/sec: 67,307 | mfu: 0.00 | epoch: 1 | total time: 53.55m
step 02074 (72.33%) | loss: 2.517202 | lrm: 0.55 | dt: 2030.97ms | tok/sec: 64,536 | mfu: 0.00 | epoch: 1 | total time: 53.58m
step 02075 (72.37%) | loss: 2.512598 | lrm: 0.55 | dt: 1978.81ms | tok/sec: 66,237 | mfu: 0.00 | epoch: 1 | total time: 53.62m
step 02076 (72.40%) | loss: 2.514063 | lrm: 0.55 | dt: 2000.36ms | tok/sec: 65,524 | mfu: 0.00 | epoch: 1 | total time: 53.65m
step 02077 (72.44%) | loss: 2.537830 | lrm: 0.55 | dt: 2018.20ms | tok/sec: 64,944 | mfu: 0.00 | epoch: 1 | total time: 53.68m
step 02078 (72.48%) | loss: 2.521601 | lrm: 0.55 | dt: 1987.69ms | tok/sec: 65,941 | mfu: 0.00 | epoch: 1 | total time: 53.72m
step 02079 (72.51%) | loss: 2.536404 | lrm: 0.55 | dt: 1891.04ms | tok/sec: 69,312 | mfu: 0.00 | epoch: 1 | total time: 53.75m
step 02080 (72.54%) | loss: 2.520872 | lrm: 0.55 | dt: 1919.89ms | tok/sec: 68,270 | mfu: 0.00 | epoch: 1 | total time: 53.78m
step 02081 (72.58%) | loss: 2.524652 | lrm: 0.55 | dt: 1982.82ms | tok/sec: 66,103 | mfu: 0.00 | epoch: 1 | total time: 53.81m
step 02082 (72.61%) | loss: 2.524094 | lrm: 0.55 | dt: 2037.75ms | tok/sec: 64,321 | mfu: 0.00 | epoch: 1 | total time: 53.85m
step 02083 (72.65%) | loss: 2.520717 | lrm: 0.55 | dt: 1917.54ms | tok/sec: 68,354 | mfu: 0.00 | epoch: 1 | total time: 53.88m
step 02084 (72.68%) | loss: 2.531068 | lrm: 0.55 | dt: 1934.03ms | tok/sec: 67,771 | mfu: 0.00 | epoch: 1 | total time: 53.91m
step 02085 (72.71%) | loss: 2.530743 | lrm: 0.55 | dt: 1939.32ms | tok/sec: 67,586 | mfu: 0.00 | epoch: 1 | total time: 53.94m
step 02086 (72.75%) | loss: 2.533146 | lrm: 0.55 | dt: 2024.46ms | tok/sec: 64,744 | mfu: 0.00 | epoch: 1 | total time: 53.98m
step 02087 (72.79%) | loss: 2.538645 | lrm: 0.54 | dt: 1945.73ms | tok/sec: 67,363 | mfu: 0.00 | epoch: 1 | total time: 54.01m
step 02088 (72.82%) | loss: 2.559204 | lrm: 0.54 | dt: 2039.68ms | tok/sec: 64,261 | mfu: 0.00 | epoch: 1 | total time: 54.05m
step 02089 (72.86%) | loss: 2.534856 | lrm: 0.54 | dt: 1987.31ms | tok/sec: 65,954 | mfu: 0.00 | epoch: 1 | total time: 54.08m
step 02090 (72.89%) | loss: 2.525349 | lrm: 0.54 | dt: 2047.55ms | tok/sec: 64,013 | mfu: 0.00 | epoch: 1 | total time: 54.11m
step 02091 (72.92%) | loss: 2.528032 | lrm: 0.54 | dt: 2048.41ms | tok/sec: 63,987 | mfu: 0.00 | epoch: 1 | total time: 54.15m
step 02092 (72.95%) | loss: 2.516731 | lrm: 0.54 | dt: 2064.51ms | tok/sec: 63,488 | mfu: 0.00 | epoch: 1 | total time: 54.18m
step 02093 (72.99%) | loss: 2.508290 | lrm: 0.54 | dt: 1981.48ms | tok/sec: 66,148 | mfu: 0.00 | epoch: 1 | total time: 54.21m
step 02094 (73.02%) | loss: 2.529379 | lrm: 0.54 | dt: 1965.52ms | tok/sec: 66,685 | mfu: 0.00 | epoch: 1 | total time: 54.25m
step 02095 (73.06%) | loss: 2.511926 | lrm: 0.54 | dt: 1889.27ms | tok/sec: 69,376 | mfu: 0.00 | epoch: 1 | total time: 54.28m
step 02096 (73.09%) | loss: 2.531705 | lrm: 0.54 | dt: 1981.10ms | tok/sec: 66,161 | mfu: 0.00 | epoch: 1 | total time: 54.31m
step 02097 (73.13%) | loss: 2.529334 | lrm: 0.54 | dt: 1932.57ms | tok/sec: 67,822 | mfu: 0.00 | epoch: 1 | total time: 54.34m
step 02098 (73.16%) | loss: 2.530978 | lrm: 0.54 | dt: 1999.73ms | tok/sec: 65,544 | mfu: 0.00 | epoch: 1 | total time: 54.38m
step 02099 (73.21%) | loss: 2.521700 | lrm: 0.54 | dt: 2003.39ms | tok/sec: 65,425 | mfu: 0.00 | epoch: 1 | total time: 54.41m
step 02100 (73.24%) | loss: 2.560222 | lrm: 0.54 | dt: 1976.98ms | tok/sec: 66,298 | mfu: 0.00 | epoch: 1 | total time: 54.44m
Step 02100 | Validation bpb: 0.7975
step 02101 (73.28%) | loss: 2.568679 | lrm: 0.53 | dt: 2135.49ms | tok/sec: 61,377 | mfu: 0.00 | epoch: 1 | total time: 54.48m
step 02102 (73.32%) | loss: 2.568027 | lrm: 0.53 | dt: 2010.92ms | tok/sec: 65,180 | mfu: 0.00 | epoch: 1 | total time: 54.51m
step 02103 (73.35%) | loss: 2.570956 | lrm: 0.53 | dt: 1957.32ms | tok/sec: 66,965 | mfu: 0.00 | epoch: 1 | total time: 54.54m
step 02104 (73.39%) | loss: 2.563446 | lrm: 0.53 | dt: 1900.05ms | tok/sec: 68,983 | mfu: 0.00 | epoch: 1 | total time: 54.58m
step 02105 (73.42%) | loss: 2.556806 | lrm: 0.53 | dt: 2040.83ms | tok/sec: 64,224 | mfu: 0.00 | epoch: 1 | total time: 54.61m
step 02106 (73.45%) | loss: 2.563771 | lrm: 0.53 | dt: 2016.01ms | tok/sec: 65,015 | mfu: 0.00 | epoch: 1 | total time: 54.64m
step 02107 (73.49%) | loss: 2.563078 | lrm: 0.53 | dt: 2031.95ms | tok/sec: 64,505 | mfu: 0.00 | epoch: 1 | total time: 54.68m
step 02108 (73.52%) | loss: 2.551186 | lrm: 0.53 | dt: 1941.21ms | tok/sec: 67,520 | mfu: 0.00 | epoch: 1 | total time: 54.71m
step 02109 (73.55%) | loss: 2.549261 | lrm: 0.53 | dt: 1959.99ms | tok/sec: 66,873 | mfu: 0.00 | epoch: 1 | total time: 54.74m
step 02110 (73.59%) | loss: 2.534917 | lrm: 0.53 | dt: 1922.88ms | tok/sec: 68,164 | mfu: 0.00 | epoch: 1 | total time: 54.77m
step 02111 (73.62%) | loss: 2.535385 | lrm: 0.53 | dt: 1977.92ms | tok/sec: 66,267 | mfu: 0.00 | epoch: 1 | total time: 54.81m
step 02112 (73.66%) | loss: 2.521777 | lrm: 0.53 | dt: 2005.41ms | tok/sec: 65,359 | mfu: 0.00 | epoch: 1 | total time: 54.84m
step 02113 (73.70%) | loss: 2.525235 | lrm: 0.53 | dt: 1963.27ms | tok/sec: 66,761 | mfu: 0.00 | epoch: 1 | total time: 54.87m
step 02114 (73.73%) | loss: 2.533399 | lrm: 0.53 | dt: 1938.31ms | tok/sec: 67,621 | mfu: 0.00 | epoch: 1 | total time: 54.91m
step 02115 (73.77%) | loss: 2.529685 | lrm: 0.52 | dt: 1967.10ms | tok/sec: 66,632 | mfu: 0.00 | epoch: 1 | total time: 54.94m
step 02116 (73.81%) | loss: 2.536301 | lrm: 0.52 | dt: 1993.83ms | tok/sec: 65,738 | mfu: 0.00 | epoch: 1 | total time: 54.97m
step 02117 (73.84%) | loss: 2.542414 | lrm: 0.52 | dt: 2007.94ms | tok/sec: 65,276 | mfu: 0.00 | epoch: 1 | total time: 55.01m
step 02118 (73.87%) | loss: 2.545791 | lrm: 0.52 | dt: 1959.56ms | tok/sec: 66,888 | mfu: 0.00 | epoch: 1 | total time: 55.04m
step 02119 (73.90%) | loss: 2.557071 | lrm: 0.52 | dt: 1982.20ms | tok/sec: 66,124 | mfu: 0.00 | epoch: 1 | total time: 55.07m
step 02120 (73.93%) | loss: 2.568207 | lrm: 0.52 | dt: 2010.90ms | tok/sec: 65,180 | mfu: 0.00 | epoch: 1 | total time: 55.11m
step 02121 (73.97%) | loss: 2.549996 | lrm: 0.52 | dt: 1967.79ms | tok/sec: 66,608 | mfu: 0.00 | epoch: 1 | total time: 55.14m
step 02122 (74.00%) | loss: 2.548638 | lrm: 0.52 | dt: 1926.75ms | tok/sec: 68,027 | mfu: 0.00 | epoch: 1 | total time: 55.17m
step 02123 (74.04%) | loss: 2.540979 | lrm: 0.52 | dt: 2054.44ms | tok/sec: 63,799 | mfu: 0.00 | epoch: 1 | total time: 55.20m
step 02124 (74.07%) | loss: 2.536116 | lrm: 0.52 | dt: 2034.09ms | tok/sec: 64,437 | mfu: 0.00 | epoch: 1 | total time: 55.24m
step 02125 (74.11%) | loss: 2.517771 | lrm: 0.52 | dt: 1915.44ms | tok/sec: 68,429 | mfu: 0.00 | epoch: 1 | total time: 55.27m
step 02126 (74.15%) | loss: 2.493871 | lrm: 0.52 | dt: 1842.77ms | tok/sec: 71,127 | mfu: 0.00 | epoch: 1 | total time: 55.30m
step 02127 (74.18%) | loss: 2.502686 | lrm: 0.52 | dt: 1668.39ms | tok/sec: 78,561 | mfu: 0.00 | epoch: 1 | total time: 55.33m
step 02128 (74.22%) | loss: 2.483924 | lrm: 0.52 | dt: 1692.07ms | tok/sec: 77,462 | mfu: 0.00 | epoch: 1 | total time: 55.36m
step 02129 (74.25%) | loss: 2.501998 | lrm: 0.51 | dt: 1682.10ms | tok/sec: 77,921 | mfu: 0.00 | epoch: 1 | total time: 55.38m
step 02130 (74.28%) | loss: 2.510292 | lrm: 0.51 | dt: 1712.65ms | tok/sec: 76,531 | mfu: 0.00 | epoch: 1 | total time: 55.41m
step 02131 (74.32%) | loss: 2.524855 | lrm: 0.51 | dt: 1930.33ms | tok/sec: 67,901 | mfu: 0.00 | epoch: 1 | total time: 55.45m
step 02132 (74.35%) | loss: 2.521518 | lrm: 0.51 | dt: 1938.31ms | tok/sec: 67,621 | mfu: 0.00 | epoch: 1 | total time: 55.48m
step 02133 (74.38%) | loss: 2.498227 | lrm: 0.51 | dt: 1959.54ms | tok/sec: 66,889 | mfu: 0.00 | epoch: 1 | total time: 55.51m
step 02134 (74.42%) | loss: 2.492573 | lrm: 0.51 | dt: 1654.53ms | tok/sec: 79,220 | mfu: 0.00 | epoch: 1 | total time: 55.54m
step 02135 (74.45%) | loss: 2.520100 | lrm: 0.51 | dt: 1623.84ms | tok/sec: 80,717 | mfu: 0.00 | epoch: 1 | total time: 55.57m
step 02136 (74.49%) | loss: 2.525554 | lrm: 0.51 | dt: 1633.88ms | tok/sec: 80,221 | mfu: 0.00 | epoch: 1 | total time: 55.59m
step 02137 (74.52%) | loss: 2.524976 | lrm: 0.51 | dt: 1647.13ms | tok/sec: 79,576 | mfu: 0.00 | epoch: 1 | total time: 55.62m
step 02138 (74.56%) | loss: 2.508674 | lrm: 0.51 | dt: 1646.66ms | tok/sec: 79,598 | mfu: 0.00 | epoch: 1 | total time: 55.65m
step 02139 (74.59%) | loss: 2.508581 | lrm: 0.51 | dt: 1624.63ms | tok/sec: 80,678 | mfu: 0.00 | epoch: 1 | total time: 55.67m
step 02140 (74.62%) | loss: 2.493798 | lrm: 0.51 | dt: 1627.11ms | tok/sec: 80,555 | mfu: 0.00 | epoch: 1 | total time: 55.70m
step 02141 (74.66%) | loss: 2.468717 | lrm: 0.51 | dt: 1648.22ms | tok/sec: 79,523 | mfu: 0.00 | epoch: 1 | total time: 55.73m
step 02142 (74.70%) | loss: 2.473674 | lrm: 0.51 | dt: 1630.45ms | tok/sec: 80,390 | mfu: 0.00 | epoch: 1 | total time: 55.76m
step 02143 (74.73%) | loss: 2.486667 | lrm: 0.51 | dt: 1629.06ms | tok/sec: 80,458 | mfu: 0.00 | epoch: 1 | total time: 55.78m
step 02144 (74.76%) | loss: 2.466367 | lrm: 0.50 | dt: 1613.57ms | tok/sec: 81,231 | mfu: 0.00 | epoch: 1 | total time: 55.81m
step 02145 (74.80%) | loss: 2.496370 | lrm: 0.50 | dt: 1618.18ms | tok/sec: 80,999 | mfu: 0.00 | epoch: 1 | total time: 55.84m
step 02146 (74.84%) | loss: 2.506745 | lrm: 0.50 | dt: 1638.43ms | tok/sec: 79,998 | mfu: 0.00 | epoch: 1 | total time: 55.86m
step 02147 (74.87%) | loss: 2.493552 | lrm: 0.50 | dt: 1646.10ms | tok/sec: 79,625 | mfu: 0.00 | epoch: 1 | total time: 55.89m
step 02148 (74.91%) | loss: 2.497358 | lrm: 0.50 | dt: 1643.63ms | tok/sec: 79,745 | mfu: 0.00 | epoch: 1 | total time: 55.92m
step 02149 (74.95%) | loss: 2.492990 | lrm: 0.50 | dt: 1652.17ms | tok/sec: 79,333 | mfu: 0.00 | epoch: 1 | total time: 55.95m
step 02150 (74.99%) | loss: 2.509759 | lrm: 0.50 | dt: 1652.17ms | tok/sec: 79,333 | mfu: 0.00 | epoch: 1 | total time: 55.97m
step 02151 (75.02%) | loss: 2.519402 | lrm: 0.50 | dt: 1637.09ms | tok/sec: 80,064 | mfu: 0.00 | epoch: 1 | total time: 56.00m
step 02152 (75.06%) | loss: 2.517505 | lrm: 0.50 | dt: 1628.53ms | tok/sec: 80,484 | mfu: 0.00 | epoch: 1 | total time: 56.03m
step 02153 (75.09%) | loss: 2.528255 | lrm: 0.50 | dt: 1599.73ms | tok/sec: 81,933 | mfu: 0.00 | epoch: 1 | total time: 56.06m
step 02154 (75.13%) | loss: 2.518017 | lrm: 0.50 | dt: 1622.58ms | tok/sec: 80,780 | mfu: 0.00 | epoch: 1 | total time: 56.08m
step 02155 (75.17%) | loss: 2.504909 | lrm: 0.50 | dt: 1633.97ms | tok/sec: 80,216 | mfu: 0.00 | epoch: 1 | total time: 56.11m
step 02156 (75.21%) | loss: 2.495333 | lrm: 0.50 | dt: 1640.14ms | tok/sec: 79,915 | mfu: 0.00 | epoch: 1 | total time: 56.14m
step 02157 (75.24%) | loss: 2.502910 | lrm: 0.50 | dt: 1622.46ms | tok/sec: 80,786 | mfu: 0.00 | epoch: 1 | total time: 56.16m
step 02158 (75.27%) | loss: 2.515267 | lrm: 0.49 | dt: 1632.67ms | tok/sec: 80,280 | mfu: 0.00 | epoch: 1 | total time: 56.19m
step 02159 (75.31%) | loss: 2.507499 | lrm: 0.49 | dt: 1613.46ms | tok/sec: 81,236 | mfu: 0.00 | epoch: 1 | total time: 56.22m
step 02160 (75.34%) | loss: 2.494670 | lrm: 0.49 | dt: 1637.46ms | tok/sec: 80,045 | mfu: 0.00 | epoch: 1 | total time: 56.25m
step 02161 (75.38%) | loss: 2.508004 | lrm: 0.49 | dt: 1630.50ms | tok/sec: 80,387 | mfu: 0.00 | epoch: 1 | total time: 56.27m
step 02162 (75.41%) | loss: 2.490901 | lrm: 0.49 | dt: 1629.24ms | tok/sec: 80,449 | mfu: 0.00 | epoch: 1 | total time: 56.30m
step 02163 (75.45%) | loss: 2.460792 | lrm: 0.49 | dt: 1661.47ms | tok/sec: 78,889 | mfu: 0.00 | epoch: 1 | total time: 56.33m
step 02164 (75.49%) | loss: 2.493285 | lrm: 0.49 | dt: 1624.11ms | tok/sec: 80,703 | mfu: 0.00 | epoch: 1 | total time: 56.35m
step 02165 (75.52%) | loss: 2.496977 | lrm: 0.49 | dt: 1657.41ms | tok/sec: 79,082 | mfu: 0.00 | epoch: 1 | total time: 56.38m
step 02166 (75.56%) | loss: 2.519828 | lrm: 0.49 | dt: 1654.50ms | tok/sec: 79,221 | mfu: 0.00 | epoch: 1 | total time: 56.41m
step 02167 (75.59%) | loss: 2.546202 | lrm: 0.49 | dt: 1642.54ms | tok/sec: 79,798 | mfu: 0.00 | epoch: 1 | total time: 56.44m
step 02168 (75.63%) | loss: 2.548512 | lrm: 0.49 | dt: 1647.00ms | tok/sec: 79,582 | mfu: 0.00 | epoch: 1 | total time: 56.46m
step 02169 (75.66%) | loss: 2.545745 | lrm: 0.49 | dt: 1631.08ms | tok/sec: 80,358 | mfu: 0.00 | epoch: 1 | total time: 56.49m
step 02170 (75.69%) | loss: 2.536946 | lrm: 0.49 | dt: 1634.26ms | tok/sec: 80,202 | mfu: 0.00 | epoch: 1 | total time: 56.52m
step 02171 (75.72%) | loss: 2.531229 | lrm: 0.49 | dt: 1624.50ms | tok/sec: 80,684 | mfu: 0.00 | epoch: 1 | total time: 56.55m
step 02172 (75.76%) | loss: 2.541857 | lrm: 0.48 | dt: 1642.14ms | tok/sec: 79,817 | mfu: 0.00 | epoch: 1 | total time: 56.57m
step 02173 (75.79%) | loss: 2.511978 | lrm: 0.48 | dt: 1629.98ms | tok/sec: 80,413 | mfu: 0.00 | epoch: 1 | total time: 56.60m
step 02174 (75.83%) | loss: 2.505146 | lrm: 0.48 | dt: 1616.95ms | tok/sec: 81,061 | mfu: 0.00 | epoch: 1 | total time: 56.63m
step 02175 (75.87%) | loss: 2.529894 | lrm: 0.48 | dt: 1643.68ms | tok/sec: 79,743 | mfu: 0.00 | epoch: 1 | total time: 56.65m
step 02176 (75.92%) | loss: 2.520188 | lrm: 0.48 | dt: 1640.94ms | tok/sec: 79,876 | mfu: 0.00 | epoch: 1 | total time: 56.68m
step 02177 (75.95%) | loss: 2.527901 | lrm: 0.48 | dt: 1626.67ms | tok/sec: 80,576 | mfu: 0.00 | epoch: 1 | total time: 56.71m
step 02178 (75.98%) | loss: 2.527246 | lrm: 0.48 | dt: 1630.42ms | tok/sec: 80,391 | mfu: 0.00 | epoch: 1 | total time: 56.74m
step 02179 (76.02%) | loss: 2.531360 | lrm: 0.48 | dt: 1610.69ms | tok/sec: 81,376 | mfu: 0.00 | epoch: 1 | total time: 56.76m
step 02180 (76.05%) | loss: 2.530170 | lrm: 0.48 | dt: 1630.47ms | tok/sec: 80,389 | mfu: 0.00 | epoch: 1 | total time: 56.79m
step 02181 (76.08%) | loss: 2.529893 | lrm: 0.48 | dt: 1640.15ms | tok/sec: 79,914 | mfu: 0.00 | epoch: 1 | total time: 56.82m
step 02182 (76.12%) | loss: 2.512117 | lrm: 0.48 | dt: 1659.50ms | tok/sec: 78,982 | mfu: 0.00 | epoch: 1 | total time: 56.85m
step 02183 (76.16%) | loss: 2.490225 | lrm: 0.48 | dt: 1635.58ms | tok/sec: 80,138 | mfu: 0.00 | epoch: 1 | total time: 56.87m
step 02184 (76.20%) | loss: 2.507579 | lrm: 0.48 | dt: 1644.11ms | tok/sec: 79,722 | mfu: 0.00 | epoch: 1 | total time: 56.90m
step 02185 (76.23%) | loss: 2.512994 | lrm: 0.48 | dt: 1619.97ms | tok/sec: 80,910 | mfu: 0.00 | epoch: 1 | total time: 56.93m
step 02186 (76.26%) | loss: 2.511415 | lrm: 0.47 | dt: 1651.13ms | tok/sec: 79,383 | mfu: 0.00 | epoch: 1 | total time: 56.95m
step 02187 (76.29%) | loss: 2.507468 | lrm: 0.47 | dt: 1638.74ms | tok/sec: 79,983 | mfu: 0.00 | epoch: 1 | total time: 56.98m
step 02188 (76.33%) | loss: 2.518660 | lrm: 0.47 | dt: 1630.76ms | tok/sec: 80,374 | mfu: 0.00 | epoch: 1 | total time: 57.01m
step 02189 (76.36%) | loss: 2.540258 | lrm: 0.47 | dt: 1649.47ms | tok/sec: 79,463 | mfu: 0.00 | epoch: 1 | total time: 57.04m
step 02190 (76.40%) | loss: 2.539743 | lrm: 0.47 | dt: 1611.15ms | tok/sec: 81,353 | mfu: 0.00 | epoch: 1 | total time: 57.06m
step 02191 (76.43%) | loss: 2.553512 | lrm: 0.47 | dt: 1631.40ms | tok/sec: 80,343 | mfu: 0.00 | epoch: 1 | total time: 57.09m
step 02192 (76.47%) | loss: 2.554516 | lrm: 0.47 | dt: 1648.53ms | tok/sec: 79,508 | mfu: 0.00 | epoch: 1 | total time: 57.12m
step 02193 (76.50%) | loss: 2.547853 | lrm: 0.47 | dt: 1665.21ms | tok/sec: 78,711 | mfu: 0.00 | epoch: 1 | total time: 57.15m
step 02194 (76.54%) | loss: 2.540986 | lrm: 0.47 | dt: 1623.68ms | tok/sec: 80,725 | mfu: 0.00 | epoch: 1 | total time: 57.17m
step 02195 (76.58%) | loss: 2.537480 | lrm: 0.47 | dt: 1630.68ms | tok/sec: 80,378 | mfu: 0.00 | epoch: 1 | total time: 57.20m
step 02196 (76.62%) | loss: 2.529265 | lrm: 0.47 | dt: 1665.58ms | tok/sec: 78,694 | mfu: 0.00 | epoch: 1 | total time: 57.23m
step 02197 (76.65%) | loss: 2.525678 | lrm: 0.47 | dt: 1648.21ms | tok/sec: 79,523 | mfu: 0.00 | epoch: 1 | total time: 57.26m
step 02198 (76.68%) | loss: 2.507631 | lrm: 0.47 | dt: 1638.95ms | tok/sec: 79,973 | mfu: 0.00 | epoch: 1 | total time: 57.28m
step 02199 (76.71%) | loss: 2.504565 | lrm: 0.47 | dt: 1606.15ms | tok/sec: 81,606 | mfu: 0.00 | epoch: 1 | total time: 57.31m
step 02200 (76.74%) | loss: 2.495996 | lrm: 0.47 | dt: 1640.55ms | tok/sec: 79,895 | mfu: 0.00 | epoch: 1 | total time: 57.34m
Step 02200 | Validation bpb: 0.7931
step 02201 (76.77%) | loss: 2.522613 | lrm: 0.46 | dt: 1722.47ms | tok/sec: 76,095 | mfu: 0.00 | epoch: 1 | total time: 57.37m
step 02202 (76.81%) | loss: 2.522172 | lrm: 0.46 | dt: 1647.43ms | tok/sec: 79,561 | mfu: 0.00 | epoch: 1 | total time: 57.39m
step 02203 (76.84%) | loss: 2.512682 | lrm: 0.46 | dt: 1623.73ms | tok/sec: 80,722 | mfu: 0.00 | epoch: 1 | total time: 57.42m
step 02204 (76.87%) | loss: 2.504171 | lrm: 0.46 | dt: 1610.15ms | tok/sec: 81,403 | mfu: 0.00 | epoch: 1 | total time: 57.45m
step 02205 (76.90%) | loss: 2.505149 | lrm: 0.46 | dt: 1631.93ms | tok/sec: 80,317 | mfu: 0.00 | epoch: 1 | total time: 57.47m
step 02206 (76.94%) | loss: 2.479100 | lrm: 0.46 | dt: 1645.86ms | tok/sec: 79,637 | mfu: 0.00 | epoch: 1 | total time: 57.50m
step 02207 (76.97%) | loss: 2.481825 | lrm: 0.46 | dt: 1651.07ms | tok/sec: 79,386 | mfu: 0.00 | epoch: 1 | total time: 57.53m
step 02208 (77.01%) | loss: 2.479258 | lrm: 0.46 | dt: 1626.33ms | tok/sec: 80,593 | mfu: 0.00 | epoch: 1 | total time: 57.56m
step 02209 (77.04%) | loss: 2.515488 | lrm: 0.46 | dt: 1638.33ms | tok/sec: 80,003 | mfu: 0.00 | epoch: 1 | total time: 57.58m
step 02210 (77.08%) | loss: 2.513541 | lrm: 0.46 | dt: 1654.27ms | tok/sec: 79,232 | mfu: 0.00 | epoch: 1 | total time: 57.61m
step 02211 (77.11%) | loss: 2.511434 | lrm: 0.46 | dt: 1652.33ms | tok/sec: 79,325 | mfu: 0.00 | epoch: 1 | total time: 57.64m
step 02212 (77.15%) | loss: 2.517255 | lrm: 0.46 | dt: 1645.08ms | tok/sec: 79,674 | mfu: 0.00 | epoch: 1 | total time: 57.67m
step 02213 (77.18%) | loss: 2.526389 | lrm: 0.46 | dt: 1626.18ms | tok/sec: 80,601 | mfu: 0.00 | epoch: 1 | total time: 57.69m
step 02214 (77.22%) | loss: 2.490390 | lrm: 0.46 | dt: 1597.15ms | tok/sec: 82,066 | mfu: 0.00 | epoch: 1 | total time: 57.72m
step 02215 (77.25%) | loss: 2.465355 | lrm: 0.45 | dt: 1650.16ms | tok/sec: 79,429 | mfu: 0.00 | epoch: 1 | total time: 57.75m
step 02216 (77.29%) | loss: 2.480499 | lrm: 0.45 | dt: 1648.50ms | tok/sec: 79,509 | mfu: 0.00 | epoch: 1 | total time: 57.77m
step 02217 (77.32%) | loss: 2.496463 | lrm: 0.45 | dt: 1640.47ms | tok/sec: 79,898 | mfu: 0.00 | epoch: 1 | total time: 57.80m
step 02218 (77.36%) | loss: 2.486044 | lrm: 0.45 | dt: 1650.39ms | tok/sec: 79,418 | mfu: 0.00 | epoch: 1 | total time: 57.83m
step 02219 (77.39%) | loss: 2.493799 | lrm: 0.45 | dt: 1633.03ms | tok/sec: 80,263 | mfu: 0.00 | epoch: 1 | total time: 57.86m
step 02220 (77.42%) | loss: 2.502058 | lrm: 0.45 | dt: 1644.73ms | tok/sec: 79,692 | mfu: 0.00 | epoch: 1 | total time: 57.88m
step 02221 (77.45%) | loss: 2.478421 | lrm: 0.45 | dt: 1631.47ms | tok/sec: 80,339 | mfu: 0.00 | epoch: 1 | total time: 57.91m
step 02222 (77.49%) | loss: 2.497107 | lrm: 0.45 | dt: 1636.85ms | tok/sec: 80,075 | mfu: 0.00 | epoch: 1 | total time: 57.94m
step 02223 (77.52%) | loss: 2.492456 | lrm: 0.45 | dt: 1636.98ms | tok/sec: 80,069 | mfu: 0.00 | epoch: 1 | total time: 57.97m
step 02224 (77.55%) | loss: 2.502038 | lrm: 0.45 | dt: 1634.61ms | tok/sec: 80,185 | mfu: 0.00 | epoch: 1 | total time: 57.99m
step 02225 (77.59%) | loss: 2.490287 | lrm: 0.45 | dt: 1607.11ms | tok/sec: 81,557 | mfu: 0.00 | epoch: 1 | total time: 58.02m
step 02226 (77.62%) | loss: 2.491646 | lrm: 0.45 | dt: 1643.08ms | tok/sec: 79,772 | mfu: 0.00 | epoch: 1 | total time: 58.05m
step 02227 (77.66%) | loss: 2.470203 | lrm: 0.45 | dt: 1650.87ms | tok/sec: 79,395 | mfu: 0.00 | epoch: 1 | total time: 58.07m
step 02228 (77.70%) | loss: 2.490815 | lrm: 0.45 | dt: 1636.72ms | tok/sec: 80,082 | mfu: 0.00 | epoch: 1 | total time: 58.10m
step 02229 (77.74%) | loss: 2.523821 | lrm: 0.45 | dt: 1655.13ms | tok/sec: 79,191 | mfu: 0.00 | epoch: 1 | total time: 58.13m
step 02230 (77.78%) | loss: 2.514122 | lrm: 0.44 | dt: 1660.52ms | tok/sec: 78,934 | mfu: 0.00 | epoch: 1 | total time: 58.16m
step 02231 (77.81%) | loss: 2.500287 | lrm: 0.44 | dt: 1647.92ms | tok/sec: 79,537 | mfu: 0.00 | epoch: 1 | total time: 58.18m
step 02232 (77.85%) | loss: 2.500010 | lrm: 0.44 | dt: 1643.65ms | tok/sec: 79,744 | mfu: 0.00 | epoch: 1 | total time: 58.21m
step 02233 (77.88%) | loss: 2.491171 | lrm: 0.44 | dt: 1671.98ms | tok/sec: 78,393 | mfu: 0.00 | epoch: 1 | total time: 58.24m
step 02234 (77.91%) | loss: 2.482565 | lrm: 0.44 | dt: 1636.85ms | tok/sec: 80,075 | mfu: 0.00 | epoch: 1 | total time: 58.27m
step 02235 (77.94%) | loss: 2.505720 | lrm: 0.44 | dt: 1557.12ms | tok/sec: 84,175 | mfu: 0.00 | epoch: 1 | total time: 58.29m
step 02236 (77.97%) | loss: 2.520508 | lrm: 0.44 | dt: 1684.96ms | tok/sec: 77,789 | mfu: 0.00 | epoch: 1 | total time: 58.32m
step 02237 (78.01%) | loss: 2.532057 | lrm: 0.44 | dt: 1577.21ms | tok/sec: 83,103 | mfu: 0.00 | epoch: 1 | total time: 58.35m
step 02238 (78.04%) | loss: 2.511180 | lrm: 0.44 | dt: 1467.77ms | tok/sec: 89,300 | mfu: 0.00 | epoch: 1 | total time: 58.37m
step 02239 (78.08%) | loss: 2.518056 | lrm: 0.44 | dt: 1463.63ms | tok/sec: 89,552 | mfu: 0.00 | epoch: 1 | total time: 58.40m
step 02240 (78.11%) | loss: 2.516537 | lrm: 0.44 | dt: 1464.45ms | tok/sec: 89,502 | mfu: 0.00 | epoch: 1 | total time: 58.42m
step 02241 (78.14%) | loss: 2.537144 | lrm: 0.44 | dt: 1465.23ms | tok/sec: 89,454 | mfu: 0.00 | epoch: 1 | total time: 58.45m
step 02242 (78.18%) | loss: 2.545322 | lrm: 0.44 | dt: 1467.05ms | tok/sec: 89,343 | mfu: 0.00 | epoch: 1 | total time: 58.47m
step 02243 (78.21%) | loss: 2.557383 | lrm: 0.44 | dt: 1465.64ms | tok/sec: 89,429 | mfu: 0.00 | epoch: 1 | total time: 58.49m
step 02244 (78.25%) | loss: 2.558275 | lrm: 0.44 | dt: 1465.39ms | tok/sec: 89,445 | mfu: 0.00 | epoch: 1 | total time: 58.52m
step 02245 (78.28%) | loss: 2.547907 | lrm: 0.43 | dt: 1464.35ms | tok/sec: 89,508 | mfu: 0.00 | epoch: 1 | total time: 58.54m
step 02246 (78.31%) | loss: 2.556859 | lrm: 0.43 | dt: 1463.53ms | tok/sec: 89,558 | mfu: 0.00 | epoch: 1 | total time: 58.57m
step 02247 (78.35%) | loss: 2.559338 | lrm: 0.43 | dt: 1463.08ms | tok/sec: 89,586 | mfu: 0.00 | epoch: 1 | total time: 58.59m
step 02248 (78.38%) | loss: 2.538350 | lrm: 0.43 | dt: 1462.02ms | tok/sec: 89,651 | mfu: 0.00 | epoch: 1 | total time: 58.62m
step 02249 (78.41%) | loss: 2.535964 | lrm: 0.43 | dt: 1462.77ms | tok/sec: 89,605 | mfu: 0.00 | epoch: 1 | total time: 58.64m
step 02250 (78.44%) | loss: 2.547170 | lrm: 0.43 | dt: 1462.08ms | tok/sec: 89,647 | mfu: 0.00 | epoch: 1 | total time: 58.67m
step 02251 (78.47%) | loss: 2.546336 | lrm: 0.43 | dt: 1463.87ms | tok/sec: 89,537 | mfu: 0.00 | epoch: 1 | total time: 58.69m
step 02252 (78.51%) | loss: 2.526171 | lrm: 0.43 | dt: 1462.69ms | tok/sec: 89,610 | mfu: 0.00 | epoch: 1 | total time: 58.71m
step 02253 (78.55%) | loss: 2.514267 | lrm: 0.43 | dt: 1464.09ms | tok/sec: 89,524 | mfu: 0.00 | epoch: 1 | total time: 58.74m
step 02254 (78.58%) | loss: 2.497882 | lrm: 0.43 | dt: 1462.89ms | tok/sec: 89,597 | mfu: 0.00 | epoch: 1 | total time: 58.76m
step 02255 (78.62%) | loss: 2.507130 | lrm: 0.43 | dt: 1463.91ms | tok/sec: 89,535 | mfu: 0.00 | epoch: 1 | total time: 58.79m
step 02256 (78.65%) | loss: 2.512464 | lrm: 0.43 | dt: 1462.43ms | tok/sec: 89,625 | mfu: 0.00 | epoch: 1 | total time: 58.81m
step 02257 (78.69%) | loss: 2.531841 | lrm: 0.43 | dt: 1462.97ms | tok/sec: 89,593 | mfu: 0.00 | epoch: 1 | total time: 58.84m
step 02258 (78.72%) | loss: 2.545871 | lrm: 0.43 | dt: 1462.73ms | tok/sec: 89,607 | mfu: 0.00 | epoch: 1 | total time: 58.86m
step 02259 (78.75%) | loss: 2.532305 | lrm: 0.42 | dt: 1461.79ms | tok/sec: 89,665 | mfu: 0.00 | epoch: 1 | total time: 58.88m
step 02260 (78.78%) | loss: 2.526970 | lrm: 0.42 | dt: 1463.30ms | tok/sec: 89,572 | mfu: 0.00 | epoch: 1 | total time: 58.91m
step 02261 (78.81%) | loss: 2.537514 | lrm: 0.42 | dt: 1463.04ms | tok/sec: 89,589 | mfu: 0.00 | epoch: 1 | total time: 58.93m
step 02262 (78.85%) | loss: 2.544985 | lrm: 0.42 | dt: 1462.86ms | tok/sec: 89,599 | mfu: 0.00 | epoch: 1 | total time: 58.96m
step 02263 (78.89%) | loss: 2.539730 | lrm: 0.42 | dt: 1462.04ms | tok/sec: 89,649 | mfu: 0.00 | epoch: 1 | total time: 58.98m
step 02264 (78.93%) | loss: 2.547858 | lrm: 0.42 | dt: 1464.85ms | tok/sec: 89,477 | mfu: 0.00 | epoch: 1 | total time: 59.01m
step 02265 (78.96%) | loss: 2.540959 | lrm: 0.42 | dt: 1462.84ms | tok/sec: 89,600 | mfu: 0.00 | epoch: 1 | total time: 59.03m
step 02266 (79.00%) | loss: 2.507398 | lrm: 0.42 | dt: 1463.47ms | tok/sec: 89,562 | mfu: 0.00 | epoch: 1 | total time: 59.06m
step 02267 (79.04%) | loss: 2.528033 | lrm: 0.42 | dt: 1462.42ms | tok/sec: 89,626 | mfu: 0.00 | epoch: 1 | total time: 59.08m
step 02268 (79.07%) | loss: 2.533807 | lrm: 0.42 | dt: 1463.64ms | tok/sec: 89,552 | mfu: 0.00 | epoch: 1 | total time: 59.10m
step 02269 (79.10%) | loss: 2.519795 | lrm: 0.42 | dt: 1462.24ms | tok/sec: 89,638 | mfu: 0.00 | epoch: 1 | total time: 59.13m
step 02270 (79.14%) | loss: 2.528475 | lrm: 0.42 | dt: 1461.94ms | tok/sec: 89,656 | mfu: 0.00 | epoch: 1 | total time: 59.15m
step 02271 (79.17%) | loss: 2.543879 | lrm: 0.42 | dt: 1463.38ms | tok/sec: 89,568 | mfu: 0.00 | epoch: 1 | total time: 59.18m
step 02272 (79.20%) | loss: 2.541938 | lrm: 0.42 | dt: 1461.96ms | tok/sec: 89,654 | mfu: 0.00 | epoch: 1 | total time: 59.20m
step 02273 (79.24%) | loss: 2.541392 | lrm: 0.42 | dt: 1462.46ms | tok/sec: 89,624 | mfu: 0.00 | epoch: 1 | total time: 59.23m
step 02274 (79.27%) | loss: 2.536920 | lrm: 0.41 | dt: 1463.14ms | tok/sec: 89,582 | mfu: 0.00 | epoch: 1 | total time: 59.25m
step 02275 (79.30%) | loss: 2.561594 | lrm: 0.41 | dt: 1462.91ms | tok/sec: 89,596 | mfu: 0.00 | epoch: 1 | total time: 59.27m
step 02276 (79.34%) | loss: 2.565182 | lrm: 0.41 | dt: 1462.26ms | tok/sec: 89,636 | mfu: 0.00 | epoch: 1 | total time: 59.30m
step 02277 (79.37%) | loss: 2.547418 | lrm: 0.41 | dt: 1464.81ms | tok/sec: 89,480 | mfu: 0.00 | epoch: 1 | total time: 59.32m
step 02278 (79.40%) | loss: 2.555323 | lrm: 0.41 | dt: 1462.54ms | tok/sec: 89,619 | mfu: 0.00 | epoch: 1 | total time: 59.35m
step 02279 (79.44%) | loss: 2.568807 | lrm: 0.41 | dt: 1463.15ms | tok/sec: 89,582 | mfu: 0.00 | epoch: 1 | total time: 59.37m
step 02280 (79.48%) | loss: 2.559009 | lrm: 0.41 | dt: 1461.89ms | tok/sec: 89,659 | mfu: 0.00 | epoch: 1 | total time: 59.40m
step 02281 (79.51%) | loss: 2.539427 | lrm: 0.41 | dt: 1463.03ms | tok/sec: 89,589 | mfu: 0.00 | epoch: 1 | total time: 59.42m
step 02282 (79.56%) | loss: 2.525463 | lrm: 0.41 | dt: 1462.68ms | tok/sec: 89,610 | mfu: 0.00 | epoch: 1 | total time: 59.45m
step 02283 (79.59%) | loss: 2.511151 | lrm: 0.41 | dt: 1462.49ms | tok/sec: 89,622 | mfu: 0.00 | epoch: 1 | total time: 59.47m
step 02284 (79.62%) | loss: 2.501303 | lrm: 0.41 | dt: 1471.48ms | tok/sec: 89,074 | mfu: 0.00 | epoch: 1 | total time: 59.49m
step 02285 (79.65%) | loss: 2.508797 | lrm: 0.41 | dt: 1467.36ms | tok/sec: 89,325 | mfu: 0.00 | epoch: 1 | total time: 59.52m
step 02286 (79.69%) | loss: 2.536922 | lrm: 0.41 | dt: 1462.51ms | tok/sec: 89,621 | mfu: 0.00 | epoch: 1 | total time: 59.54m
step 02287 (79.72%) | loss: 2.530546 | lrm: 0.41 | dt: 1462.75ms | tok/sec: 89,606 | mfu: 0.00 | epoch: 1 | total time: 59.57m
step 02288 (79.75%) | loss: 2.551408 | lrm: 0.41 | dt: 1463.95ms | tok/sec: 89,533 | mfu: 0.00 | epoch: 1 | total time: 59.59m
step 02289 (79.78%) | loss: 2.547236 | lrm: 0.40 | dt: 1461.59ms | tok/sec: 89,677 | mfu: 0.00 | epoch: 1 | total time: 59.62m
step 02290 (79.82%) | loss: 2.539472 | lrm: 0.40 | dt: 1463.78ms | tok/sec: 89,543 | mfu: 0.00 | epoch: 1 | total time: 59.64m
step 02291 (79.86%) | loss: 2.539512 | lrm: 0.40 | dt: 1462.37ms | tok/sec: 89,629 | mfu: 0.00 | epoch: 1 | total time: 59.66m
step 02292 (79.90%) | loss: 2.540009 | lrm: 0.40 | dt: 1462.53ms | tok/sec: 89,619 | mfu: 0.00 | epoch: 1 | total time: 59.69m
step 02293 (79.94%) | loss: 2.534870 | lrm: 0.40 | dt: 1465.42ms | tok/sec: 89,443 | mfu: 0.00 | epoch: 1 | total time: 59.71m
step 02294 (79.97%) | loss: 2.531758 | lrm: 0.40 | dt: 1462.96ms | tok/sec: 89,593 | mfu: 0.00 | epoch: 1 | total time: 59.74m
step 02295 (80.01%) | loss: 2.505042 | lrm: 0.40 | dt: 1463.23ms | tok/sec: 89,576 | mfu: 0.00 | epoch: 1 | total time: 59.76m
step 02296 (80.05%) | loss: 2.488742 | lrm: 0.40 | dt: 1462.27ms | tok/sec: 89,635 | mfu: 0.00 | epoch: 1 | total time: 59.79m
step 02297 (80.09%) | loss: 2.488856 | lrm: 0.40 | dt: 1462.42ms | tok/sec: 89,627 | mfu: 0.00 | epoch: 1 | total time: 59.81m
step 02298 (80.12%) | loss: 2.491549 | lrm: 0.40 | dt: 1462.68ms | tok/sec: 89,610 | mfu: 0.00 | epoch: 1 | total time: 59.84m
step 02299 (80.15%) | loss: 2.493794 | lrm: 0.40 | dt: 1463.19ms | tok/sec: 89,579 | mfu: 0.00 | epoch: 1 | total time: 59.86m
step 02300 (80.19%) | loss: 2.496328 | lrm: 0.40 | dt: 1461.76ms | tok/sec: 89,667 | mfu: 0.00 | epoch: 1 | total time: 59.88m
Step 02300 | Validation bpb: 0.7879
step 02301 (80.23%) | loss: 2.494941 | lrm: 0.40 | dt: 1533.47ms | tok/sec: 85,474 | mfu: 0.00 | epoch: 1 | total time: 59.91m
step 02302 (80.26%) | loss: 2.500575 | lrm: 0.39 | dt: 1463.51ms | tok/sec: 89,559 | mfu: 0.00 | epoch: 1 | total time: 59.93m
step 02303 (80.30%) | loss: 2.496674 | lrm: 0.39 | dt: 1463.32ms | tok/sec: 89,571 | mfu: 0.00 | epoch: 1 | total time: 59.96m
step 02304 (80.33%) | loss: 2.505788 | lrm: 0.39 | dt: 1463.04ms | tok/sec: 89,588 | mfu: 0.00 | epoch: 1 | total time: 59.98m
step 02305 (80.36%) | loss: 2.500599 | lrm: 0.39 | dt: 1462.92ms | tok/sec: 89,596 | mfu: 0.00 | epoch: 1 | total time: 60.01m
step 02306 (80.40%) | loss: 2.505802 | lrm: 0.39 | dt: 1463.07ms | tok/sec: 89,586 | mfu: 0.00 | epoch: 1 | total time: 60.03m
step 02307 (80.43%) | loss: 2.512572 | lrm: 0.39 | dt: 1463.08ms | tok/sec: 89,586 | mfu: 0.00 | epoch: 1 | total time: 60.06m
step 02308 (80.46%) | loss: 2.502296 | lrm: 0.39 | dt: 1462.20ms | tok/sec: 89,640 | mfu: 0.00 | epoch: 1 | total time: 60.08m
step 02309 (80.49%) | loss: 2.518280 | lrm: 0.39 | dt: 1464.60ms | tok/sec: 89,493 | mfu: 0.00 | epoch: 1 | total time: 60.11m
step 02310 (80.53%) | loss: 2.509980 | lrm: 0.39 | dt: 1462.06ms | tok/sec: 89,648 | mfu: 0.00 | epoch: 1 | total time: 60.13m
step 02311 (80.56%) | loss: 2.489685 | lrm: 0.39 | dt: 1463.81ms | tok/sec: 89,541 | mfu: 0.00 | epoch: 1 | total time: 60.15m
step 02312 (80.60%) | loss: 2.486859 | lrm: 0.39 | dt: 1462.52ms | tok/sec: 89,620 | mfu: 0.00 | epoch: 1 | total time: 60.18m
step 02313 (80.63%) | loss: 2.471987 | lrm: 0.39 | dt: 1463.58ms | tok/sec: 89,555 | mfu: 0.00 | epoch: 1 | total time: 60.20m
step 02314 (80.66%) | loss: 2.481779 | lrm: 0.39 | dt: 1462.47ms | tok/sec: 89,623 | mfu: 0.00 | epoch: 1 | total time: 60.23m
step 02315 (80.70%) | loss: 2.481007 | lrm: 0.39 | dt: 1461.75ms | tok/sec: 89,667 | mfu: 0.00 | epoch: 1 | total time: 60.25m
step 02316 (80.74%) | loss: 2.498823 | lrm: 0.39 | dt: 1462.86ms | tok/sec: 89,599 | mfu: 0.00 | epoch: 1 | total time: 60.28m
step 02317 (80.77%) | loss: 2.503986 | lrm: 0.38 | dt: 1461.77ms | tok/sec: 89,666 | mfu: 0.00 | epoch: 1 | total time: 60.30m
step 02318 (80.80%) | loss: 2.505916 | lrm: 0.38 | dt: 1462.33ms | tok/sec: 89,632 | mfu: 0.00 | epoch: 1 | total time: 60.32m
step 02319 (80.84%) | loss: 2.507174 | lrm: 0.38 | dt: 1464.52ms | tok/sec: 89,498 | mfu: 0.00 | epoch: 1 | total time: 60.35m
step 02320 (80.87%) | loss: 2.487847 | lrm: 0.38 | dt: 1464.91ms | tok/sec: 89,474 | mfu: 0.00 | epoch: 1 | total time: 60.37m
step 02321 (80.91%) | loss: 2.458801 | lrm: 0.38 | dt: 1464.19ms | tok/sec: 89,518 | mfu: 0.00 | epoch: 1 | total time: 60.40m
step 02322 (80.95%) | loss: 2.458773 | lrm: 0.38 | dt: 1465.42ms | tok/sec: 89,443 | mfu: 0.00 | epoch: 1 | total time: 60.42m
step 02323 (80.98%) | loss: 2.465104 | lrm: 0.38 | dt: 1463.93ms | tok/sec: 89,534 | mfu: 0.00 | epoch: 1 | total time: 60.45m
step 02324 (81.02%) | loss: 2.475394 | lrm: 0.38 | dt: 1465.87ms | tok/sec: 89,415 | mfu: 0.00 | epoch: 1 | total time: 60.47m
step 02325 (81.05%) | loss: 2.462330 | lrm: 0.38 | dt: 1465.32ms | tok/sec: 89,449 | mfu: 0.00 | epoch: 1 | total time: 60.50m
step 02326 (81.08%) | loss: 2.461926 | lrm: 0.38 | dt: 1464.75ms | tok/sec: 89,484 | mfu: 0.00 | epoch: 1 | total time: 60.52m
step 02327 (81.12%) | loss: 2.476506 | lrm: 0.38 | dt: 1464.61ms | tok/sec: 89,493 | mfu: 0.00 | epoch: 1 | total time: 60.54m
step 02328 (81.15%) | loss: 2.486592 | lrm: 0.38 | dt: 1462.48ms | tok/sec: 89,623 | mfu: 0.00 | epoch: 1 | total time: 60.57m
step 02329 (81.19%) | loss: 2.496815 | lrm: 0.38 | dt: 1463.65ms | tok/sec: 89,551 | mfu: 0.00 | epoch: 1 | total time: 60.59m
step 02330 (81.22%) | loss: 2.487620 | lrm: 0.38 | dt: 1468.75ms | tok/sec: 89,240 | mfu: 0.00 | epoch: 1 | total time: 60.62m
step 02331 (81.25%) | loss: 2.488889 | lrm: 0.37 | dt: 1467.23ms | tok/sec: 89,332 | mfu: 0.00 | epoch: 1 | total time: 60.64m
step 02332 (81.29%) | loss: 2.500422 | lrm: 0.37 | dt: 1468.09ms | tok/sec: 89,280 | mfu: 0.00 | epoch: 1 | total time: 60.67m
step 02333 (81.32%) | loss: 2.489292 | lrm: 0.37 | dt: 1463.85ms | tok/sec: 89,539 | mfu: 0.00 | epoch: 1 | total time: 60.69m
step 02334 (81.35%) | loss: 2.501229 | lrm: 0.37 | dt: 1462.46ms | tok/sec: 89,624 | mfu: 0.00 | epoch: 1 | total time: 60.72m
step 02335 (81.38%) | loss: 2.507431 | lrm: 0.37 | dt: 1463.06ms | tok/sec: 89,587 | mfu: 0.00 | epoch: 1 | total time: 60.74m
step 02336 (81.42%) | loss: 2.494758 | lrm: 0.37 | dt: 1462.67ms | tok/sec: 89,611 | mfu: 0.00 | epoch: 1 | total time: 60.76m
step 02337 (81.46%) | loss: 2.476375 | lrm: 0.37 | dt: 1462.24ms | tok/sec: 89,637 | mfu: 0.00 | epoch: 1 | total time: 60.79m
step 02338 (81.49%) | loss: 2.466227 | lrm: 0.37 | dt: 1463.47ms | tok/sec: 89,562 | mfu: 0.00 | epoch: 1 | total time: 60.81m
step 02339 (81.53%) | loss: 2.455078 | lrm: 0.37 | dt: 1461.69ms | tok/sec: 89,671 | mfu: 0.00 | epoch: 1 | total time: 60.84m
step 02340 (81.56%) | loss: 2.476329 | lrm: 0.37 | dt: 1463.27ms | tok/sec: 89,574 | mfu: 0.00 | epoch: 1 | total time: 60.86m
step 02341 (81.60%) | loss: 2.473880 | lrm: 0.37 | dt: 1462.26ms | tok/sec: 89,636 | mfu: 0.00 | epoch: 1 | total time: 60.89m
step 02342 (81.63%) | loss: 2.497188 | lrm: 0.37 | dt: 1462.85ms | tok/sec: 89,600 | mfu: 0.00 | epoch: 1 | total time: 60.91m
step 02343 (81.66%) | loss: 2.494049 | lrm: 0.37 | dt: 1463.65ms | tok/sec: 89,551 | mfu: 0.00 | epoch: 1 | total time: 60.93m
step 02344 (81.70%) | loss: 2.491920 | lrm: 0.37 | dt: 1462.77ms | tok/sec: 89,605 | mfu: 0.00 | epoch: 1 | total time: 60.96m
step 02345 (81.74%) | loss: 2.518292 | lrm: 0.37 | dt: 1461.92ms | tok/sec: 89,657 | mfu: 0.00 | epoch: 1 | total time: 60.98m
step 02346 (81.77%) | loss: 2.498600 | lrm: 0.36 | dt: 1463.41ms | tok/sec: 89,566 | mfu: 0.00 | epoch: 1 | total time: 61.01m
step 02347 (81.81%) | loss: 2.508922 | lrm: 0.36 | dt: 1462.59ms | tok/sec: 89,616 | mfu: 0.00 | epoch: 1 | total time: 61.03m
step 02348 (81.84%) | loss: 2.487186 | lrm: 0.36 | dt: 1463.88ms | tok/sec: 89,537 | mfu: 0.00 | epoch: 1 | total time: 61.06m
step 02349 (81.88%) | loss: 2.494997 | lrm: 0.36 | dt: 1462.34ms | tok/sec: 89,631 | mfu: 0.00 | epoch: 1 | total time: 61.08m
step 02350 (81.91%) | loss: 2.515731 | lrm: 0.36 | dt: 1461.65ms | tok/sec: 89,674 | mfu: 0.00 | epoch: 1 | total time: 61.11m
step 02351 (81.95%) | loss: 2.514945 | lrm: 0.36 | dt: 1462.10ms | tok/sec: 89,646 | mfu: 0.00 | epoch: 1 | total time: 61.13m
step 02352 (81.98%) | loss: 2.512695 | lrm: 0.36 | dt: 1462.50ms | tok/sec: 89,621 | mfu: 0.00 | epoch: 1 | total time: 61.15m
step 02353 (82.01%) | loss: 2.523958 | lrm: 0.36 | dt: 1462.78ms | tok/sec: 89,604 | mfu: 0.00 | epoch: 1 | total time: 61.18m
step 02354 (82.05%) | loss: 2.517547 | lrm: 0.36 | dt: 1462.70ms | tok/sec: 89,609 | mfu: 0.00 | epoch: 1 | total time: 61.20m
step 02355 (82.08%) | loss: 2.502659 | lrm: 0.36 | dt: 1464.09ms | tok/sec: 89,524 | mfu: 0.00 | epoch: 1 | total time: 61.23m
step 02356 (82.12%) | loss: 2.513912 | lrm: 0.36 | dt: 1462.94ms | tok/sec: 89,594 | mfu: 0.00 | epoch: 1 | total time: 61.25m
step 02357 (82.16%) | loss: 2.511481 | lrm: 0.36 | dt: 1464.29ms | tok/sec: 89,512 | mfu: 0.00 | epoch: 1 | total time: 61.28m
step 02358 (82.18%) | loss: 2.521444 | lrm: 0.36 | dt: 1471.69ms | tok/sec: 89,062 | mfu: 0.00 | epoch: 1 | total time: 61.30m
step 02359 (82.21%) | loss: 2.533904 | lrm: 0.36 | dt: 1473.45ms | tok/sec: 88,955 | mfu: 0.00 | epoch: 1 | total time: 61.32m
step 02360 (82.25%) | loss: 2.538961 | lrm: 0.36 | dt: 1469.11ms | tok/sec: 89,218 | mfu: 0.00 | epoch: 1 | total time: 61.35m
step 02361 (82.28%) | loss: 2.547781 | lrm: 0.35 | dt: 1469.56ms | tok/sec: 89,191 | mfu: 0.00 | epoch: 1 | total time: 61.37m
step 02362 (82.32%) | loss: 2.523968 | lrm: 0.35 | dt: 1471.61ms | tok/sec: 89,067 | mfu: 0.00 | epoch: 1 | total time: 61.40m
step 02363 (82.35%) | loss: 2.511194 | lrm: 0.35 | dt: 1470.46ms | tok/sec: 89,136 | mfu: 0.00 | epoch: 1 | total time: 61.42m
step 02364 (82.39%) | loss: 2.526214 | lrm: 0.35 | dt: 1468.69ms | tok/sec: 89,244 | mfu: 0.00 | epoch: 1 | total time: 61.45m
step 02365 (82.43%) | loss: 2.536508 | lrm: 0.35 | dt: 1472.43ms | tok/sec: 89,017 | mfu: 0.00 | epoch: 1 | total time: 61.47m
step 02366 (82.47%) | loss: 2.530054 | lrm: 0.35 | dt: 1469.11ms | tok/sec: 89,218 | mfu: 0.00 | epoch: 1 | total time: 61.50m
step 02367 (82.49%) | loss: 2.563127 | lrm: 0.35 | dt: 1470.82ms | tok/sec: 89,114 | mfu: 0.00 | epoch: 1 | total time: 61.52m
step 02368 (82.53%) | loss: 2.550496 | lrm: 0.35 | dt: 1471.38ms | tok/sec: 89,080 | mfu: 0.00 | epoch: 1 | total time: 61.55m
step 02369 (82.57%) | loss: 2.523100 | lrm: 0.35 | dt: 1470.22ms | tok/sec: 89,150 | mfu: 0.00 | epoch: 1 | total time: 61.57m
step 02370 (82.59%) | loss: 2.507221 | lrm: 0.35 | dt: 1472.20ms | tok/sec: 89,031 | mfu: 0.00 | epoch: 1 | total time: 61.59m
step 02371 (82.63%) | loss: 2.510492 | lrm: 0.35 | dt: 1469.41ms | tok/sec: 89,200 | mfu: 0.00 | epoch: 1 | total time: 61.62m
step 02372 (82.66%) | loss: 2.502261 | lrm: 0.35 | dt: 1473.24ms | tok/sec: 88,968 | mfu: 0.00 | epoch: 1 | total time: 61.64m
step 02373 (82.69%) | loss: 2.513100 | lrm: 0.35 | dt: 1469.33ms | tok/sec: 89,205 | mfu: 0.00 | epoch: 1 | total time: 61.67m
step 02374 (82.72%) | loss: 2.520490 | lrm: 0.35 | dt: 1470.05ms | tok/sec: 89,161 | mfu: 0.00 | epoch: 1 | total time: 61.69m
step 02375 (82.76%) | loss: 2.532554 | lrm: 0.34 | dt: 1471.37ms | tok/sec: 89,081 | mfu: 0.00 | epoch: 1 | total time: 61.72m
step 02376 (82.79%) | loss: 2.531824 | lrm: 0.34 | dt: 1469.97ms | tok/sec: 89,166 | mfu: 0.00 | epoch: 1 | total time: 61.74m
step 02377 (82.83%) | loss: 2.509171 | lrm: 0.34 | dt: 1471.56ms | tok/sec: 89,070 | mfu: 0.00 | epoch: 1 | total time: 61.77m
step 02378 (82.86%) | loss: 2.523170 | lrm: 0.34 | dt: 1469.89ms | tok/sec: 89,171 | mfu: 0.00 | epoch: 1 | total time: 61.79m
step 02379 (82.90%) | loss: 2.536273 | lrm: 0.34 | dt: 1467.76ms | tok/sec: 89,300 | mfu: 0.00 | epoch: 1 | total time: 61.82m
step 02380 (82.93%) | loss: 2.542734 | lrm: 0.34 | dt: 1472.68ms | tok/sec: 89,002 | mfu: 0.00 | epoch: 1 | total time: 61.84m
step 02381 (82.97%) | loss: 2.520630 | lrm: 0.34 | dt: 1468.91ms | tok/sec: 89,230 | mfu: 0.00 | epoch: 1 | total time: 61.86m
step 02382 (83.00%) | loss: 2.509437 | lrm: 0.34 | dt: 1470.64ms | tok/sec: 89,125 | mfu: 0.00 | epoch: 1 | total time: 61.89m
step 02383 (83.04%) | loss: 2.507999 | lrm: 0.34 | dt: 1468.35ms | tok/sec: 89,264 | mfu: 0.00 | epoch: 1 | total time: 61.91m
step 02384 (83.07%) | loss: 2.538659 | lrm: 0.34 | dt: 1469.79ms | tok/sec: 89,177 | mfu: 0.00 | epoch: 1 | total time: 61.94m
step 02385 (83.11%) | loss: 2.526557 | lrm: 0.34 | dt: 1473.49ms | tok/sec: 88,953 | mfu: 0.00 | epoch: 1 | total time: 61.96m
step 02386 (83.14%) | loss: 2.499451 | lrm: 0.34 | dt: 1469.39ms | tok/sec: 89,201 | mfu: 0.00 | epoch: 1 | total time: 61.99m
step 02387 (83.18%) | loss: 2.511287 | lrm: 0.34 | dt: 1473.82ms | tok/sec: 88,933 | mfu: 0.00 | epoch: 1 | total time: 62.01m
step 02388 (83.23%) | loss: 2.530768 | lrm: 0.34 | dt: 1468.05ms | tok/sec: 89,282 | mfu: 0.00 | epoch: 1 | total time: 62.04m
step 02389 (83.26%) | loss: 2.524137 | lrm: 0.33 | dt: 1472.21ms | tok/sec: 89,030 | mfu: 0.00 | epoch: 1 | total time: 62.06m
step 02390 (83.30%) | loss: 2.524171 | lrm: 0.33 | dt: 1470.92ms | tok/sec: 89,109 | mfu: 0.00 | epoch: 1 | total time: 62.08m
step 02391 (83.34%) | loss: 2.505324 | lrm: 0.33 | dt: 1469.19ms | tok/sec: 89,213 | mfu: 0.00 | epoch: 1 | total time: 62.11m
step 02392 (83.37%) | loss: 2.517321 | lrm: 0.33 | dt: 1470.91ms | tok/sec: 89,109 | mfu: 0.00 | epoch: 1 | total time: 62.13m
step 02393 (83.41%) | loss: 2.522477 | lrm: 0.33 | dt: 1470.40ms | tok/sec: 89,140 | mfu: 0.00 | epoch: 1 | total time: 62.16m
step 02394 (83.45%) | loss: 2.537417 | lrm: 0.33 | dt: 1466.36ms | tok/sec: 89,385 | mfu: 0.00 | epoch: 1 | total time: 62.18m
step 02395 (83.48%) | loss: 2.522645 | lrm: 0.33 | dt: 1463.46ms | tok/sec: 89,563 | mfu: 0.00 | epoch: 1 | total time: 62.21m
step 02396 (83.52%) | loss: 2.542585 | lrm: 0.33 | dt: 1462.76ms | tok/sec: 89,606 | mfu: 0.00 | epoch: 1 | total time: 62.23m
step 02397 (83.55%) | loss: 2.539395 | lrm: 0.33 | dt: 1461.41ms | tok/sec: 89,688 | mfu: 0.00 | epoch: 1 | total time: 62.26m
step 02398 (83.59%) | loss: 2.511850 | lrm: 0.33 | dt: 1462.97ms | tok/sec: 89,592 | mfu: 0.00 | epoch: 1 | total time: 62.28m
step 02399 (83.63%) | loss: 2.507036 | lrm: 0.33 | dt: 1463.10ms | tok/sec: 89,585 | mfu: 0.00 | epoch: 1 | total time: 62.30m
step 02400 (83.67%) | loss: 2.512243 | lrm: 0.33 | dt: 1463.07ms | tok/sec: 89,586 | mfu: 0.00 | epoch: 1 | total time: 62.33m
Step 02400 | Validation bpb: 0.7829
step 02401 (83.70%) | loss: 2.516003 | lrm: 0.33 | dt: 1537.67ms | tok/sec: 85,240 | mfu: 0.00 | epoch: 1 | total time: 62.35m
step 02402 (83.74%) | loss: 2.538311 | lrm: 0.33 | dt: 1462.14ms | tok/sec: 89,644 | mfu: 0.00 | epoch: 1 | total time: 62.38m
step 02403 (83.77%) | loss: 2.527632 | lrm: 0.32 | dt: 1461.59ms | tok/sec: 89,677 | mfu: 0.00 | epoch: 1 | total time: 62.40m
step 02404 (83.81%) | loss: 2.519949 | lrm: 0.32 | dt: 1463.56ms | tok/sec: 89,556 | mfu: 0.00 | epoch: 1 | total time: 62.43m
step 02405 (83.84%) | loss: 2.514576 | lrm: 0.32 | dt: 1462.18ms | tok/sec: 89,641 | mfu: 0.00 | epoch: 1 | total time: 62.45m
step 02406 (83.87%) | loss: 2.524599 | lrm: 0.32 | dt: 1462.35ms | tok/sec: 89,631 | mfu: 0.00 | epoch: 1 | total time: 62.48m
step 02407 (83.90%) | loss: 2.498859 | lrm: 0.32 | dt: 1461.29ms | tok/sec: 89,696 | mfu: 0.00 | epoch: 1 | total time: 62.50m
step 02408 (83.93%) | loss: 2.483631 | lrm: 0.32 | dt: 1465.51ms | tok/sec: 89,437 | mfu: 0.00 | epoch: 1 | total time: 62.53m
step 02409 (83.97%) | loss: 2.508290 | lrm: 0.32 | dt: 1463.72ms | tok/sec: 89,547 | mfu: 0.00 | epoch: 1 | total time: 62.55m
step 02410 (84.01%) | loss: 2.500002 | lrm: 0.32 | dt: 1463.31ms | tok/sec: 89,572 | mfu: 0.00 | epoch: 1 | total time: 62.57m
step 02411 (84.04%) | loss: 2.472875 | lrm: 0.32 | dt: 1461.75ms | tok/sec: 89,667 | mfu: 0.00 | epoch: 1 | total time: 62.60m
step 02412 (84.07%) | loss: 2.470986 | lrm: 0.32 | dt: 1464.34ms | tok/sec: 89,509 | mfu: 0.00 | epoch: 1 | total time: 62.62m
step 02413 (84.11%) | loss: 2.472638 | lrm: 0.32 | dt: 1461.89ms | tok/sec: 89,659 | mfu: 0.00 | epoch: 1 | total time: 62.65m
step 02414 (84.15%) | loss: 2.460710 | lrm: 0.32 | dt: 1462.76ms | tok/sec: 89,605 | mfu: 0.00 | epoch: 1 | total time: 62.67m
step 02415 (84.19%) | loss: 2.462859 | lrm: 0.32 | dt: 1463.10ms | tok/sec: 89,585 | mfu: 0.00 | epoch: 1 | total time: 62.70m
step 02416 (84.23%) | loss: 2.467554 | lrm: 0.32 | dt: 1462.03ms | tok/sec: 89,650 | mfu: 0.00 | epoch: 1 | total time: 62.72m
step 02417 (84.27%) | loss: 2.471679 | lrm: 0.31 | dt: 1462.77ms | tok/sec: 89,605 | mfu: 0.00 | epoch: 1 | total time: 62.74m
step 02418 (84.30%) | loss: 2.451874 | lrm: 0.31 | dt: 1462.48ms | tok/sec: 89,623 | mfu: 0.00 | epoch: 1 | total time: 62.77m
step 02419 (84.34%) | loss: 2.457513 | lrm: 0.31 | dt: 1463.21ms | tok/sec: 89,578 | mfu: 0.00 | epoch: 1 | total time: 62.79m
step 02420 (84.37%) | loss: 2.444695 | lrm: 0.31 | dt: 1462.18ms | tok/sec: 89,641 | mfu: 0.00 | epoch: 1 | total time: 62.82m
step 02421 (84.41%) | loss: 2.443086 | lrm: 0.31 | dt: 1462.28ms | tok/sec: 89,635 | mfu: 0.00 | epoch: 1 | total time: 62.84m
step 02422 (84.44%) | loss: 2.460925 | lrm: 0.31 | dt: 1462.26ms | tok/sec: 89,636 | mfu: 0.00 | epoch: 1 | total time: 62.87m
step 02423 (84.48%) | loss: 2.474217 | lrm: 0.31 | dt: 1463.93ms | tok/sec: 89,534 | mfu: 0.00 | epoch: 1 | total time: 62.89m
step 02424 (84.52%) | loss: 2.499857 | lrm: 0.31 | dt: 1461.40ms | tok/sec: 89,689 | mfu: 0.00 | epoch: 1 | total time: 62.92m
step 02425 (84.55%) | loss: 2.503800 | lrm: 0.31 | dt: 1462.76ms | tok/sec: 89,605 | mfu: 0.00 | epoch: 1 | total time: 62.94m
step 02426 (84.59%) | loss: 2.529075 | lrm: 0.31 | dt: 1461.95ms | tok/sec: 89,655 | mfu: 0.00 | epoch: 1 | total time: 62.96m
step 02427 (84.62%) | loss: 2.528967 | lrm: 0.31 | dt: 1462.96ms | tok/sec: 89,593 | mfu: 0.00 | epoch: 1 | total time: 62.99m
step 02428 (84.65%) | loss: 2.522791 | lrm: 0.31 | dt: 1462.03ms | tok/sec: 89,650 | mfu: 0.00 | epoch: 1 | total time: 63.01m
step 02429 (84.69%) | loss: 2.532614 | lrm: 0.31 | dt: 1462.06ms | tok/sec: 89,648 | mfu: 0.00 | epoch: 1 | total time: 63.04m
step 02430 (84.72%) | loss: 2.543711 | lrm: 0.31 | dt: 1463.18ms | tok/sec: 89,580 | mfu: 0.00 | epoch: 1 | total time: 63.06m
step 02431 (84.75%) | loss: 2.508237 | lrm: 0.30 | dt: 1461.68ms | tok/sec: 89,672 | mfu: 0.00 | epoch: 1 | total time: 63.09m
step 02432 (84.78%) | loss: 2.518457 | lrm: 0.30 | dt: 1463.32ms | tok/sec: 89,571 | mfu: 0.00 | epoch: 1 | total time: 63.11m
step 02433 (84.81%) | loss: 2.513309 | lrm: 0.30 | dt: 1462.46ms | tok/sec: 89,624 | mfu: 0.00 | epoch: 1 | total time: 63.13m
step 02434 (84.84%) | loss: 2.526937 | lrm: 0.30 | dt: 1464.02ms | tok/sec: 89,528 | mfu: 0.00 | epoch: 1 | total time: 63.16m
step 02435 (84.87%) | loss: 2.523257 | lrm: 0.30 | dt: 1461.33ms | tok/sec: 89,693 | mfu: 0.00 | epoch: 1 | total time: 63.18m
step 02436 (84.91%) | loss: 2.527840 | lrm: 0.30 | dt: 1462.86ms | tok/sec: 89,599 | mfu: 0.00 | epoch: 1 | total time: 63.21m
step 02437 (84.95%) | loss: 2.522750 | lrm: 0.30 | dt: 1461.97ms | tok/sec: 89,654 | mfu: 0.00 | epoch: 1 | total time: 63.23m
step 02438 (84.98%) | loss: 2.530602 | lrm: 0.30 | dt: 1463.12ms | tok/sec: 89,584 | mfu: 0.00 | epoch: 1 | total time: 63.26m
step 02439 (85.02%) | loss: 2.539103 | lrm: 0.30 | dt: 1460.92ms | tok/sec: 89,718 | mfu: 0.00 | epoch: 1 | total time: 63.28m
step 02440 (85.05%) | loss: 2.517966 | lrm: 0.30 | dt: 1461.74ms | tok/sec: 89,668 | mfu: 0.00 | epoch: 1 | total time: 63.31m
step 02441 (85.09%) | loss: 2.522138 | lrm: 0.30 | dt: 1461.90ms | tok/sec: 89,658 | mfu: 0.00 | epoch: 1 | total time: 63.33m
step 02442 (85.13%) | loss: 2.520815 | lrm: 0.30 | dt: 1461.90ms | tok/sec: 89,658 | mfu: 0.00 | epoch: 1 | total time: 63.35m
step 02443 (85.17%) | loss: 2.543382 | lrm: 0.30 | dt: 1462.88ms | tok/sec: 89,598 | mfu: 0.00 | epoch: 1 | total time: 63.38m
step 02444 (85.21%) | loss: 2.544830 | lrm: 0.30 | dt: 1463.21ms | tok/sec: 89,578 | mfu: 0.00 | epoch: 1 | total time: 63.40m
step 02445 (85.25%) | loss: 2.530200 | lrm: 0.30 | dt: 1462.83ms | tok/sec: 89,601 | mfu: 0.00 | epoch: 1 | total time: 63.43m
step 02446 (85.28%) | loss: 2.529687 | lrm: 0.29 | dt: 1461.29ms | tok/sec: 89,696 | mfu: 0.00 | epoch: 1 | total time: 63.45m
step 02447 (85.31%) | loss: 2.533517 | lrm: 0.29 | dt: 1464.16ms | tok/sec: 89,520 | mfu: 0.00 | epoch: 1 | total time: 63.48m
step 02448 (85.35%) | loss: 2.527628 | lrm: 0.29 | dt: 1461.36ms | tok/sec: 89,692 | mfu: 0.00 | epoch: 1 | total time: 63.50m
step 02449 (85.38%) | loss: 2.531678 | lrm: 0.29 | dt: 1463.74ms | tok/sec: 89,546 | mfu: 0.00 | epoch: 1 | total time: 63.52m
step 02450 (85.41%) | loss: 2.500931 | lrm: 0.29 | dt: 1462.79ms | tok/sec: 89,604 | mfu: 0.00 | epoch: 1 | total time: 63.55m
step 02451 (85.45%) | loss: 2.492789 | lrm: 0.29 | dt: 1462.48ms | tok/sec: 89,622 | mfu: 0.00 | epoch: 1 | total time: 63.57m
step 02452 (85.48%) | loss: 2.507355 | lrm: 0.29 | dt: 1463.11ms | tok/sec: 89,584 | mfu: 0.00 | epoch: 1 | total time: 63.60m
step 02453 (85.51%) | loss: 2.511596 | lrm: 0.29 | dt: 1462.03ms | tok/sec: 89,650 | mfu: 0.00 | epoch: 1 | total time: 63.62m
step 02454 (85.54%) | loss: 2.515434 | lrm: 0.29 | dt: 1463.10ms | tok/sec: 89,585 | mfu: 0.00 | epoch: 1 | total time: 63.65m
step 02455 (85.57%) | loss: 2.522639 | lrm: 0.29 | dt: 1461.67ms | tok/sec: 89,672 | mfu: 0.00 | epoch: 1 | total time: 63.67m
step 02456 (85.61%) | loss: 2.543516 | lrm: 0.29 | dt: 1462.65ms | tok/sec: 89,612 | mfu: 0.00 | epoch: 1 | total time: 63.70m
step 02457 (85.64%) | loss: 2.539123 | lrm: 0.29 | dt: 1463.96ms | tok/sec: 89,532 | mfu: 0.00 | epoch: 1 | total time: 63.72m
step 02458 (85.68%) | loss: 2.541464 | lrm: 0.29 | dt: 1462.70ms | tok/sec: 89,609 | mfu: 0.00 | epoch: 1 | total time: 63.74m
step 02459 (85.71%) | loss: 2.552326 | lrm: 0.29 | dt: 1461.44ms | tok/sec: 89,686 | mfu: 0.00 | epoch: 1 | total time: 63.77m
step 02460 (85.76%) | loss: 2.527165 | lrm: 0.28 | dt: 1463.19ms | tok/sec: 89,579 | mfu: 0.00 | epoch: 1 | total time: 63.79m
step 02461 (85.79%) | loss: 2.546102 | lrm: 0.28 | dt: 1461.79ms | tok/sec: 89,665 | mfu: 0.00 | epoch: 1 | total time: 63.82m
step 02462 (85.83%) | loss: 2.521680 | lrm: 0.28 | dt: 1462.51ms | tok/sec: 89,621 | mfu: 0.00 | epoch: 1 | total time: 63.84m
step 02463 (85.87%) | loss: 2.503429 | lrm: 0.28 | dt: 1462.43ms | tok/sec: 89,625 | mfu: 0.00 | epoch: 1 | total time: 63.87m
step 02464 (85.91%) | loss: 2.517402 | lrm: 0.28 | dt: 1462.42ms | tok/sec: 89,626 | mfu: 0.00 | epoch: 1 | total time: 63.89m
step 02465 (85.94%) | loss: 2.526214 | lrm: 0.28 | dt: 1460.85ms | tok/sec: 89,722 | mfu: 0.00 | epoch: 1 | total time: 63.91m
step 02466 (85.98%) | loss: 2.505245 | lrm: 0.28 | dt: 1462.01ms | tok/sec: 89,652 | mfu: 0.00 | epoch: 1 | total time: 63.94m
step 02467 (86.01%) | loss: 2.512619 | lrm: 0.28 | dt: 1463.18ms | tok/sec: 89,580 | mfu: 0.00 | epoch: 1 | total time: 63.96m
step 02468 (86.05%) | loss: 2.502511 | lrm: 0.28 | dt: 1462.13ms | tok/sec: 89,644 | mfu: 0.00 | epoch: 1 | total time: 63.99m
step 02469 (86.08%) | loss: 2.513278 | lrm: 0.28 | dt: 1462.96ms | tok/sec: 89,593 | mfu: 0.00 | epoch: 1 | total time: 64.01m
step 02470 (86.11%) | loss: 2.528262 | lrm: 0.28 | dt: 1461.92ms | tok/sec: 89,657 | mfu: 0.00 | epoch: 1 | total time: 64.04m
step 02471 (86.15%) | loss: 2.507859 | lrm: 0.28 | dt: 1463.37ms | tok/sec: 89,568 | mfu: 0.00 | epoch: 1 | total time: 64.06m
step 02472 (86.18%) | loss: 2.521412 | lrm: 0.28 | dt: 1461.80ms | tok/sec: 89,664 | mfu: 0.00 | epoch: 1 | total time: 64.09m
step 02473 (86.22%) | loss: 2.512467 | lrm: 0.28 | dt: 1462.58ms | tok/sec: 89,616 | mfu: 0.00 | epoch: 1 | total time: 64.11m
step 02474 (86.25%) | loss: 2.511983 | lrm: 0.27 | dt: 1461.41ms | tok/sec: 89,688 | mfu: 0.00 | epoch: 1 | total time: 64.13m
step 02475 (86.29%) | loss: 2.520746 | lrm: 0.27 | dt: 1464.19ms | tok/sec: 89,518 | mfu: 0.00 | epoch: 1 | total time: 64.16m
step 02476 (86.32%) | loss: 2.539376 | lrm: 0.27 | dt: 1462.12ms | tok/sec: 89,644 | mfu: 0.00 | epoch: 1 | total time: 64.18m
step 02477 (86.36%) | loss: 2.538709 | lrm: 0.27 | dt: 1462.59ms | tok/sec: 89,616 | mfu: 0.00 | epoch: 1 | total time: 64.21m
step 02478 (86.39%) | loss: 2.540508 | lrm: 0.27 | dt: 1461.94ms | tok/sec: 89,656 | mfu: 0.00 | epoch: 1 | total time: 64.23m
step 02479 (86.43%) | loss: 2.520308 | lrm: 0.27 | dt: 1461.66ms | tok/sec: 89,673 | mfu: 0.00 | epoch: 1 | total time: 64.26m
step 02480 (86.46%) | loss: 2.523487 | lrm: 0.27 | dt: 1462.49ms | tok/sec: 89,622 | mfu: 0.00 | epoch: 1 | total time: 64.28m
step 02481 (86.50%) | loss: 2.523396 | lrm: 0.27 | dt: 1461.57ms | tok/sec: 89,679 | mfu: 0.00 | epoch: 1 | total time: 64.30m
step 02482 (86.53%) | loss: 2.530160 | lrm: 0.27 | dt: 1462.30ms | tok/sec: 89,633 | mfu: 0.00 | epoch: 1 | total time: 64.33m
step 02483 (86.56%) | loss: 2.533600 | lrm: 0.27 | dt: 1461.88ms | tok/sec: 89,659 | mfu: 0.00 | epoch: 1 | total time: 64.35m
step 02484 (86.60%) | loss: 2.514450 | lrm: 0.27 | dt: 1462.96ms | tok/sec: 89,593 | mfu: 0.00 | epoch: 1 | total time: 64.38m
step 02485 (86.63%) | loss: 2.521096 | lrm: 0.27 | dt: 1462.87ms | tok/sec: 89,598 | mfu: 0.00 | epoch: 1 | total time: 64.40m
step 02486 (86.67%) | loss: 2.513261 | lrm: 0.27 | dt: 1462.48ms | tok/sec: 89,623 | mfu: 0.00 | epoch: 1 | total time: 64.43m
step 02487 (86.70%) | loss: 2.489726 | lrm: 0.27 | dt: 1462.30ms | tok/sec: 89,634 | mfu: 0.00 | epoch: 1 | total time: 64.45m
step 02488 (86.74%) | loss: 2.505121 | lrm: 0.27 | dt: 1462.93ms | tok/sec: 89,595 | mfu: 0.00 | epoch: 1 | total time: 64.48m
step 02489 (86.78%) | loss: 2.508304 | lrm: 0.26 | dt: 1462.28ms | tok/sec: 89,635 | mfu: 0.00 | epoch: 1 | total time: 64.50m
step 02490 (86.82%) | loss: 2.487983 | lrm: 0.26 | dt: 1462.72ms | tok/sec: 89,608 | mfu: 0.00 | epoch: 1 | total time: 64.52m
step 02491 (86.85%) | loss: 2.493525 | lrm: 0.26 | dt: 1462.88ms | tok/sec: 89,598 | mfu: 0.00 | epoch: 1 | total time: 64.55m
step 02492 (86.88%) | loss: 2.494163 | lrm: 0.26 | dt: 1463.06ms | tok/sec: 89,587 | mfu: 0.00 | epoch: 1 | total time: 64.57m
step 02493 (86.92%) | loss: 2.479841 | lrm: 0.26 | dt: 1464.69ms | tok/sec: 89,487 | mfu: 0.00 | epoch: 1 | total time: 64.60m
step 02494 (86.95%) | loss: 2.481656 | lrm: 0.26 | dt: 1464.55ms | tok/sec: 89,496 | mfu: 0.00 | epoch: 1 | total time: 64.62m
step 02495 (86.98%) | loss: 2.476024 | lrm: 0.26 | dt: 1465.99ms | tok/sec: 89,408 | mfu: 0.00 | epoch: 1 | total time: 64.65m
step 02496 (87.01%) | loss: 2.472971 | lrm: 0.26 | dt: 1463.12ms | tok/sec: 89,583 | mfu: 0.00 | epoch: 1 | total time: 64.67m
step 02497 (87.05%) | loss: 2.471906 | lrm: 0.26 | dt: 1465.39ms | tok/sec: 89,445 | mfu: 0.00 | epoch: 1 | total time: 64.69m
step 02498 (87.09%) | loss: 2.456111 | lrm: 0.26 | dt: 1461.49ms | tok/sec: 89,684 | mfu: 0.00 | epoch: 1 | total time: 64.72m
step 02499 (87.12%) | loss: 2.486920 | lrm: 0.26 | dt: 1464.55ms | tok/sec: 89,496 | mfu: 0.00 | epoch: 1 | total time: 64.74m
step 02500 (87.16%) | loss: 2.492568 | lrm: 0.26 | dt: 1462.08ms | tok/sec: 89,647 | mfu: 0.00 | epoch: 1 | total time: 64.77m
Step 02500 | Validation bpb: 0.7779
step 02501 (87.20%) | loss: 2.478918 | lrm: 0.26 | dt: 1533.85ms | tok/sec: 85,453 | mfu: 0.00 | epoch: 1 | total time: 64.79m
step 02502 (87.24%) | loss: 2.481569 | lrm: 0.26 | dt: 1463.24ms | tok/sec: 89,576 | mfu: 0.00 | epoch: 1 | total time: 64.82m
step 02503 (87.27%) | loss: 2.507067 | lrm: 0.25 | dt: 1462.32ms | tok/sec: 89,632 | mfu: 0.00 | epoch: 1 | total time: 64.84m
step 02504 (87.30%) | loss: 2.527730 | lrm: 0.25 | dt: 1461.66ms | tok/sec: 89,673 | mfu: 0.00 | epoch: 1 | total time: 64.87m
step 02505 (87.34%) | loss: 2.527666 | lrm: 0.25 | dt: 1463.51ms | tok/sec: 89,560 | mfu: 0.00 | epoch: 1 | total time: 64.89m
step 02506 (87.37%) | loss: 2.543150 | lrm: 0.25 | dt: 1462.26ms | tok/sec: 89,636 | mfu: 0.00 | epoch: 1 | total time: 64.92m
step 02507 (87.41%) | loss: 2.543335 | lrm: 0.25 | dt: 1463.50ms | tok/sec: 89,560 | mfu: 0.00 | epoch: 1 | total time: 64.94m
step 02508 (87.44%) | loss: 2.543395 | lrm: 0.25 | dt: 1462.35ms | tok/sec: 89,631 | mfu: 0.00 | epoch: 1 | total time: 64.96m
step 02509 (87.48%) | loss: 2.541407 | lrm: 0.25 | dt: 1463.13ms | tok/sec: 89,583 | mfu: 0.00 | epoch: 1 | total time: 64.99m
step 02510 (87.50%) | loss: 2.526635 | lrm: 0.25 | dt: 1463.51ms | tok/sec: 89,560 | mfu: 0.00 | epoch: 1 | total time: 65.01m
step 02511 (87.54%) | loss: 2.509850 | lrm: 0.25 | dt: 1461.16ms | tok/sec: 89,704 | mfu: 0.00 | epoch: 1 | total time: 65.04m
step 02512 (87.57%) | loss: 2.482994 | lrm: 0.25 | dt: 1462.82ms | tok/sec: 89,602 | mfu: 0.00 | epoch: 1 | total time: 65.06m
step 02513 (87.60%) | loss: 2.473474 | lrm: 0.25 | dt: 1462.39ms | tok/sec: 89,628 | mfu: 0.00 | epoch: 1 | total time: 65.09m
step 02514 (87.63%) | loss: 2.463766 | lrm: 0.25 | dt: 1462.28ms | tok/sec: 89,635 | mfu: 0.00 | epoch: 1 | total time: 65.11m
step 02515 (87.66%) | loss: 2.464986 | lrm: 0.25 | dt: 1461.91ms | tok/sec: 89,657 | mfu: 0.00 | epoch: 1 | total time: 65.13m
step 02516 (87.70%) | loss: 2.445827 | lrm: 0.25 | dt: 1462.59ms | tok/sec: 89,616 | mfu: 0.00 | epoch: 1 | total time: 65.16m
step 02517 (87.74%) | loss: 2.475328 | lrm: 0.25 | dt: 1461.63ms | tok/sec: 89,675 | mfu: 0.00 | epoch: 1 | total time: 65.18m
step 02518 (87.77%) | loss: 2.445163 | lrm: 0.24 | dt: 1462.73ms | tok/sec: 89,607 | mfu: 0.00 | epoch: 1 | total time: 65.21m
step 02519 (87.81%) | loss: 2.445325 | lrm: 0.24 | dt: 1461.58ms | tok/sec: 89,678 | mfu: 0.00 | epoch: 1 | total time: 65.23m
step 02520 (87.84%) | loss: 2.451143 | lrm: 0.24 | dt: 1462.89ms | tok/sec: 89,598 | mfu: 0.00 | epoch: 1 | total time: 65.26m
step 02521 (87.87%) | loss: 2.436264 | lrm: 0.24 | dt: 1461.44ms | tok/sec: 89,687 | mfu: 0.00 | epoch: 1 | total time: 65.28m
step 02522 (87.91%) | loss: 2.433506 | lrm: 0.24 | dt: 1461.34ms | tok/sec: 89,693 | mfu: 0.00 | epoch: 1 | total time: 65.31m
step 02523 (87.95%) | loss: 2.449128 | lrm: 0.24 | dt: 1462.36ms | tok/sec: 89,630 | mfu: 0.00 | epoch: 1 | total time: 65.33m
step 02524 (87.98%) | loss: 2.468427 | lrm: 0.24 | dt: 1461.49ms | tok/sec: 89,683 | mfu: 0.00 | epoch: 1 | total time: 65.35m
step 02525 (88.02%) | loss: 2.485481 | lrm: 0.24 | dt: 1462.46ms | tok/sec: 89,624 | mfu: 0.00 | epoch: 1 | total time: 65.38m
step 02526 (88.06%) | loss: 2.474138 | lrm: 0.24 | dt: 1463.26ms | tok/sec: 89,575 | mfu: 0.00 | epoch: 1 | total time: 65.40m
step 02527 (88.10%) | loss: 2.467586 | lrm: 0.24 | dt: 1463.78ms | tok/sec: 89,543 | mfu: 0.00 | epoch: 1 | total time: 65.43m
step 02528 (88.13%) | loss: 2.440556 | lrm: 0.24 | dt: 1462.94ms | tok/sec: 89,594 | mfu: 0.00 | epoch: 1 | total time: 65.45m
step 02529 (88.16%) | loss: 2.434234 | lrm: 0.24 | dt: 1462.87ms | tok/sec: 89,598 | mfu: 0.00 | epoch: 1 | total time: 65.48m
step 02530 (88.20%) | loss: 2.431671 | lrm: 0.24 | dt: 1462.65ms | tok/sec: 89,612 | mfu: 0.00 | epoch: 1 | total time: 65.50m
step 02531 (88.23%) | loss: 2.447766 | lrm: 0.24 | dt: 1465.15ms | tok/sec: 89,459 | mfu: 0.00 | epoch: 1 | total time: 65.52m
step 02532 (88.27%) | loss: 2.435842 | lrm: 0.23 | dt: 1464.22ms | tok/sec: 89,516 | mfu: 0.00 | epoch: 1 | total time: 65.55m
step 02533 (88.31%) | loss: 2.450162 | lrm: 0.23 | dt: 1466.86ms | tok/sec: 89,355 | mfu: 0.00 | epoch: 1 | total time: 65.57m
step 02534 (88.34%) | loss: 2.474961 | lrm: 0.23 | dt: 1695.98ms | tok/sec: 77,284 | mfu: 0.00 | epoch: 1 | total time: 65.60m
step 02535 (88.37%) | loss: 2.486105 | lrm: 0.23 | dt: 1947.90ms | tok/sec: 67,288 | mfu: 0.00 | epoch: 1 | total time: 65.63m
step 02536 (88.41%) | loss: 2.486807 | lrm: 0.23 | dt: 1915.86ms | tok/sec: 68,414 | mfu: 0.00 | epoch: 1 | total time: 65.67m
step 02537 (88.44%) | loss: 2.500778 | lrm: 0.23 | dt: 1839.15ms | tok/sec: 71,267 | mfu: 0.00 | epoch: 1 | total time: 65.70m
step 02538 (88.47%) | loss: 2.511300 | lrm: 0.23 | dt: 1731.43ms | tok/sec: 75,701 | mfu: 0.00 | epoch: 1 | total time: 65.73m
step 02539 (88.51%) | loss: 2.486994 | lrm: 0.23 | dt: 1949.93ms | tok/sec: 67,218 | mfu: 0.00 | epoch: 1 | total time: 65.76m
step 02540 (88.54%) | loss: 2.493804 | lrm: 0.23 | dt: 1953.15ms | tok/sec: 67,107 | mfu: 0.00 | epoch: 1 | total time: 65.79m
step 02541 (88.58%) | loss: 2.496482 | lrm: 0.23 | dt: 1739.67ms | tok/sec: 75,343 | mfu: 0.00 | epoch: 1 | total time: 65.82m
step 02542 (88.61%) | loss: 2.501625 | lrm: 0.23 | dt: 1695.31ms | tok/sec: 77,314 | mfu: 0.00 | epoch: 1 | total time: 65.85m
step 02543 (88.64%) | loss: 2.480987 | lrm: 0.23 | dt: 1694.72ms | tok/sec: 77,341 | mfu: 0.00 | epoch: 1 | total time: 65.88m
step 02544 (88.69%) | loss: 2.472058 | lrm: 0.23 | dt: 1686.75ms | tok/sec: 77,706 | mfu: 0.00 | epoch: 1 | total time: 65.90m
step 02545 (88.72%) | loss: 2.472451 | lrm: 0.23 | dt: 1690.48ms | tok/sec: 77,535 | mfu: 0.00 | epoch: 1 | total time: 65.93m
step 02546 (88.75%) | loss: 2.463252 | lrm: 0.22 | dt: 1697.25ms | tok/sec: 77,225 | mfu: 0.00 | epoch: 1 | total time: 65.96m
step 02547 (88.79%) | loss: 2.447046 | lrm: 0.22 | dt: 1954.46ms | tok/sec: 67,063 | mfu: 0.00 | epoch: 1 | total time: 65.99m
step 02548 (88.83%) | loss: 2.469055 | lrm: 0.22 | dt: 1959.67ms | tok/sec: 66,884 | mfu: 0.00 | epoch: 1 | total time: 66.03m
step 02549 (88.86%) | loss: 2.471863 | lrm: 0.22 | dt: 1738.88ms | tok/sec: 75,377 | mfu: 0.00 | epoch: 1 | total time: 66.06m
step 02550 (88.89%) | loss: 2.467155 | lrm: 0.22 | dt: 1691.73ms | tok/sec: 77,477 | mfu: 0.00 | epoch: 1 | total time: 66.08m
step 02551 (88.92%) | loss: 2.483020 | lrm: 0.22 | dt: 1684.63ms | tok/sec: 77,804 | mfu: 0.00 | epoch: 1 | total time: 66.11m
step 02552 (88.95%) | loss: 2.476799 | lrm: 0.22 | dt: 1685.70ms | tok/sec: 77,755 | mfu: 0.00 | epoch: 1 | total time: 66.14m
step 02553 (88.99%) | loss: 2.487575 | lrm: 0.22 | dt: 1690.39ms | tok/sec: 77,539 | mfu: 0.00 | epoch: 1 | total time: 66.17m
step 02554 (89.02%) | loss: 2.479691 | lrm: 0.22 | dt: 1702.94ms | tok/sec: 76,967 | mfu: 0.00 | epoch: 1 | total time: 66.20m
step 02555 (89.06%) | loss: 2.453945 | lrm: 0.22 | dt: 1686.50ms | tok/sec: 77,718 | mfu: 0.00 | epoch: 1 | total time: 66.22m
step 02556 (89.10%) | loss: 2.461374 | lrm: 0.22 | dt: 1688.47ms | tok/sec: 77,627 | mfu: 0.00 | epoch: 1 | total time: 66.25m
step 02557 (89.13%) | loss: 2.456239 | lrm: 0.22 | dt: 1689.40ms | tok/sec: 77,584 | mfu: 0.00 | epoch: 1 | total time: 66.28m
step 02558 (89.17%) | loss: 2.459426 | lrm: 0.22 | dt: 1688.49ms | tok/sec: 77,626 | mfu: 0.00 | epoch: 1 | total time: 66.31m
step 02559 (89.20%) | loss: 2.483315 | lrm: 0.22 | dt: 1685.79ms | tok/sec: 77,750 | mfu: 0.00 | epoch: 1 | total time: 66.34m
step 02560 (89.23%) | loss: 2.503478 | lrm: 0.22 | dt: 1687.73ms | tok/sec: 77,661 | mfu: 0.00 | epoch: 1 | total time: 66.36m
step 02561 (89.26%) | loss: 2.496332 | lrm: 0.21 | dt: 1699.31ms | tok/sec: 77,132 | mfu: 0.00 | epoch: 1 | total time: 66.39m
step 02562 (89.30%) | loss: 2.494086 | lrm: 0.21 | dt: 1686.22ms | tok/sec: 77,731 | mfu: 0.00 | epoch: 1 | total time: 66.42m
step 02563 (89.33%) | loss: 2.478791 | lrm: 0.21 | dt: 1691.37ms | tok/sec: 77,494 | mfu: 0.00 | epoch: 1 | total time: 66.45m
step 02564 (89.36%) | loss: 2.481846 | lrm: 0.21 | dt: 1697.85ms | tok/sec: 77,198 | mfu: 0.00 | epoch: 1 | total time: 66.48m
step 02565 (89.40%) | loss: 2.471650 | lrm: 0.21 | dt: 1871.60ms | tok/sec: 70,031 | mfu: 0.00 | epoch: 1 | total time: 66.51m
step 02566 (89.43%) | loss: 2.476269 | lrm: 0.21 | dt: 1955.48ms | tok/sec: 67,027 | mfu: 0.00 | epoch: 1 | total time: 66.54m
step 02567 (89.47%) | loss: 2.486496 | lrm: 0.21 | dt: 1946.71ms | tok/sec: 67,330 | mfu: 0.00 | epoch: 1 | total time: 66.57m
step 02568 (89.50%) | loss: 2.486026 | lrm: 0.21 | dt: 1776.67ms | tok/sec: 73,773 | mfu: 0.00 | epoch: 1 | total time: 66.60m
step 02569 (89.54%) | loss: 2.454092 | lrm: 0.21 | dt: 1694.28ms | tok/sec: 77,361 | mfu: 0.00 | epoch: 1 | total time: 66.63m
step 02570 (89.58%) | loss: 2.448202 | lrm: 0.21 | dt: 1688.82ms | tok/sec: 77,611 | mfu: 0.00 | epoch: 1 | total time: 66.66m
step 02571 (89.61%) | loss: 2.442374 | lrm: 0.21 | dt: 1690.77ms | tok/sec: 77,522 | mfu: 0.00 | epoch: 1 | total time: 66.69m
step 02572 (89.64%) | loss: 2.440011 | lrm: 0.21 | dt: 1683.23ms | tok/sec: 77,869 | mfu: 0.00 | epoch: 1 | total time: 66.72m
step 02573 (89.68%) | loss: 2.437595 | lrm: 0.21 | dt: 1693.28ms | tok/sec: 77,407 | mfu: 0.00 | epoch: 1 | total time: 66.74m
step 02574 (89.72%) | loss: 2.454577 | lrm: 0.21 | dt: 1686.88ms | tok/sec: 77,700 | mfu: 0.00 | epoch: 1 | total time: 66.77m
step 02575 (89.75%) | loss: 2.451883 | lrm: 0.20 | dt: 1686.82ms | tok/sec: 77,703 | mfu: 0.00 | epoch: 1 | total time: 66.80m
step 02576 (89.78%) | loss: 2.438254 | lrm: 0.20 | dt: 1693.99ms | tok/sec: 77,374 | mfu: 0.00 | epoch: 1 | total time: 66.83m
step 02577 (89.82%) | loss: 2.447697 | lrm: 0.20 | dt: 1746.70ms | tok/sec: 75,040 | mfu: 0.00 | epoch: 1 | total time: 66.86m
step 02578 (89.86%) | loss: 2.469221 | lrm: 0.20 | dt: 1934.48ms | tok/sec: 67,755 | mfu: 0.00 | epoch: 1 | total time: 66.89m
step 02579 (89.89%) | loss: 2.444999 | lrm: 0.20 | dt: 1820.33ms | tok/sec: 72,004 | mfu: 0.00 | epoch: 1 | total time: 66.92m
step 02580 (89.93%) | loss: 2.468916 | lrm: 0.20 | dt: 1703.78ms | tok/sec: 76,930 | mfu: 0.00 | epoch: 1 | total time: 66.95m
step 02581 (89.96%) | loss: 2.514406 | lrm: 0.20 | dt: 1692.05ms | tok/sec: 77,463 | mfu: 0.00 | epoch: 1 | total time: 66.98m
step 02582 (90.00%) | loss: 2.514110 | lrm: 0.20 | dt: 1691.28ms | tok/sec: 77,498 | mfu: 0.00 | epoch: 1 | total time: 67.01m
step 02583 (90.03%) | loss: 2.490340 | lrm: 0.20 | dt: 1689.07ms | tok/sec: 77,600 | mfu: 0.00 | epoch: 1 | total time: 67.03m
step 02584 (90.07%) | loss: 2.467122 | lrm: 0.20 | dt: 1689.95ms | tok/sec: 77,559 | mfu: 0.00 | epoch: 1 | total time: 67.06m
step 02585 (90.10%) | loss: 2.463978 | lrm: 0.20 | dt: 1686.09ms | tok/sec: 77,737 | mfu: 0.00 | epoch: 1 | total time: 67.09m
step 02586 (90.13%) | loss: 2.445118 | lrm: 0.20 | dt: 1685.22ms | tok/sec: 77,777 | mfu: 0.00 | epoch: 1 | total time: 67.12m
step 02587 (90.17%) | loss: 2.461148 | lrm: 0.20 | dt: 1694.54ms | tok/sec: 77,349 | mfu: 0.00 | epoch: 1 | total time: 67.15m
step 02588 (90.21%) | loss: 2.468677 | lrm: 0.20 | dt: 1689.13ms | tok/sec: 77,597 | mfu: 0.00 | epoch: 1 | total time: 67.17m
step 02589 (90.25%) | loss: 2.463242 | lrm: 0.19 | dt: 1700.49ms | tok/sec: 77,079 | mfu: 0.00 | epoch: 1 | total time: 67.20m
step 02590 (90.29%) | loss: 2.483569 | lrm: 0.19 | dt: 1642.03ms | tok/sec: 79,823 | mfu: 0.00 | epoch: 1 | total time: 67.23m
step 02591 (90.32%) | loss: 2.489720 | lrm: 0.19 | dt: 1645.50ms | tok/sec: 79,654 | mfu: 0.00 | epoch: 1 | total time: 67.26m
step 02592 (90.35%) | loss: 2.494519 | lrm: 0.19 | dt: 1645.74ms | tok/sec: 79,643 | mfu: 0.00 | epoch: 1 | total time: 67.28m
step 02593 (90.39%) | loss: 2.470119 | lrm: 0.19 | dt: 1627.47ms | tok/sec: 80,537 | mfu: 0.00 | epoch: 1 | total time: 67.31m
step 02594 (90.42%) | loss: 2.451050 | lrm: 0.19 | dt: 1648.46ms | tok/sec: 79,511 | mfu: 0.00 | epoch: 1 | total time: 67.34m
step 02595 (90.46%) | loss: 2.460186 | lrm: 0.19 | dt: 1652.07ms | tok/sec: 79,337 | mfu: 0.00 | epoch: 1 | total time: 67.37m
step 02596 (90.49%) | loss: 2.475376 | lrm: 0.19 | dt: 1650.97ms | tok/sec: 79,390 | mfu: 0.00 | epoch: 1 | total time: 67.39m
step 02597 (90.53%) | loss: 2.466340 | lrm: 0.19 | dt: 1626.12ms | tok/sec: 80,604 | mfu: 0.00 | epoch: 1 | total time: 67.42m
step 02598 (90.57%) | loss: 2.471186 | lrm: 0.19 | dt: 1632.37ms | tok/sec: 80,295 | mfu: 0.00 | epoch: 1 | total time: 67.45m
step 02599 (90.60%) | loss: 2.479312 | lrm: 0.19 | dt: 1649.13ms | tok/sec: 79,479 | mfu: 0.00 | epoch: 1 | total time: 67.48m
step 02600 (90.63%) | loss: 2.469795 | lrm: 0.19 | dt: 1646.97ms | tok/sec: 79,583 | mfu: 0.00 | epoch: 1 | total time: 67.50m
Step 02600 | Validation bpb: 0.7733
step 02601 (90.66%) | loss: 2.478618 | lrm: 0.19 | dt: 1712.22ms | tok/sec: 76,550 | mfu: 0.00 | epoch: 1 | total time: 67.53m
step 02602 (90.70%) | loss: 2.486244 | lrm: 0.19 | dt: 1616.19ms | tok/sec: 81,099 | mfu: 0.00 | epoch: 1 | total time: 67.56m
step 02603 (90.73%) | loss: 2.466373 | lrm: 0.19 | dt: 1603.99ms | tok/sec: 81,716 | mfu: 0.00 | epoch: 1 | total time: 67.59m
step 02604 (90.76%) | loss: 2.457999 | lrm: 0.18 | dt: 1617.57ms | tok/sec: 81,030 | mfu: 0.00 | epoch: 1 | total time: 67.61m
step 02605 (90.80%) | loss: 2.459364 | lrm: 0.18 | dt: 1628.92ms | tok/sec: 80,465 | mfu: 0.00 | epoch: 1 | total time: 67.64m
step 02606 (90.84%) | loss: 2.449882 | lrm: 0.18 | dt: 1638.86ms | tok/sec: 79,977 | mfu: 0.00 | epoch: 1 | total time: 67.67m
step 02607 (90.88%) | loss: 2.439036 | lrm: 0.18 | dt: 1639.10ms | tok/sec: 79,965 | mfu: 0.00 | epoch: 1 | total time: 67.69m
step 02608 (90.92%) | loss: 2.436902 | lrm: 0.18 | dt: 1598.47ms | tok/sec: 81,998 | mfu: 0.00 | epoch: 1 | total time: 67.72m
step 02609 (90.95%) | loss: 2.440670 | lrm: 0.18 | dt: 1643.86ms | tok/sec: 79,734 | mfu: 0.00 | epoch: 1 | total time: 67.75m
step 02610 (90.99%) | loss: 2.435805 | lrm: 0.18 | dt: 1635.38ms | tok/sec: 80,147 | mfu: 0.00 | epoch: 1 | total time: 67.78m
step 02611 (91.03%) | loss: 2.435063 | lrm: 0.18 | dt: 1641.09ms | tok/sec: 79,868 | mfu: 0.00 | epoch: 1 | total time: 67.80m
step 02612 (91.07%) | loss: 2.447101 | lrm: 0.18 | dt: 1652.92ms | tok/sec: 79,297 | mfu: 0.00 | epoch: 1 | total time: 67.83m
step 02613 (91.10%) | loss: 2.449284 | lrm: 0.18 | dt: 1618.66ms | tok/sec: 80,975 | mfu: 0.00 | epoch: 1 | total time: 67.86m
step 02614 (91.14%) | loss: 2.452735 | lrm: 0.18 | dt: 1634.82ms | tok/sec: 80,175 | mfu: 0.00 | epoch: 1 | total time: 67.89m
step 02615 (91.17%) | loss: 2.480221 | lrm: 0.18 | dt: 1635.69ms | tok/sec: 80,132 | mfu: 0.00 | epoch: 1 | total time: 67.91m
step 02616 (91.20%) | loss: 2.482469 | lrm: 0.18 | dt: 1644.15ms | tok/sec: 79,720 | mfu: 0.00 | epoch: 1 | total time: 67.94m
step 02617 (91.23%) | loss: 2.484275 | lrm: 0.18 | dt: 1635.32ms | tok/sec: 80,150 | mfu: 0.00 | epoch: 1 | total time: 67.97m
step 02618 (91.26%) | loss: 2.490386 | lrm: 0.17 | dt: 1627.14ms | tok/sec: 80,553 | mfu: 0.00 | epoch: 1 | total time: 67.99m
step 02619 (91.30%) | loss: 2.487456 | lrm: 0.17 | dt: 1629.10ms | tok/sec: 80,456 | mfu: 0.00 | epoch: 1 | total time: 68.02m
step 02620 (91.33%) | loss: 2.497814 | lrm: 0.17 | dt: 1641.65ms | tok/sec: 79,841 | mfu: 0.00 | epoch: 1 | total time: 68.05m
step 02621 (91.37%) | loss: 2.506534 | lrm: 0.17 | dt: 1630.59ms | tok/sec: 80,383 | mfu: 0.00 | epoch: 1 | total time: 68.08m
step 02622 (91.40%) | loss: 2.489159 | lrm: 0.17 | dt: 1644.07ms | tok/sec: 79,723 | mfu: 0.00 | epoch: 1 | total time: 68.10m
step 02623 (91.44%) | loss: 2.489803 | lrm: 0.17 | dt: 1647.45ms | tok/sec: 79,560 | mfu: 0.00 | epoch: 1 | total time: 68.13m
step 02624 (91.47%) | loss: 2.461810 | lrm: 0.17 | dt: 1630.13ms | tok/sec: 80,405 | mfu: 0.00 | epoch: 1 | total time: 68.16m
step 02625 (91.51%) | loss: 2.469162 | lrm: 0.17 | dt: 1646.46ms | tok/sec: 79,608 | mfu: 0.00 | epoch: 1 | total time: 68.19m
step 02626 (91.54%) | loss: 2.472866 | lrm: 0.17 | dt: 1640.75ms | tok/sec: 79,885 | mfu: 0.00 | epoch: 1 | total time: 68.21m
step 02627 (91.58%) | loss: 2.444373 | lrm: 0.17 | dt: 1643.43ms | tok/sec: 79,755 | mfu: 0.00 | epoch: 1 | total time: 68.24m
step 02628 (91.61%) | loss: 2.447007 | lrm: 0.17 | dt: 1659.97ms | tok/sec: 78,960 | mfu: 0.00 | epoch: 1 | total time: 68.27m
step 02629 (91.65%) | loss: 2.458310 | lrm: 0.17 | dt: 1645.81ms | tok/sec: 79,640 | mfu: 0.00 | epoch: 1 | total time: 68.30m
step 02630 (91.68%) | loss: 2.478661 | lrm: 0.17 | dt: 1630.62ms | tok/sec: 80,381 | mfu: 0.00 | epoch: 1 | total time: 68.32m
step 02631 (91.72%) | loss: 2.475477 | lrm: 0.17 | dt: 1620.71ms | tok/sec: 80,873 | mfu: 0.00 | epoch: 1 | total time: 68.35m
step 02632 (91.76%) | loss: 2.468031 | lrm: 0.16 | dt: 1638.23ms | tok/sec: 80,008 | mfu: 0.00 | epoch: 1 | total time: 68.38m
step 02633 (91.79%) | loss: 2.478606 | lrm: 0.16 | dt: 1630.44ms | tok/sec: 80,390 | mfu: 0.00 | epoch: 1 | total time: 68.40m
step 02634 (91.82%) | loss: 2.458386 | lrm: 0.16 | dt: 1666.54ms | tok/sec: 78,649 | mfu: 0.00 | epoch: 1 | total time: 68.43m
step 02635 (91.86%) | loss: 2.446195 | lrm: 0.16 | dt: 1643.98ms | tok/sec: 79,728 | mfu: 0.00 | epoch: 1 | total time: 68.46m
step 02636 (91.89%) | loss: 2.461175 | lrm: 0.16 | dt: 1646.12ms | tok/sec: 79,624 | mfu: 0.00 | epoch: 1 | total time: 68.49m
step 02637 (91.93%) | loss: 2.499265 | lrm: 0.16 | dt: 1641.79ms | tok/sec: 79,834 | mfu: 0.00 | epoch: 1 | total time: 68.51m
step 02638 (91.97%) | loss: 2.498665 | lrm: 0.16 | dt: 1642.58ms | tok/sec: 79,796 | mfu: 0.00 | epoch: 1 | total time: 68.54m
step 02639 (92.01%) | loss: 2.474696 | lrm: 0.16 | dt: 1638.51ms | tok/sec: 79,994 | mfu: 0.00 | epoch: 1 | total time: 68.57m
step 02640 (92.05%) | loss: 2.475984 | lrm: 0.16 | dt: 1665.57ms | tok/sec: 78,694 | mfu: 0.00 | epoch: 1 | total time: 68.60m
step 02641 (92.08%) | loss: 2.452914 | lrm: 0.16 | dt: 1625.14ms | tok/sec: 80,652 | mfu: 0.00 | epoch: 1 | total time: 68.62m
step 02642 (92.12%) | loss: 2.453794 | lrm: 0.16 | dt: 1667.66ms | tok/sec: 78,596 | mfu: 0.00 | epoch: 1 | total time: 68.65m
step 02643 (92.16%) | loss: 2.453126 | lrm: 0.16 | dt: 1666.52ms | tok/sec: 78,650 | mfu: 0.00 | epoch: 1 | total time: 68.68m
step 02644 (92.19%) | loss: 2.474993 | lrm: 0.16 | dt: 1641.81ms | tok/sec: 79,833 | mfu: 0.00 | epoch: 1 | total time: 68.71m
step 02645 (92.22%) | loss: 2.470287 | lrm: 0.16 | dt: 1637.58ms | tok/sec: 80,040 | mfu: 0.00 | epoch: 1 | total time: 68.73m
step 02646 (92.25%) | loss: 2.466593 | lrm: 0.15 | dt: 1664.48ms | tok/sec: 78,746 | mfu: 0.00 | epoch: 1 | total time: 68.76m
step 02647 (92.29%) | loss: 2.480896 | lrm: 0.15 | dt: 1630.08ms | tok/sec: 80,408 | mfu: 0.00 | epoch: 1 | total time: 68.79m
step 02648 (92.33%) | loss: 2.472671 | lrm: 0.15 | dt: 1825.29ms | tok/sec: 71,808 | mfu: 0.00 | epoch: 1 | total time: 68.82m
step 02649 (92.37%) | loss: 2.494857 | lrm: 0.15 | dt: 1899.19ms | tok/sec: 69,014 | mfu: 0.00 | epoch: 1 | total time: 68.85m
step 02650 (92.40%) | loss: 2.479200 | lrm: 0.15 | dt: 1648.74ms | tok/sec: 79,498 | mfu: 0.00 | epoch: 1 | total time: 68.88m
step 02651 (92.44%) | loss: 2.450960 | lrm: 0.15 | dt: 1638.36ms | tok/sec: 80,001 | mfu: 0.00 | epoch: 1 | total time: 68.91m
step 02652 (92.47%) | loss: 2.451847 | lrm: 0.15 | dt: 1649.46ms | tok/sec: 79,463 | mfu: 0.00 | epoch: 1 | total time: 68.93m
step 02653 (92.50%) | loss: 2.451337 | lrm: 0.15 | dt: 1641.19ms | tok/sec: 79,863 | mfu: 0.00 | epoch: 1 | total time: 68.96m
step 02654 (92.54%) | loss: 2.437799 | lrm: 0.15 | dt: 1645.55ms | tok/sec: 79,652 | mfu: 0.00 | epoch: 1 | total time: 68.99m
step 02655 (92.57%) | loss: 2.432905 | lrm: 0.15 | dt: 1647.82ms | tok/sec: 79,542 | mfu: 0.00 | epoch: 1 | total time: 69.02m
step 02656 (92.60%) | loss: 2.424012 | lrm: 0.15 | dt: 1640.06ms | tok/sec: 79,919 | mfu: 0.00 | epoch: 1 | total time: 69.04m
step 02657 (92.64%) | loss: 2.439289 | lrm: 0.15 | dt: 1646.65ms | tok/sec: 79,599 | mfu: 0.00 | epoch: 1 | total time: 69.07m
step 02658 (92.68%) | loss: 2.444643 | lrm: 0.15 | dt: 1656.06ms | tok/sec: 79,146 | mfu: 0.00 | epoch: 1 | total time: 69.10m
step 02659 (92.72%) | loss: 2.428850 | lrm: 0.15 | dt: 1644.18ms | tok/sec: 79,718 | mfu: 0.00 | epoch: 1 | total time: 69.12m
step 02660 (92.75%) | loss: 2.450542 | lrm: 0.15 | dt: 1656.22ms | tok/sec: 79,139 | mfu: 0.00 | epoch: 1 | total time: 69.15m
step 02661 (92.78%) | loss: 2.451567 | lrm: 0.14 | dt: 1663.14ms | tok/sec: 78,810 | mfu: 0.00 | epoch: 1 | total time: 69.18m
step 02662 (92.81%) | loss: 2.451298 | lrm: 0.14 | dt: 1646.62ms | tok/sec: 79,600 | mfu: 0.00 | epoch: 1 | total time: 69.21m
step 02663 (92.84%) | loss: 2.457547 | lrm: 0.14 | dt: 1661.65ms | tok/sec: 78,880 | mfu: 0.00 | epoch: 1 | total time: 69.24m
step 02664 (92.88%) | loss: 2.432934 | lrm: 0.14 | dt: 1649.74ms | tok/sec: 79,449 | mfu: 0.00 | epoch: 1 | total time: 69.26m
step 02665 (92.91%) | loss: 2.425206 | lrm: 0.14 | dt: 1642.32ms | tok/sec: 79,808 | mfu: 0.00 | epoch: 1 | total time: 69.29m
step 02666 (92.95%) | loss: 2.430805 | lrm: 0.14 | dt: 1638.12ms | tok/sec: 80,013 | mfu: 0.00 | epoch: 1 | total time: 69.32m
step 02667 (92.98%) | loss: 2.407958 | lrm: 0.14 | dt: 1630.14ms | tok/sec: 80,405 | mfu: 0.00 | epoch: 1 | total time: 69.34m
step 02668 (93.02%) | loss: 2.404038 | lrm: 0.14 | dt: 1646.14ms | tok/sec: 79,623 | mfu: 0.00 | epoch: 1 | total time: 69.37m
step 02669 (93.05%) | loss: 2.418218 | lrm: 0.14 | dt: 1640.01ms | tok/sec: 79,921 | mfu: 0.00 | epoch: 1 | total time: 69.40m
step 02670 (93.08%) | loss: 2.410855 | lrm: 0.14 | dt: 1654.43ms | tok/sec: 79,224 | mfu: 0.00 | epoch: 1 | total time: 69.43m
step 02671 (93.11%) | loss: 2.418412 | lrm: 0.14 | dt: 1642.05ms | tok/sec: 79,822 | mfu: 0.00 | epoch: 1 | total time: 69.45m
step 02672 (93.15%) | loss: 2.413259 | lrm: 0.14 | dt: 1635.73ms | tok/sec: 80,130 | mfu: 0.00 | epoch: 1 | total time: 69.48m
step 02673 (93.19%) | loss: 2.415073 | lrm: 0.14 | dt: 1654.67ms | tok/sec: 79,213 | mfu: 0.00 | epoch: 1 | total time: 69.51m
step 02674 (93.23%) | loss: 2.418808 | lrm: 0.14 | dt: 1649.20ms | tok/sec: 79,475 | mfu: 0.00 | epoch: 1 | total time: 69.54m
step 02675 (93.27%) | loss: 2.430042 | lrm: 0.13 | dt: 1659.06ms | tok/sec: 79,003 | mfu: 0.00 | epoch: 1 | total time: 69.56m
step 02676 (93.31%) | loss: 2.420953 | lrm: 0.13 | dt: 1641.76ms | tok/sec: 79,836 | mfu: 0.00 | epoch: 1 | total time: 69.59m
step 02677 (93.35%) | loss: 2.418731 | lrm: 0.13 | dt: 1648.01ms | tok/sec: 79,533 | mfu: 0.00 | epoch: 1 | total time: 69.62m
step 02678 (93.38%) | loss: 2.421148 | lrm: 0.13 | dt: 1661.78ms | tok/sec: 78,874 | mfu: 0.00 | epoch: 1 | total time: 69.65m
step 02679 (93.41%) | loss: 2.448301 | lrm: 0.13 | dt: 1632.49ms | tok/sec: 80,289 | mfu: 0.00 | epoch: 1 | total time: 69.67m
step 02680 (93.45%) | loss: 2.449032 | lrm: 0.13 | dt: 1617.03ms | tok/sec: 81,057 | mfu: 0.00 | epoch: 1 | total time: 69.70m
step 02681 (93.48%) | loss: 2.450805 | lrm: 0.13 | dt: 1652.76ms | tok/sec: 79,304 | mfu: 0.00 | epoch: 1 | total time: 69.73m
step 02682 (93.51%) | loss: 2.455546 | lrm: 0.13 | dt: 1625.66ms | tok/sec: 80,627 | mfu: 0.00 | epoch: 1 | total time: 69.76m
step 02683 (93.54%) | loss: 2.440979 | lrm: 0.13 | dt: 1647.08ms | tok/sec: 79,578 | mfu: 0.00 | epoch: 1 | total time: 69.78m
step 02684 (93.59%) | loss: 2.444109 | lrm: 0.13 | dt: 1639.99ms | tok/sec: 79,922 | mfu: 0.00 | epoch: 1 | total time: 69.81m
step 02685 (93.62%) | loss: 2.412239 | lrm: 0.13 | dt: 1665.89ms | tok/sec: 78,679 | mfu: 0.00 | epoch: 1 | total time: 69.84m
step 02686 (93.66%) | loss: 2.384638 | lrm: 0.13 | dt: 1652.38ms | tok/sec: 79,322 | mfu: 0.00 | epoch: 1 | total time: 69.87m
step 02687 (93.69%) | loss: 2.382700 | lrm: 0.13 | dt: 1640.64ms | tok/sec: 79,890 | mfu: 0.00 | epoch: 1 | total time: 69.89m
2026-09-22 20:02:52,853 - nanochat.checkpoint_manager - [32m[1mINFO[0m - Saved model parameters to: /Users/mayureshkhalane/.cache/nanochat/chatsft_checkpoints/d2_sft/model_002868.pt
2026-09-22 20:02:52,866 - nanochat.checkpoint_manager - [32m[1mINFO[0m - Saved metadata to: /Users/mayureshkhalane/.cache/nanochat/chatsft_checkpoints/d2_sft/meta_002868.json
2026-09-22 20:02:52,988 - nanochat.checkpoint_manager - [32m[1mINFO[0m - Saved optimizer state to: /Users/mayureshkhalane/.cache/nanochat/chatsft_checkpoints/d2_sft/optim_002868_rank0.pt
wandb: updating run metadata
wandb: uploading output.log; uploading wandb-summary.json; uploading config.yaml
wandb: uploading output.log
wandb: uploading history steps 315-315, summary, console lines 2913-2919
wandb: 
wandb: Run history:
wandb:                 step ▁▁▂▂▂▂▂▃▃▃▄▄▄▄▄▄▄▄▄▅▅▅▅▅▅▆▆▆▆▆▇▇▇▇▇▇▇███
wandb: total_training_flops ▁▁▁▁▂▂▂▂▃▃▃▃▄▄▄▄▄▅▅▅▅▅▅▅▅▆▆▆▆▇▇▇▇▇▇█████
wandb:  total_training_time ▁▁▁▁▁▂▂▂▂▂▃▃▃▃▃▄▄▄▅▅▅▅▅▅▅▆▆▆▆▇▇▇▇▇▇▇████
wandb:             train/dt ▁▁▁▁▁▁▁▁▁▁▁▁▁▄▄▃▃▁▁▁▁▁▅▇▇█▇█▁▁▁▁▁▁▁▃▃▃▃▃
wandb:          train/epoch ▁▁▁▁▁▁▁▁▁▁▁▁▁▁▁▁▁▁▁▁▁▁▁▁▁▁▁▁▁▁▁▁▁▁▁▁▁▁▁▁
wandb:           train/loss █▇▄▃▃▃▂▂▂▂▂▂▂▂▂▂▂▂▂▂▂▂▂▂▂▂▂▁▁▁▁▁▁▁▁▁▁▁▁▁
wandb:            train/lrm ████████████████████▇▇▇▆▆▆▅▅▅▅▄▄▄▃▃▂▂▁▁▁
wandb:            train/mfu ▁▁▁▁▁▁▁▁▁▁▁▁▁▁▁▁▁▁▁▁▁▁▁▁▁▁▁▁▁▁▁▁▁▁▁▁▁▁▁▁
wandb:    train/tok_per_sec ██████████████▅▅████▄██▁▂▅▅███▅▅▅▅▅▅▅▄▅▅
wandb:              val/bpb █▂▂▂▁▁▁▁▁▁▁▁▁▁▁▁▁▁▁▁▁▁▁▁▁▁▁▁▁▁
wandb: 
wandb: Run summary:
wandb:                 step 2868
wandb: total_training_flops 12712222321016832
wandb:  total_training_time 4492.98818
wandb:             train/dt 1.64378
wandb:          train/epoch 1
wandb:           train/loss 2.41895
wandb:            train/lrm 0.00499
wandb:            train/mfu 0
wandb:    train/tok_per_sec 79738
wandb:              val/bpb 0.76483
wandb: 
wandb: 🚀 View run task3_d2_sft at: https://wandb.ai/mayureshkhalane1-leiden-university/nanochat-sft/runs/dhepncj8
wandb: ⭐️ View project at: https://wandb.ai/mayureshkhalane1-leiden-university/nanochat-sft
wandb: Synced 5 W&B file(s), 0 media file(s), 0 artifact file(s) and 0 other file(s)
wandb: Find logs at: ./wandb/run-20260922_184433-dhepncj8/logs
step 02688 (93.73%) | loss: 2.387031 | lrm: 0.13 | dt: 1660.04ms | tok/sec: 78,957 | mfu: 0.00 | epoch: 1 | total time: 69.92m
step 02689 (93.76%) | loss: 2.409701 | lrm: 0.12 | dt: 1631.37ms | tok/sec: 80,344 | mfu: 0.00 | epoch: 1 | total time: 69.95m
step 02690 (93.79%) | loss: 2.401254 | lrm: 0.12 | dt: 1661.33ms | tok/sec: 78,896 | mfu: 0.00 | epoch: 1 | total time: 69.98m
step 02691 (93.82%) | loss: 2.398476 | lrm: 0.12 | dt: 1629.08ms | tok/sec: 80,457 | mfu: 0.00 | epoch: 1 | total time: 70.00m
step 02692 (93.85%) | loss: 2.420470 | lrm: 0.12 | dt: 1635.43ms | tok/sec: 80,145 | mfu: 0.00 | epoch: 1 | total time: 70.03m
step 02693 (93.89%) | loss: 2.425950 | lrm: 0.12 | dt: 1670.38ms | tok/sec: 78,468 | mfu: 0.00 | epoch: 1 | total time: 70.06m
step 02694 (93.93%) | loss: 2.435203 | lrm: 0.12 | dt: 1639.51ms | tok/sec: 79,945 | mfu: 0.00 | epoch: 1 | total time: 70.09m
step 02695 (93.96%) | loss: 2.457194 | lrm: 0.12 | dt: 1655.56ms | tok/sec: 79,170 | mfu: 0.00 | epoch: 1 | total time: 70.11m
step 02696 (93.99%) | loss: 2.439759 | lrm: 0.12 | dt: 1652.11ms | tok/sec: 79,335 | mfu: 0.00 | epoch: 1 | total time: 70.14m
step 02697 (94.02%) | loss: 2.440745 | lrm: 0.12 | dt: 1637.53ms | tok/sec: 80,042 | mfu: 0.00 | epoch: 1 | total time: 70.17m
step 02698 (94.06%) | loss: 2.457156 | lrm: 0.12 | dt: 1636.49ms | tok/sec: 80,093 | mfu: 0.00 | epoch: 1 | total time: 70.19m
step 02699 (94.09%) | loss: 2.468336 | lrm: 0.12 | dt: 1651.11ms | tok/sec: 79,384 | mfu: 0.00 | epoch: 1 | total time: 70.22m
step 02700 (94.12%) | loss: 2.484801 | lrm: 0.12 | dt: 1651.95ms | tok/sec: 79,343 | mfu: 0.00 | epoch: 1 | total time: 70.25m
Step 02700 | Validation bpb: 0.7693
step 02701 (94.16%) | loss: 2.476633 | lrm: 0.12 | dt: 1707.31ms | tok/sec: 76,771 | mfu: 0.00 | epoch: 1 | total time: 70.28m
step 02702 (94.20%) | loss: 2.466137 | lrm: 0.12 | dt: 1635.04ms | tok/sec: 80,164 | mfu: 0.00 | epoch: 1 | total time: 70.31m
step 02703 (94.24%) | loss: 2.452036 | lrm: 0.12 | dt: 1633.87ms | tok/sec: 80,221 | mfu: 0.00 | epoch: 1 | total time: 70.33m
step 02704 (94.27%) | loss: 2.453008 | lrm: 0.11 | dt: 1642.11ms | tok/sec: 79,819 | mfu: 0.00 | epoch: 1 | total time: 70.36m
step 02705 (94.31%) | loss: 2.450803 | lrm: 0.11 | dt: 1630.94ms | tok/sec: 80,365 | mfu: 0.00 | epoch: 1 | total time: 70.39m
step 02706 (94.35%) | loss: 2.457346 | lrm: 0.11 | dt: 1644.37ms | tok/sec: 79,709 | mfu: 0.00 | epoch: 1 | total time: 70.41m
step 02707 (94.39%) | loss: 2.450906 | lrm: 0.11 | dt: 1644.23ms | tok/sec: 79,716 | mfu: 0.00 | epoch: 1 | total time: 70.44m
step 02708 (94.42%) | loss: 2.451778 | lrm: 0.11 | dt: 1645.67ms | tok/sec: 79,646 | mfu: 0.00 | epoch: 1 | total time: 70.47m
step 02709 (94.46%) | loss: 2.458860 | lrm: 0.11 | dt: 1622.64ms | tok/sec: 80,776 | mfu: 0.00 | epoch: 1 | total time: 70.50m
step 02710 (94.50%) | loss: 2.457954 | lrm: 0.11 | dt: 1668.44ms | tok/sec: 78,559 | mfu: 0.00 | epoch: 1 | total time: 70.52m
step 02711 (94.53%) | loss: 2.440617 | lrm: 0.11 | dt: 1644.72ms | tok/sec: 79,692 | mfu: 0.00 | epoch: 1 | total time: 70.55m
step 02712 (94.57%) | loss: 2.436864 | lrm: 0.11 | dt: 1634.47ms | tok/sec: 80,192 | mfu: 0.00 | epoch: 1 | total time: 70.58m
step 02713 (94.60%) | loss: 2.430691 | lrm: 0.11 | dt: 1645.81ms | tok/sec: 79,639 | mfu: 0.00 | epoch: 1 | total time: 70.61m
step 02714 (94.64%) | loss: 2.431542 | lrm: 0.11 | dt: 1638.31ms | tok/sec: 80,004 | mfu: 0.00 | epoch: 1 | total time: 70.63m
step 02715 (94.67%) | loss: 2.437873 | lrm: 0.11 | dt: 1646.66ms | tok/sec: 79,598 | mfu: 0.00 | epoch: 1 | total time: 70.66m
step 02716 (94.70%) | loss: 2.449896 | lrm: 0.11 | dt: 1644.44ms | tok/sec: 79,706 | mfu: 0.00 | epoch: 1 | total time: 70.69m
step 02717 (94.74%) | loss: 2.451705 | lrm: 0.11 | dt: 1639.71ms | tok/sec: 79,935 | mfu: 0.00 | epoch: 1 | total time: 70.72m
step 02718 (94.78%) | loss: 2.476108 | lrm: 0.10 | dt: 1639.90ms | tok/sec: 79,926 | mfu: 0.00 | epoch: 1 | total time: 70.74m
step 02719 (94.81%) | loss: 2.495456 | lrm: 0.10 | dt: 1639.90ms | tok/sec: 79,927 | mfu: 0.00 | epoch: 1 | total time: 70.77m
step 02720 (94.85%) | loss: 2.508221 | lrm: 0.10 | dt: 1665.69ms | tok/sec: 78,689 | mfu: 0.00 | epoch: 1 | total time: 70.80m
step 02721 (94.88%) | loss: 2.500020 | lrm: 0.10 | dt: 1642.99ms | tok/sec: 79,776 | mfu: 0.00 | epoch: 1 | total time: 70.83m
step 02722 (94.92%) | loss: 2.509152 | lrm: 0.10 | dt: 1656.16ms | tok/sec: 79,142 | mfu: 0.00 | epoch: 1 | total time: 70.85m
step 02723 (94.96%) | loss: 2.505070 | lrm: 0.10 | dt: 1655.08ms | tok/sec: 79,193 | mfu: 0.00 | epoch: 1 | total time: 70.88m
step 02724 (95.00%) | loss: 2.496218 | lrm: 0.10 | dt: 1635.97ms | tok/sec: 80,118 | mfu: 0.00 | epoch: 1 | total time: 70.91m
step 02725 (95.03%) | loss: 2.480817 | lrm: 0.10 | dt: 1642.73ms | tok/sec: 79,789 | mfu: 0.00 | epoch: 1 | total time: 70.94m
step 02726 (95.06%) | loss: 2.496455 | lrm: 0.10 | dt: 1671.21ms | tok/sec: 78,429 | mfu: 0.00 | epoch: 1 | total time: 70.96m
step 02727 (95.09%) | loss: 2.468529 | lrm: 0.10 | dt: 1670.50ms | tok/sec: 78,462 | mfu: 0.00 | epoch: 1 | total time: 70.99m
step 02728 (95.13%) | loss: 2.465709 | lrm: 0.10 | dt: 1639.09ms | tok/sec: 79,966 | mfu: 0.00 | epoch: 1 | total time: 71.02m
step 02729 (95.16%) | loss: 2.460585 | lrm: 0.10 | dt: 1667.59ms | tok/sec: 78,599 | mfu: 0.00 | epoch: 1 | total time: 71.05m
step 02730 (95.20%) | loss: 2.449185 | lrm: 0.10 | dt: 1657.49ms | tok/sec: 79,078 | mfu: 0.00 | epoch: 1 | total time: 71.07m
step 02731 (95.23%) | loss: 2.438667 | lrm: 0.10 | dt: 1658.76ms | tok/sec: 79,018 | mfu: 0.00 | epoch: 1 | total time: 71.10m
step 02732 (95.26%) | loss: 2.451941 | lrm: 0.09 | dt: 1652.78ms | tok/sec: 79,303 | mfu: 0.00 | epoch: 1 | total time: 71.13m
step 02733 (95.30%) | loss: 2.452115 | lrm: 0.09 | dt: 1646.08ms | tok/sec: 79,626 | mfu: 0.00 | epoch: 1 | total time: 71.16m
step 02734 (95.34%) | loss: 2.451122 | lrm: 0.09 | dt: 1663.86ms | tok/sec: 78,775 | mfu: 0.00 | epoch: 1 | total time: 71.18m
step 02735 (95.38%) | loss: 2.458541 | lrm: 0.09 | dt: 1664.22ms | tok/sec: 78,758 | mfu: 0.00 | epoch: 1 | total time: 71.21m
step 02736 (95.41%) | loss: 2.446631 | lrm: 0.09 | dt: 1666.10ms | tok/sec: 78,670 | mfu: 0.00 | epoch: 1 | total time: 71.24m
step 02737 (95.45%) | loss: 2.459898 | lrm: 0.09 | dt: 1647.28ms | tok/sec: 79,568 | mfu: 0.00 | epoch: 1 | total time: 71.27m
step 02738 (95.48%) | loss: 2.463083 | lrm: 0.09 | dt: 1663.36ms | tok/sec: 78,799 | mfu: 0.00 | epoch: 1 | total time: 71.30m
step 02739 (95.51%) | loss: 2.465053 | lrm: 0.09 | dt: 1643.17ms | tok/sec: 79,767 | mfu: 0.00 | epoch: 1 | total time: 71.32m
step 02740 (95.55%) | loss: 2.478448 | lrm: 0.09 | dt: 1660.21ms | tok/sec: 78,948 | mfu: 0.00 | epoch: 1 | total time: 71.35m
step 02741 (95.60%) | loss: 2.491369 | lrm: 0.09 | dt: 1635.03ms | tok/sec: 80,164 | mfu: 0.00 | epoch: 1 | total time: 71.38m
step 02742 (95.64%) | loss: 2.488569 | lrm: 0.09 | dt: 1649.09ms | tok/sec: 79,481 | mfu: 0.00 | epoch: 1 | total time: 71.40m
step 02743 (95.67%) | loss: 2.488667 | lrm: 0.09 | dt: 1645.06ms | tok/sec: 79,676 | mfu: 0.00 | epoch: 1 | total time: 71.43m
step 02744 (95.70%) | loss: 2.466468 | lrm: 0.09 | dt: 1658.49ms | tok/sec: 79,031 | mfu: 0.00 | epoch: 1 | total time: 71.46m
step 02745 (95.73%) | loss: 2.454765 | lrm: 0.09 | dt: 1641.54ms | tok/sec: 79,846 | mfu: 0.00 | epoch: 1 | total time: 71.49m
step 02746 (95.77%) | loss: 2.456488 | lrm: 0.08 | dt: 1653.76ms | tok/sec: 79,256 | mfu: 0.00 | epoch: 1 | total time: 71.51m
step 02747 (95.81%) | loss: 2.463232 | lrm: 0.08 | dt: 1655.38ms | tok/sec: 79,179 | mfu: 0.00 | epoch: 1 | total time: 71.54m
step 02748 (95.84%) | loss: 2.461160 | lrm: 0.08 | dt: 1656.18ms | tok/sec: 79,141 | mfu: 0.00 | epoch: 1 | total time: 71.57m
step 02749 (95.88%) | loss: 2.467866 | lrm: 0.08 | dt: 1646.21ms | tok/sec: 79,620 | mfu: 0.00 | epoch: 1 | total time: 71.60m
step 02750 (95.93%) | loss: 2.467083 | lrm: 0.08 | dt: 1665.35ms | tok/sec: 78,705 | mfu: 0.00 | epoch: 1 | total time: 71.63m
step 02751 (95.96%) | loss: 2.458371 | lrm: 0.08 | dt: 1657.03ms | tok/sec: 79,100 | mfu: 0.00 | epoch: 1 | total time: 71.65m
step 02752 (96.00%) | loss: 2.468146 | lrm: 0.08 | dt: 1646.31ms | tok/sec: 79,615 | mfu: 0.00 | epoch: 1 | total time: 71.68m
step 02753 (96.04%) | loss: 2.462971 | lrm: 0.08 | dt: 1657.49ms | tok/sec: 79,078 | mfu: 0.00 | epoch: 1 | total time: 71.71m
step 02754 (96.08%) | loss: 2.484877 | lrm: 0.08 | dt: 1642.96ms | tok/sec: 79,777 | mfu: 0.00 | epoch: 1 | total time: 71.74m
step 02755 (96.11%) | loss: 2.474510 | lrm: 0.08 | dt: 1660.49ms | tok/sec: 78,935 | mfu: 0.00 | epoch: 1 | total time: 71.76m
step 02756 (96.14%) | loss: 2.458666 | lrm: 0.08 | dt: 1661.50ms | tok/sec: 78,887 | mfu: 0.00 | epoch: 1 | total time: 71.79m
step 02757 (96.18%) | loss: 2.440770 | lrm: 0.08 | dt: 1679.83ms | tok/sec: 78,027 | mfu: 0.00 | epoch: 1 | total time: 71.82m
step 02758 (96.21%) | loss: 2.461204 | lrm: 0.08 | dt: 1658.74ms | tok/sec: 79,018 | mfu: 0.00 | epoch: 1 | total time: 71.85m
step 02759 (96.24%) | loss: 2.450945 | lrm: 0.08 | dt: 1656.35ms | tok/sec: 79,133 | mfu: 0.00 | epoch: 1 | total time: 71.87m
step 02760 (96.28%) | loss: 2.463015 | lrm: 0.07 | dt: 1752.03ms | tok/sec: 74,811 | mfu: 0.00 | epoch: 1 | total time: 71.90m
step 02761 (96.31%) | loss: 2.470019 | lrm: 0.07 | dt: 1856.97ms | tok/sec: 70,583 | mfu: 0.00 | epoch: 1 | total time: 71.93m
step 02762 (96.35%) | loss: 2.466339 | lrm: 0.07 | dt: 1651.63ms | tok/sec: 79,359 | mfu: 0.00 | epoch: 1 | total time: 71.96m
step 02763 (96.38%) | loss: 2.493333 | lrm: 0.07 | dt: 1655.43ms | tok/sec: 79,176 | mfu: 0.00 | epoch: 1 | total time: 71.99m
step 02764 (96.42%) | loss: 2.506276 | lrm: 0.07 | dt: 1654.26ms | tok/sec: 79,233 | mfu: 0.00 | epoch: 1 | total time: 72.02m
step 02765 (96.46%) | loss: 2.490517 | lrm: 0.07 | dt: 1659.14ms | tok/sec: 79,000 | mfu: 0.00 | epoch: 1 | total time: 72.04m
step 02766 (96.49%) | loss: 2.485211 | lrm: 0.07 | dt: 1660.13ms | tok/sec: 78,952 | mfu: 0.00 | epoch: 1 | total time: 72.07m
step 02767 (96.53%) | loss: 2.492555 | lrm: 0.07 | dt: 1655.06ms | tok/sec: 79,194 | mfu: 0.00 | epoch: 1 | total time: 72.10m
step 02768 (96.56%) | loss: 2.470847 | lrm: 0.07 | dt: 1656.11ms | tok/sec: 79,144 | mfu: 0.00 | epoch: 1 | total time: 72.13m
step 02769 (96.59%) | loss: 2.457610 | lrm: 0.07 | dt: 1654.49ms | tok/sec: 79,221 | mfu: 0.00 | epoch: 1 | total time: 72.15m
step 02770 (96.63%) | loss: 2.478682 | lrm: 0.07 | dt: 1666.86ms | tok/sec: 78,634 | mfu: 0.00 | epoch: 1 | total time: 72.18m
step 02771 (96.67%) | loss: 2.462141 | lrm: 0.07 | dt: 1660.50ms | tok/sec: 78,935 | mfu: 0.00 | epoch: 1 | total time: 72.21m
step 02772 (96.70%) | loss: 2.458820 | lrm: 0.07 | dt: 1803.43ms | tok/sec: 72,679 | mfu: 0.00 | epoch: 1 | total time: 72.24m
step 02773 (96.74%) | loss: 2.461556 | lrm: 0.07 | dt: 1653.73ms | tok/sec: 79,258 | mfu: 0.00 | epoch: 1 | total time: 72.27m
step 02774 (96.77%) | loss: 2.466540 | lrm: 0.06 | dt: 1638.22ms | tok/sec: 80,008 | mfu: 0.00 | epoch: 1 | total time: 72.30m
step 02775 (96.80%) | loss: 2.465397 | lrm: 0.06 | dt: 1634.05ms | tok/sec: 80,213 | mfu: 0.00 | epoch: 1 | total time: 72.32m
step 02776 (96.84%) | loss: 2.491582 | lrm: 0.06 | dt: 1685.17ms | tok/sec: 77,779 | mfu: 0.00 | epoch: 1 | total time: 72.35m
step 02777 (96.87%) | loss: 2.497098 | lrm: 0.06 | dt: 1673.20ms | tok/sec: 78,336 | mfu: 0.00 | epoch: 1 | total time: 72.38m
step 02778 (96.90%) | loss: 2.484604 | lrm: 0.06 | dt: 1640.07ms | tok/sec: 79,918 | mfu: 0.00 | epoch: 1 | total time: 72.41m
step 02779 (96.94%) | loss: 2.475006 | lrm: 0.06 | dt: 1623.22ms | tok/sec: 80,748 | mfu: 0.00 | epoch: 1 | total time: 72.43m
step 02780 (96.97%) | loss: 2.480856 | lrm: 0.06 | dt: 1645.32ms | tok/sec: 79,663 | mfu: 0.00 | epoch: 1 | total time: 72.46m
step 02781 (97.00%) | loss: 2.495904 | lrm: 0.06 | dt: 1655.13ms | tok/sec: 79,191 | mfu: 0.00 | epoch: 1 | total time: 72.49m
step 02782 (97.03%) | loss: 2.495855 | lrm: 0.06 | dt: 1660.65ms | tok/sec: 78,928 | mfu: 0.00 | epoch: 1 | total time: 72.52m
step 02783 (97.07%) | loss: 2.482244 | lrm: 0.06 | dt: 1660.14ms | tok/sec: 78,952 | mfu: 0.00 | epoch: 1 | total time: 72.54m
step 02784 (97.10%) | loss: 2.465720 | lrm: 0.06 | dt: 1658.23ms | tok/sec: 79,043 | mfu: 0.00 | epoch: 1 | total time: 72.57m
step 02785 (97.14%) | loss: 2.465307 | lrm: 0.06 | dt: 1667.13ms | tok/sec: 78,621 | mfu: 0.00 | epoch: 1 | total time: 72.60m
step 02786 (97.17%) | loss: 2.488240 | lrm: 0.06 | dt: 1649.26ms | tok/sec: 79,473 | mfu: 0.00 | epoch: 1 | total time: 72.63m
step 02787 (97.20%) | loss: 2.480535 | lrm: 0.06 | dt: 1648.86ms | tok/sec: 79,492 | mfu: 0.00 | epoch: 1 | total time: 72.65m
step 02788 (97.24%) | loss: 2.489132 | lrm: 0.06 | dt: 1634.58ms | tok/sec: 80,186 | mfu: 0.00 | epoch: 1 | total time: 72.68m
step 02789 (97.27%) | loss: 2.517078 | lrm: 0.05 | dt: 1627.92ms | tok/sec: 80,515 | mfu: 0.00 | epoch: 1 | total time: 72.71m
step 02790 (97.31%) | loss: 2.488134 | lrm: 0.05 | dt: 1626.24ms | tok/sec: 80,598 | mfu: 0.00 | epoch: 1 | total time: 72.74m
step 02791 (97.35%) | loss: 2.497361 | lrm: 0.05 | dt: 1670.84ms | tok/sec: 78,446 | mfu: 0.00 | epoch: 1 | total time: 72.76m
step 02792 (97.39%) | loss: 2.482913 | lrm: 0.05 | dt: 1648.84ms | tok/sec: 79,493 | mfu: 0.00 | epoch: 1 | total time: 72.79m
step 02793 (97.42%) | loss: 2.472929 | lrm: 0.05 | dt: 1626.03ms | tok/sec: 80,608 | mfu: 0.00 | epoch: 1 | total time: 72.82m
step 02794 (97.46%) | loss: 2.470182 | lrm: 0.05 | dt: 1648.27ms | tok/sec: 79,521 | mfu: 0.00 | epoch: 1 | total time: 72.85m
step 02795 (97.50%) | loss: 2.461747 | lrm: 0.05 | dt: 1637.71ms | tok/sec: 80,033 | mfu: 0.00 | epoch: 1 | total time: 72.87m
step 02796 (97.53%) | loss: 2.467411 | lrm: 0.05 | dt: 1652.22ms | tok/sec: 79,330 | mfu: 0.00 | epoch: 1 | total time: 72.90m
step 02797 (97.56%) | loss: 2.471003 | lrm: 0.05 | dt: 1652.80ms | tok/sec: 79,302 | mfu: 0.00 | epoch: 1 | total time: 72.93m
step 02798 (97.60%) | loss: 2.447762 | lrm: 0.05 | dt: 1645.44ms | tok/sec: 79,657 | mfu: 0.00 | epoch: 1 | total time: 72.95m
step 02799 (97.63%) | loss: 2.448079 | lrm: 0.05 | dt: 1663.36ms | tok/sec: 78,799 | mfu: 0.00 | epoch: 1 | total time: 72.98m
step 02800 (97.66%) | loss: 2.431035 | lrm: 0.05 | dt: 1649.60ms | tok/sec: 79,456 | mfu: 0.00 | epoch: 1 | total time: 73.01m
Step 02800 | Validation bpb: 0.7660
step 02801 (97.70%) | loss: 2.397749 | lrm: 0.05 | dt: 1751.23ms | tok/sec: 74,845 | mfu: 0.00 | epoch: 1 | total time: 73.04m
step 02802 (97.73%) | loss: 2.401073 | lrm: 0.05 | dt: 1696.00ms | tok/sec: 77,283 | mfu: 0.00 | epoch: 1 | total time: 73.07m
step 02803 (97.77%) | loss: 2.398025 | lrm: 0.04 | dt: 1691.50ms | tok/sec: 77,488 | mfu: 0.00 | epoch: 1 | total time: 73.10m
step 02804 (97.81%) | loss: 2.406131 | lrm: 0.04 | dt: 1688.69ms | tok/sec: 77,617 | mfu: 0.00 | epoch: 1 | total time: 73.12m
step 02805 (97.85%) | loss: 2.411610 | lrm: 0.04 | dt: 1683.54ms | tok/sec: 77,854 | mfu: 0.00 | epoch: 1 | total time: 73.15m
step 02806 (97.89%) | loss: 2.423770 | lrm: 0.04 | dt: 1693.63ms | tok/sec: 77,391 | mfu: 0.00 | epoch: 1 | total time: 73.18m
step 02807 (97.92%) | loss: 2.422414 | lrm: 0.04 | dt: 1687.27ms | tok/sec: 77,682 | mfu: 0.00 | epoch: 1 | total time: 73.21m
step 02808 (97.95%) | loss: 2.412724 | lrm: 0.04 | dt: 1698.34ms | tok/sec: 77,176 | mfu: 0.00 | epoch: 1 | total time: 73.24m
step 02809 (97.98%) | loss: 2.450019 | lrm: 0.04 | dt: 1688.89ms | tok/sec: 77,608 | mfu: 0.00 | epoch: 1 | total time: 73.26m
step 02810 (98.02%) | loss: 2.470892 | lrm: 0.04 | dt: 1694.44ms | tok/sec: 77,354 | mfu: 0.00 | epoch: 1 | total time: 73.29m
step 02811 (98.05%) | loss: 2.463555 | lrm: 0.04 | dt: 1690.70ms | tok/sec: 77,525 | mfu: 0.00 | epoch: 1 | total time: 73.32m
step 02812 (98.09%) | loss: 2.442702 | lrm: 0.04 | dt: 1689.24ms | tok/sec: 77,592 | mfu: 0.00 | epoch: 1 | total time: 73.35m
step 02813 (98.12%) | loss: 2.451216 | lrm: 0.04 | dt: 1697.40ms | tok/sec: 77,219 | mfu: 0.00 | epoch: 1 | total time: 73.38m
step 02814 (98.16%) | loss: 2.431631 | lrm: 0.04 | dt: 1689.53ms | tok/sec: 77,578 | mfu: 0.00 | epoch: 1 | total time: 73.41m
step 02815 (98.19%) | loss: 2.447901 | lrm: 0.04 | dt: 1695.84ms | tok/sec: 77,290 | mfu: 0.00 | epoch: 1 | total time: 73.43m
step 02816 (98.23%) | loss: 2.450457 | lrm: 0.04 | dt: 1691.20ms | tok/sec: 77,502 | mfu: 0.00 | epoch: 1 | total time: 73.46m
step 02817 (98.26%) | loss: 2.435428 | lrm: 0.03 | dt: 1686.58ms | tok/sec: 77,714 | mfu: 0.00 | epoch: 1 | total time: 73.49m
step 02818 (98.29%) | loss: 2.411421 | lrm: 0.03 | dt: 1646.88ms | tok/sec: 79,587 | mfu: 0.00 | epoch: 1 | total time: 73.52m
step 02819 (98.33%) | loss: 2.412304 | lrm: 0.03 | dt: 1631.11ms | tok/sec: 80,357 | mfu: 0.00 | epoch: 1 | total time: 73.54m
step 02820 (98.37%) | loss: 2.402169 | lrm: 0.03 | dt: 1627.66ms | tok/sec: 80,528 | mfu: 0.00 | epoch: 1 | total time: 73.57m
step 02821 (98.40%) | loss: 2.392331 | lrm: 0.03 | dt: 1647.23ms | tok/sec: 79,570 | mfu: 0.00 | epoch: 1 | total time: 73.60m
step 02822 (98.43%) | loss: 2.386883 | lrm: 0.03 | dt: 1644.96ms | tok/sec: 79,680 | mfu: 0.00 | epoch: 1 | total time: 73.63m
step 02823 (98.47%) | loss: 2.377911 | lrm: 0.03 | dt: 1642.41ms | tok/sec: 79,804 | mfu: 0.00 | epoch: 1 | total time: 73.65m
step 02824 (98.50%) | loss: 2.399376 | lrm: 0.03 | dt: 1631.62ms | tok/sec: 80,332 | mfu: 0.00 | epoch: 1 | total time: 73.68m
step 02825 (98.53%) | loss: 2.398390 | lrm: 0.03 | dt: 1646.83ms | tok/sec: 79,590 | mfu: 0.00 | epoch: 1 | total time: 73.71m
step 02826 (98.56%) | loss: 2.403307 | lrm: 0.03 | dt: 1626.26ms | tok/sec: 80,597 | mfu: 0.00 | epoch: 1 | total time: 73.74m
step 02827 (98.59%) | loss: 2.415637 | lrm: 0.03 | dt: 1627.06ms | tok/sec: 80,557 | mfu: 0.00 | epoch: 1 | total time: 73.76m
step 02828 (98.62%) | loss: 2.430515 | lrm: 0.03 | dt: 1629.70ms | tok/sec: 80,427 | mfu: 0.00 | epoch: 1 | total time: 73.79m
step 02829 (98.66%) | loss: 2.394265 | lrm: 0.03 | dt: 1651.76ms | tok/sec: 79,352 | mfu: 0.00 | epoch: 1 | total time: 73.82m
step 02830 (98.70%) | loss: 2.388235 | lrm: 0.03 | dt: 1648.11ms | tok/sec: 79,528 | mfu: 0.00 | epoch: 1 | total time: 73.85m
step 02831 (98.73%) | loss: 2.380503 | lrm: 0.03 | dt: 1650.86ms | tok/sec: 79,395 | mfu: 0.00 | epoch: 1 | total time: 73.87m
step 02832 (98.77%) | loss: 2.370073 | lrm: 0.02 | dt: 1643.45ms | tok/sec: 79,754 | mfu: 0.00 | epoch: 1 | total time: 73.90m
step 02833 (98.81%) | loss: 2.388408 | lrm: 0.02 | dt: 1628.35ms | tok/sec: 80,493 | mfu: 0.00 | epoch: 1 | total time: 73.93m
step 02834 (98.84%) | loss: 2.378552 | lrm: 0.02 | dt: 1637.59ms | tok/sec: 80,039 | mfu: 0.00 | epoch: 1 | total time: 73.95m
step 02835 (98.88%) | loss: 2.398888 | lrm: 0.02 | dt: 1634.89ms | tok/sec: 80,171 | mfu: 0.00 | epoch: 1 | total time: 73.98m
step 02836 (98.91%) | loss: 2.407490 | lrm: 0.02 | dt: 1636.05ms | tok/sec: 80,114 | mfu: 0.00 | epoch: 1 | total time: 74.01m
step 02837 (98.95%) | loss: 2.421532 | lrm: 0.02 | dt: 1647.55ms | tok/sec: 79,555 | mfu: 0.00 | epoch: 1 | total time: 74.04m
step 02838 (98.98%) | loss: 2.422614 | lrm: 0.02 | dt: 1628.11ms | tok/sec: 80,505 | mfu: 0.00 | epoch: 1 | total time: 74.06m
step 02839 (99.03%) | loss: 2.420162 | lrm: 0.02 | dt: 1624.50ms | tok/sec: 80,684 | mfu: 0.00 | epoch: 1 | total time: 74.09m
step 02840 (99.07%) | loss: 2.425011 | lrm: 0.02 | dt: 1633.05ms | tok/sec: 80,261 | mfu: 0.00 | epoch: 1 | total time: 74.12m
step 02841 (99.10%) | loss: 2.416883 | lrm: 0.02 | dt: 1655.15ms | tok/sec: 79,190 | mfu: 0.00 | epoch: 1 | total time: 74.15m
step 02842 (99.13%) | loss: 2.418108 | lrm: 0.02 | dt: 1613.35ms | tok/sec: 81,242 | mfu: 0.00 | epoch: 1 | total time: 74.17m
step 02843 (99.17%) | loss: 2.421726 | lrm: 0.02 | dt: 1658.68ms | tok/sec: 79,021 | mfu: 0.00 | epoch: 1 | total time: 74.20m
step 02844 (99.20%) | loss: 2.415512 | lrm: 0.02 | dt: 1622.99ms | tok/sec: 80,759 | mfu: 0.00 | epoch: 1 | total time: 74.23m
step 02845 (99.24%) | loss: 2.412781 | lrm: 0.02 | dt: 1659.23ms | tok/sec: 78,995 | mfu: 0.00 | epoch: 1 | total time: 74.25m
step 02846 (99.27%) | loss: 2.409115 | lrm: 0.01 | dt: 1636.12ms | tok/sec: 80,111 | mfu: 0.00 | epoch: 1 | total time: 74.28m
step 02847 (99.31%) | loss: 2.382549 | lrm: 0.01 | dt: 1625.39ms | tok/sec: 80,640 | mfu: 0.00 | epoch: 1 | total time: 74.31m
step 02848 (99.35%) | loss: 2.398147 | lrm: 0.01 | dt: 1655.55ms | tok/sec: 79,171 | mfu: 0.00 | epoch: 1 | total time: 74.34m
step 02849 (99.38%) | loss: 2.408567 | lrm: 0.01 | dt: 1639.37ms | tok/sec: 79,952 | mfu: 0.00 | epoch: 1 | total time: 74.36m
step 02850 (99.41%) | loss: 2.387262 | lrm: 0.01 | dt: 1642.27ms | tok/sec: 79,811 | mfu: 0.00 | epoch: 1 | total time: 74.39m
step 02851 (99.45%) | loss: 2.395438 | lrm: 0.01 | dt: 1623.58ms | tok/sec: 80,730 | mfu: 0.00 | epoch: 1 | total time: 74.42m
step 02852 (99.49%) | loss: 2.396052 | lrm: 0.01 | dt: 1628.40ms | tok/sec: 80,491 | mfu: 0.00 | epoch: 1 | total time: 74.45m
step 02853 (99.52%) | loss: 2.397859 | lrm: 0.01 | dt: 1645.85ms | tok/sec: 79,637 | mfu: 0.00 | epoch: 1 | total time: 74.47m
step 02854 (99.55%) | loss: 2.404811 | lrm: 0.01 | dt: 1664.86ms | tok/sec: 78,728 | mfu: 0.00 | epoch: 1 | total time: 74.50m
step 02855 (99.58%) | loss: 2.416828 | lrm: 0.01 | dt: 1637.49ms | tok/sec: 80,044 | mfu: 0.00 | epoch: 1 | total time: 74.53m
step 02856 (99.61%) | loss: 2.426294 | lrm: 0.01 | dt: 1633.01ms | tok/sec: 80,264 | mfu: 0.00 | epoch: 1 | total time: 74.56m
step 02857 (99.65%) | loss: 2.415040 | lrm: 0.01 | dt: 1648.88ms | tok/sec: 79,491 | mfu: 0.00 | epoch: 1 | total time: 74.58m
step 02858 (99.69%) | loss: 2.424743 | lrm: 0.01 | dt: 1627.30ms | tok/sec: 80,545 | mfu: 0.00 | epoch: 1 | total time: 74.61m
step 02859 (99.71%) | loss: 2.451870 | lrm: 0.01 | dt: 1637.24ms | tok/sec: 80,056 | mfu: 0.00 | epoch: 1 | total time: 74.64m
step 02860 (99.75%) | loss: 2.418946 | lrm: 0.00 | dt: 1643.78ms | tok/sec: 79,738 | mfu: 0.00 | epoch: 1 | total time: 74.66m
step 02861 (99.79%) | loss: 2.422413 | lrm: 0.00 | dt: 1643.23ms | tok/sec: 79,764 | mfu: 0.00 | epoch: 1 | total time: 74.69m
step 02862 (99.82%) | loss: 2.408968 | lrm: 0.00 | dt: 1639.77ms | tok/sec: 79,933 | mfu: 0.00 | epoch: 1 | total time: 74.72m
step 02863 (99.86%) | loss: 2.418031 | lrm: 0.00 | dt: 1634.30ms | tok/sec: 80,200 | mfu: 0.00 | epoch: 1 | total time: 74.75m
step 02864 (99.90%) | loss: 2.427554 | lrm: 0.00 | dt: 1631.33ms | tok/sec: 80,346 | mfu: 0.00 | epoch: 1 | total time: 74.77m
step 02865 (99.93%) | loss: 2.430654 | lrm: 0.00 | dt: 1633.96ms | tok/sec: 80,217 | mfu: 0.00 | epoch: 1 | total time: 74.80m
step 02866 (99.96%) | loss: 2.431063 | lrm: 0.00 | dt: 1644.39ms | tok/sec: 79,708 | mfu: 0.00 | epoch: 1 | total time: 74.83m
step 02867 (99.99%) | loss: 2.445794 | lrm: 0.00 | dt: 1629.87ms | tok/sec: 80,418 | mfu: 0.00 | epoch: 2 | total time: 74.86m
step 02868 (100.03%) | loss: 2.425421 | lrm: -0.00 | dt: 1648.80ms | tok/sec: 79,495 | mfu: 0.00 | epoch: 2 | total time: 74.88m
Step 02868 | Validation bpb: 0.7648
Peak memory usage: 0.00MiB
Total training time: 74.88m
Minimum validation bpb: 0.7648
