2026-09-22 17:53:15,658 - nanochat.common - [32m[1mINFO[0m - Distributed world size: 1
wandb: [wandb.login()] Loaded credentials for https://api.wandb.ai from /Users/mayureshkhalane/.netrc.
wandb: Currently logged in as: mayureshkhalane1 (mayureshkhalane1-leiden-university) to https://api.wandb.ai. Use `wandb login --relogin` to force relogin
wandb: setting up run zzdr6weq
wandb: Tracking run with wandb version 0.30.0
wandb: Run data is saved locally in /Users/mayureshkhalane/transformers_assignment/nanochat/wandb/run-20260922_175316-zzdr6weq
wandb: Run `wandb offline` to turn off syncing.
wandb: Syncing run task3_d2_mid
wandb: ⭐️ View project at https://wandb.ai/mayureshkhalane1-leiden-university/nanochat-sft
wandb: 🚀 View run at https://wandb.ai/mayureshkhalane1-leiden-university/nanochat-sft/runs/zzdr6weq
2026-09-22 17:53:17,725 - nanochat.checkpoint_manager - [32m[1mINFO[0m - Loading model from /Users/mayureshkhalane/.cache/nanochat/base_checkpoints/d2 with step 420
2026-09-22 17:53:17,797 - nanochat.checkpoint_manager - [32m[1mINFO[0m - Building model with config: {'sequence_len': 2048, 'vocab_size': 32768, 'n_layer': 2, 'n_head': 1, 'n_kv_head': 1, 'n_embd': 128, 'window_pattern': 'L'}
2026-09-22 17:53:18,516 - nanochat.checkpoint_manager - [32m[1mINFO[0m - Loading optimizer state from /Users/mayureshkhalane/.cache/nanochat/base_checkpoints/d2/optim_000420_rank0.pt
W0922 17:53:20.167000 70012 .venv/lib/python3.10/site-packages/torch/_inductor/utils.py:1613] [0/0] Not enough SMs to use max_autotune_gemm mode
Autodetected device type: mps
COMPUTE_DTYPE: torch.float32 (auto-detected: no CUDA (CPU/MPS))
WARNING: Flash Attention 3 not available, using PyTorch SDPA fallback. Training will be less efficient.
Inherited max_seq_len=2048 from pretrained checkpoint
Inherited device_batch_size=16 from pretrained checkpoint
Inherited total_batch_size=131072 from pretrained checkpoint
Inherited embedding_lr=0.3 from pretrained checkpoint
Inherited unembedding_lr=0.008 from pretrained checkpoint
Inherited matrix_lr=0.02 from pretrained checkpoint
Tokens / micro-batch / rank: 16 x 2048 = 32,768
Tokens / micro-batch: 32,768
Total batch size 131,072 => gradient accumulation steps: 4
Scaling the LR for the AdamW parameters ∝1/√(128/768) = 2.449490
Loaded optimizer state from pretrained checkpoint (momentum buffers only, LRs reset)
Training mixture (mid): 329,418 rows
Step 00000 | Validation bpb: 1.2575
step 00001 (0.12%) | loss: 5.153882 | lrm: 1.00 | dt: 13598.00ms | tok/sec: 9,639 | mfu: 0.00 | epoch: 1 | total time: 0.00m
step 00002 (0.23%) | loss: 6.926175 | lrm: 1.00 | dt: 3014.39ms | tok/sec: 43,482 | mfu: 0.00 | epoch: 1 | total time: 0.00m
step 00003 (0.33%) | loss: 6.502447 | lrm: 1.00 | dt: 4254.44ms | tok/sec: 30,808 | mfu: 0.00 | epoch: 1 | total time: 0.00m
step 00004 (0.43%) | loss: 6.048397 | lrm: 1.00 | dt: 5936.09ms | tok/sec: 22,080 | mfu: 0.00 | epoch: 1 | total time: 0.00m
step 00005 (0.54%) | loss: 5.633141 | lrm: 1.00 | dt: 3860.00ms | tok/sec: 33,956 | mfu: 0.00 | epoch: 1 | total time: 0.00m
step 00006 (0.65%) | loss: 5.320787 | lrm: 1.00 | dt: 3799.01ms | tok/sec: 34,501 | mfu: 0.00 | epoch: 1 | total time: 0.00m
step 00007 (0.75%) | loss: 5.036441 | lrm: 1.00 | dt: 4218.52ms | tok/sec: 31,070 | mfu: 0.00 | epoch: 1 | total time: 0.00m
step 00008 (0.86%) | loss: 4.802008 | lrm: 1.00 | dt: 4007.78ms | tok/sec: 32,704 | mfu: 0.00 | epoch: 1 | total time: 0.00m
step 00009 (0.97%) | loss: 4.563616 | lrm: 1.00 | dt: 3807.21ms | tok/sec: 34,427 | mfu: 0.00 | epoch: 1 | total time: 0.00m
step 00010 (1.08%) | loss: 4.381472 | lrm: 1.00 | dt: 3842.43ms | tok/sec: 34,111 | mfu: 0.00 | epoch: 1 | total time: 0.00m
step 00011 (1.19%) | loss: 4.171042 | lrm: 1.00 | dt: 4016.93ms | tok/sec: 32,629 | mfu: 0.00 | epoch: 1 | total time: 0.07m
step 00012 (1.30%) | loss: 4.020726 | lrm: 1.00 | dt: 3263.19ms | tok/sec: 40,166 | mfu: 0.00 | epoch: 1 | total time: 0.12m
step 00013 (1.41%) | loss: 3.911568 | lrm: 1.00 | dt: 3248.10ms | tok/sec: 40,353 | mfu: 0.00 | epoch: 1 | total time: 0.18m
step 00014 (1.52%) | loss: 3.780519 | lrm: 1.00 | dt: 3192.04ms | tok/sec: 41,062 | mfu: 0.00 | epoch: 1 | total time: 0.23m
step 00015 (1.63%) | loss: 3.671880 | lrm: 1.00 | dt: 3187.13ms | tok/sec: 41,125 | mfu: 0.00 | epoch: 1 | total time: 0.28m
step 00016 (1.74%) | loss: 3.547898 | lrm: 1.00 | dt: 3317.26ms | tok/sec: 39,512 | mfu: 0.00 | epoch: 1 | total time: 0.34m
step 00017 (1.85%) | loss: 3.485552 | lrm: 1.00 | dt: 3191.76ms | tok/sec: 41,065 | mfu: 0.00 | epoch: 1 | total time: 0.39m
step 00018 (1.96%) | loss: 3.354586 | lrm: 1.00 | dt: 3221.55ms | tok/sec: 40,685 | mfu: 0.00 | epoch: 1 | total time: 0.44m
step 00019 (2.07%) | loss: 3.266070 | lrm: 1.00 | dt: 3184.94ms | tok/sec: 41,153 | mfu: 0.00 | epoch: 1 | total time: 0.50m
step 00020 (2.18%) | loss: 3.191246 | lrm: 1.00 | dt: 3187.14ms | tok/sec: 41,125 | mfu: 0.00 | epoch: 1 | total time: 0.55m
step 00021 (2.30%) | loss: 3.140872 | lrm: 1.00 | dt: 3194.80ms | tok/sec: 41,026 | mfu: 0.00 | epoch: 1 | total time: 0.60m
step 00022 (2.41%) | loss: 3.097202 | lrm: 1.00 | dt: 3245.06ms | tok/sec: 40,391 | mfu: 0.00 | epoch: 1 | total time: 0.66m
step 00023 (2.51%) | loss: 2.986525 | lrm: 1.00 | dt: 3214.53ms | tok/sec: 40,774 | mfu: 0.00 | epoch: 1 | total time: 0.71m
step 00024 (2.62%) | loss: 2.975947 | lrm: 1.00 | dt: 3219.14ms | tok/sec: 40,716 | mfu: 0.00 | epoch: 1 | total time: 0.76m
step 00025 (2.73%) | loss: 2.922591 | lrm: 1.00 | dt: 3278.23ms | tok/sec: 39,982 | mfu: 0.00 | epoch: 1 | total time: 0.82m
step 00026 (2.83%) | loss: 2.863975 | lrm: 1.00 | dt: 3233.88ms | tok/sec: 40,530 | mfu: 0.00 | epoch: 1 | total time: 0.87m
step 00027 (2.94%) | loss: 2.735624 | lrm: 1.00 | dt: 3253.17ms | tok/sec: 40,290 | mfu: 0.00 | epoch: 1 | total time: 0.93m
step 00028 (3.04%) | loss: 2.670692 | lrm: 1.00 | dt: 3212.48ms | tok/sec: 40,800 | mfu: 0.00 | epoch: 1 | total time: 0.98m
step 00029 (3.15%) | loss: 2.617850 | lrm: 1.00 | dt: 3207.31ms | tok/sec: 40,866 | mfu: 0.00 | epoch: 1 | total time: 1.03m
step 00030 (3.26%) | loss: 2.549948 | lrm: 1.00 | dt: 3324.64ms | tok/sec: 39,424 | mfu: 0.00 | epoch: 1 | total time: 1.09m
step 00031 (3.36%) | loss: 2.489858 | lrm: 1.00 | dt: 3234.24ms | tok/sec: 40,526 | mfu: 0.00 | epoch: 1 | total time: 1.14m
step 00032 (3.47%) | loss: 2.459989 | lrm: 1.00 | dt: 3223.12ms | tok/sec: 40,666 | mfu: 0.00 | epoch: 1 | total time: 1.20m
step 00033 (3.58%) | loss: 2.411295 | lrm: 1.00 | dt: 3249.43ms | tok/sec: 40,336 | mfu: 0.00 | epoch: 1 | total time: 1.25m
step 00034 (3.69%) | loss: 2.407947 | lrm: 1.00 | dt: 3301.02ms | tok/sec: 39,706 | mfu: 0.00 | epoch: 1 | total time: 1.31m
step 00035 (3.79%) | loss: 2.424975 | lrm: 1.00 | dt: 3210.60ms | tok/sec: 40,824 | mfu: 0.00 | epoch: 1 | total time: 1.36m
step 00036 (3.90%) | loss: 2.409996 | lrm: 1.00 | dt: 3240.77ms | tok/sec: 40,444 | mfu: 0.00 | epoch: 1 | total time: 1.41m
step 00037 (4.01%) | loss: 2.408842 | lrm: 1.00 | dt: 3224.47ms | tok/sec: 40,649 | mfu: 0.00 | epoch: 1 | total time: 1.47m
step 00038 (4.12%) | loss: 2.361181 | lrm: 1.00 | dt: 3262.22ms | tok/sec: 40,178 | mfu: 0.00 | epoch: 1 | total time: 1.52m
step 00039 (4.23%) | loss: 2.377726 | lrm: 1.00 | dt: 3232.97ms | tok/sec: 40,542 | mfu: 0.00 | epoch: 1 | total time: 1.58m
step 00040 (4.34%) | loss: 2.341843 | lrm: 1.00 | dt: 3229.74ms | tok/sec: 40,582 | mfu: 0.00 | epoch: 1 | total time: 1.63m
step 00041 (4.45%) | loss: 2.289085 | lrm: 1.00 | dt: 3226.88ms | tok/sec: 40,618 | mfu: 0.00 | epoch: 1 | total time: 1.68m
step 00042 (4.56%) | loss: 2.274557 | lrm: 1.00 | dt: 3336.37ms | tok/sec: 39,285 | mfu: 0.00 | epoch: 1 | total time: 1.74m
step 00043 (4.67%) | loss: 2.235249 | lrm: 1.00 | dt: 3447.79ms | tok/sec: 38,016 | mfu: 0.00 | epoch: 1 | total time: 1.80m
step 00044 (4.78%) | loss: 2.209084 | lrm: 1.00 | dt: 3369.20ms | tok/sec: 38,902 | mfu: 0.00 | epoch: 1 | total time: 1.85m
step 00045 (4.88%) | loss: 2.140570 | lrm: 1.00 | dt: 3271.86ms | tok/sec: 40,060 | mfu: 0.00 | epoch: 1 | total time: 1.91m
step 00046 (4.99%) | loss: 2.114401 | lrm: 1.00 | dt: 3263.56ms | tok/sec: 40,162 | mfu: 0.00 | epoch: 1 | total time: 1.96m
step 00047 (5.09%) | loss: 2.124192 | lrm: 1.00 | dt: 3249.59ms | tok/sec: 40,334 | mfu: 0.00 | epoch: 1 | total time: 2.02m
step 00048 (5.20%) | loss: 2.118677 | lrm: 1.00 | dt: 3294.28ms | tok/sec: 39,787 | mfu: 0.00 | epoch: 1 | total time: 2.07m
step 00049 (5.31%) | loss: 2.166386 | lrm: 1.00 | dt: 3261.08ms | tok/sec: 40,192 | mfu: 0.00 | epoch: 1 | total time: 2.13m
step 00050 (5.41%) | loss: 2.164328 | lrm: 1.00 | dt: 3234.60ms | tok/sec: 40,521 | mfu: 0.00 | epoch: 1 | total time: 2.18m
step 00051 (5.52%) | loss: 2.141565 | lrm: 1.00 | dt: 3233.29ms | tok/sec: 40,538 | mfu: 0.00 | epoch: 1 | total time: 2.23m
step 00052 (5.63%) | loss: 2.167212 | lrm: 1.00 | dt: 3178.81ms | tok/sec: 41,233 | mfu: 0.00 | epoch: 1 | total time: 2.29m
step 00053 (5.74%) | loss: 2.127580 | lrm: 1.00 | dt: 3211.56ms | tok/sec: 40,812 | mfu: 0.00 | epoch: 1 | total time: 2.34m
step 00054 (5.85%) | loss: 2.107108 | lrm: 1.00 | dt: 3258.86ms | tok/sec: 40,220 | mfu: 0.00 | epoch: 1 | total time: 2.39m
step 00055 (5.96%) | loss: 2.094254 | lrm: 1.00 | dt: 3257.01ms | tok/sec: 40,243 | mfu: 0.00 | epoch: 1 | total time: 2.45m
step 00056 (6.07%) | loss: 2.105984 | lrm: 1.00 | dt: 3300.50ms | tok/sec: 39,712 | mfu: 0.00 | epoch: 1 | total time: 2.50m
step 00057 (6.17%) | loss: 2.062179 | lrm: 1.00 | dt: 3191.98ms | tok/sec: 41,062 | mfu: 0.00 | epoch: 1 | total time: 2.56m
step 00058 (6.28%) | loss: 1.938755 | lrm: 1.00 | dt: 3151.51ms | tok/sec: 41,590 | mfu: 0.00 | epoch: 1 | total time: 2.61m
step 00059 (6.39%) | loss: 1.911692 | lrm: 1.00 | dt: 3246.92ms | tok/sec: 40,368 | mfu: 0.00 | epoch: 1 | total time: 2.66m
step 00060 (6.50%) | loss: 1.878647 | lrm: 1.00 | dt: 3238.54ms | tok/sec: 40,472 | mfu: 0.00 | epoch: 1 | total time: 2.72m
step 00061 (6.60%) | loss: 1.873896 | lrm: 1.00 | dt: 3295.92ms | tok/sec: 39,767 | mfu: 0.00 | epoch: 1 | total time: 2.77m
step 00062 (6.71%) | loss: 1.876295 | lrm: 1.00 | dt: 3261.56ms | tok/sec: 40,186 | mfu: 0.00 | epoch: 1 | total time: 2.83m
step 00063 (6.81%) | loss: 1.852945 | lrm: 1.00 | dt: 3240.90ms | tok/sec: 40,443 | mfu: 0.00 | epoch: 1 | total time: 2.88m
step 00064 (6.92%) | loss: 1.867966 | lrm: 1.00 | dt: 3278.82ms | tok/sec: 39,975 | mfu: 0.00 | epoch: 1 | total time: 2.94m
step 00065 (7.03%) | loss: 1.904461 | lrm: 1.00 | dt: 3290.39ms | tok/sec: 39,834 | mfu: 0.00 | epoch: 1 | total time: 2.99m
step 00066 (7.14%) | loss: 1.935814 | lrm: 1.00 | dt: 3244.96ms | tok/sec: 40,392 | mfu: 0.00 | epoch: 1 | total time: 3.04m
step 00067 (7.25%) | loss: 1.929994 | lrm: 1.00 | dt: 3238.90ms | tok/sec: 40,468 | mfu: 0.00 | epoch: 1 | total time: 3.10m
step 00068 (7.36%) | loss: 1.925484 | lrm: 1.00 | dt: 3283.42ms | tok/sec: 39,919 | mfu: 0.00 | epoch: 1 | total time: 3.15m
step 00069 (7.46%) | loss: 1.916487 | lrm: 1.00 | dt: 3266.76ms | tok/sec: 40,122 | mfu: 0.00 | epoch: 1 | total time: 3.21m
step 00070 (7.58%) | loss: 1.919855 | lrm: 1.00 | dt: 3253.93ms | tok/sec: 40,281 | mfu: 0.00 | epoch: 1 | total time: 3.26m
step 00071 (7.69%) | loss: 1.910150 | lrm: 1.00 | dt: 3302.80ms | tok/sec: 39,685 | mfu: 0.00 | epoch: 1 | total time: 3.32m
step 00072 (7.80%) | loss: 1.910685 | lrm: 1.00 | dt: 3254.25ms | tok/sec: 40,277 | mfu: 0.00 | epoch: 1 | total time: 3.37m
step 00073 (7.91%) | loss: 1.909012 | lrm: 1.00 | dt: 3323.61ms | tok/sec: 39,436 | mfu: 0.00 | epoch: 1 | total time: 3.43m
step 00074 (8.02%) | loss: 1.938429 | lrm: 1.00 | dt: 3266.41ms | tok/sec: 40,127 | mfu: 0.00 | epoch: 1 | total time: 3.48m
step 00075 (8.13%) | loss: 1.933277 | lrm: 1.00 | dt: 3302.93ms | tok/sec: 39,683 | mfu: 0.00 | epoch: 1 | total time: 3.54m
step 00076 (8.23%) | loss: 1.911107 | lrm: 1.00 | dt: 3296.38ms | tok/sec: 39,762 | mfu: 0.00 | epoch: 1 | total time: 3.59m
step 00077 (8.34%) | loss: 1.908377 | lrm: 1.00 | dt: 3240.28ms | tok/sec: 40,450 | mfu: 0.00 | epoch: 1 | total time: 3.64m
step 00078 (8.45%) | loss: 1.929385 | lrm: 1.00 | dt: 3254.47ms | tok/sec: 40,274 | mfu: 0.00 | epoch: 1 | total time: 3.70m
step 00079 (8.56%) | loss: 1.918307 | lrm: 1.00 | dt: 3343.13ms | tok/sec: 39,206 | mfu: 0.00 | epoch: 1 | total time: 3.75m
step 00080 (8.67%) | loss: 1.933561 | lrm: 1.00 | dt: 3256.68ms | tok/sec: 40,247 | mfu: 0.00 | epoch: 1 | total time: 3.81m
step 00081 (8.77%) | loss: 1.860456 | lrm: 1.00 | dt: 3275.16ms | tok/sec: 40,020 | mfu: 0.00 | epoch: 1 | total time: 3.86m
step 00082 (8.88%) | loss: 1.863591 | lrm: 1.00 | dt: 3312.88ms | tok/sec: 39,564 | mfu: 0.00 | epoch: 1 | total time: 3.92m
step 00083 (8.99%) | loss: 1.875396 | lrm: 1.00 | dt: 3269.01ms | tok/sec: 40,095 | mfu: 0.00 | epoch: 1 | total time: 3.97m
step 00084 (9.10%) | loss: 1.873450 | lrm: 1.00 | dt: 3272.13ms | tok/sec: 40,057 | mfu: 0.00 | epoch: 1 | total time: 4.03m
step 00085 (9.20%) | loss: 1.852582 | lrm: 1.00 | dt: 3254.13ms | tok/sec: 40,278 | mfu: 0.00 | epoch: 1 | total time: 4.08m
step 00086 (9.31%) | loss: 1.882860 | lrm: 1.00 | dt: 3258.69ms | tok/sec: 40,222 | mfu: 0.00 | epoch: 1 | total time: 4.14m
step 00087 (9.41%) | loss: 1.844513 | lrm: 1.00 | dt: 3268.83ms | tok/sec: 40,097 | mfu: 0.00 | epoch: 1 | total time: 4.19m
step 00088 (9.52%) | loss: 1.864263 | lrm: 1.00 | dt: 3247.36ms | tok/sec: 40,362 | mfu: 0.00 | epoch: 1 | total time: 4.24m
step 00089 (9.62%) | loss: 1.822508 | lrm: 1.00 | dt: 3273.49ms | tok/sec: 40,040 | mfu: 0.00 | epoch: 1 | total time: 4.30m
step 00090 (9.74%) | loss: 1.832220 | lrm: 1.00 | dt: 3028.30ms | tok/sec: 43,282 | mfu: 0.00 | epoch: 1 | total time: 4.35m
step 00091 (9.84%) | loss: 1.873289 | lrm: 1.00 | dt: 1615.75ms | tok/sec: 81,121 | mfu: 0.00 | epoch: 1 | total time: 4.38m
step 00092 (9.95%) | loss: 1.881620 | lrm: 1.00 | dt: 1626.40ms | tok/sec: 80,590 | mfu: 0.00 | epoch: 1 | total time: 4.40m
step 00093 (10.06%) | loss: 1.862264 | lrm: 1.00 | dt: 1628.48ms | tok/sec: 80,487 | mfu: 0.00 | epoch: 1 | total time: 4.43m
step 00094 (10.17%) | loss: 1.843869 | lrm: 1.00 | dt: 1624.24ms | tok/sec: 80,697 | mfu: 0.00 | epoch: 1 | total time: 4.46m
step 00095 (10.28%) | loss: 1.825895 | lrm: 1.00 | dt: 1622.57ms | tok/sec: 80,780 | mfu: 0.00 | epoch: 1 | total time: 4.48m
step 00096 (10.38%) | loss: 1.794051 | lrm: 1.00 | dt: 1623.21ms | tok/sec: 80,748 | mfu: 0.00 | epoch: 1 | total time: 4.51m
step 00097 (10.49%) | loss: 1.788807 | lrm: 1.00 | dt: 1619.88ms | tok/sec: 80,914 | mfu: 0.00 | epoch: 1 | total time: 4.54m
step 00098 (10.60%) | loss: 1.772309 | lrm: 1.00 | dt: 1624.71ms | tok/sec: 80,674 | mfu: 0.00 | epoch: 1 | total time: 4.57m
step 00099 (10.70%) | loss: 1.765398 | lrm: 1.00 | dt: 1621.99ms | tok/sec: 80,809 | mfu: 0.00 | epoch: 1 | total time: 4.59m
step 00100 (10.81%) | loss: 1.762493 | lrm: 1.00 | dt: 1618.85ms | tok/sec: 80,965 | mfu: 0.00 | epoch: 1 | total time: 4.62m
Step 00100 | Validation bpb: 2.1554
step 00101 (10.92%) | loss: 1.763717 | lrm: 1.00 | dt: 1689.68ms | tok/sec: 77,572 | mfu: 0.00 | epoch: 1 | total time: 4.65m
step 00102 (11.02%) | loss: 1.796510 | lrm: 1.00 | dt: 1616.33ms | tok/sec: 81,092 | mfu: 0.00 | epoch: 1 | total time: 4.68m
step 00103 (11.13%) | loss: 1.783870 | lrm: 1.00 | dt: 1619.66ms | tok/sec: 80,925 | mfu: 0.00 | epoch: 1 | total time: 4.70m
step 00104 (11.23%) | loss: 1.793236 | lrm: 1.00 | dt: 1621.86ms | tok/sec: 80,815 | mfu: 0.00 | epoch: 1 | total time: 4.73m
step 00105 (11.34%) | loss: 1.756658 | lrm: 1.00 | dt: 1614.30ms | tok/sec: 81,194 | mfu: 0.00 | epoch: 1 | total time: 4.76m
step 00106 (11.45%) | loss: 1.734833 | lrm: 1.00 | dt: 1619.52ms | tok/sec: 80,932 | mfu: 0.00 | epoch: 1 | total time: 4.78m
step 00107 (11.56%) | loss: 1.726955 | lrm: 1.00 | dt: 1616.82ms | tok/sec: 81,067 | mfu: 0.00 | epoch: 1 | total time: 4.81m
step 00108 (11.67%) | loss: 1.709002 | lrm: 1.00 | dt: 1625.07ms | tok/sec: 80,656 | mfu: 0.00 | epoch: 1 | total time: 4.84m
step 00109 (11.77%) | loss: 1.697980 | lrm: 1.00 | dt: 1622.99ms | tok/sec: 80,759 | mfu: 0.00 | epoch: 1 | total time: 4.86m
step 00110 (11.88%) | loss: 1.700636 | lrm: 1.00 | dt: 1620.50ms | tok/sec: 80,883 | mfu: 0.00 | epoch: 1 | total time: 4.89m
step 00111 (11.99%) | loss: 1.702295 | lrm: 1.00 | dt: 1621.17ms | tok/sec: 80,850 | mfu: 0.00 | epoch: 1 | total time: 4.92m
step 00112 (12.09%) | loss: 1.716812 | lrm: 1.00 | dt: 1619.75ms | tok/sec: 80,920 | mfu: 0.00 | epoch: 1 | total time: 4.95m
step 00113 (12.21%) | loss: 1.744324 | lrm: 1.00 | dt: 1621.21ms | tok/sec: 80,848 | mfu: 0.00 | epoch: 1 | total time: 4.97m
step 00114 (12.31%) | loss: 1.755812 | lrm: 1.00 | dt: 1618.37ms | tok/sec: 80,989 | mfu: 0.00 | epoch: 1 | total time: 5.00m
step 00115 (12.42%) | loss: 1.711733 | lrm: 1.00 | dt: 1616.51ms | tok/sec: 81,083 | mfu: 0.00 | epoch: 1 | total time: 5.03m
step 00116 (12.52%) | loss: 1.714281 | lrm: 1.00 | dt: 1624.66ms | tok/sec: 80,676 | mfu: 0.00 | epoch: 1 | total time: 5.05m
step 00117 (12.63%) | loss: 1.717362 | lrm: 1.00 | dt: 1622.58ms | tok/sec: 80,779 | mfu: 0.00 | epoch: 1 | total time: 5.08m
step 00118 (12.74%) | loss: 1.695506 | lrm: 1.00 | dt: 1618.08ms | tok/sec: 81,004 | mfu: 0.00 | epoch: 1 | total time: 5.11m
step 00119 (12.85%) | loss: 1.681542 | lrm: 1.00 | dt: 1631.36ms | tok/sec: 80,345 | mfu: 0.00 | epoch: 1 | total time: 5.13m
step 00120 (12.95%) | loss: 1.682483 | lrm: 1.00 | dt: 1619.31ms | tok/sec: 80,943 | mfu: 0.00 | epoch: 1 | total time: 5.16m
step 00121 (13.07%) | loss: 1.677031 | lrm: 1.00 | dt: 1627.53ms | tok/sec: 80,534 | mfu: 0.00 | epoch: 1 | total time: 5.19m
step 00122 (13.17%) | loss: 1.657970 | lrm: 1.00 | dt: 1628.80ms | tok/sec: 80,471 | mfu: 0.00 | epoch: 1 | total time: 5.22m
step 00123 (13.28%) | loss: 1.632298 | lrm: 1.00 | dt: 1624.43ms | tok/sec: 80,688 | mfu: 0.00 | epoch: 1 | total time: 5.24m
step 00124 (13.38%) | loss: 1.619603 | lrm: 1.00 | dt: 1628.66ms | tok/sec: 80,478 | mfu: 0.00 | epoch: 1 | total time: 5.27m
step 00125 (13.49%) | loss: 1.619911 | lrm: 1.00 | dt: 1624.04ms | tok/sec: 80,707 | mfu: 0.00 | epoch: 1 | total time: 5.30m
step 00126 (13.61%) | loss: 1.650976 | lrm: 1.00 | dt: 1623.79ms | tok/sec: 80,719 | mfu: 0.00 | epoch: 1 | total time: 5.32m
step 00127 (13.72%) | loss: 1.633316 | lrm: 1.00 | dt: 1624.41ms | tok/sec: 80,689 | mfu: 0.00 | epoch: 1 | total time: 5.35m
step 00128 (13.82%) | loss: 1.616221 | lrm: 1.00 | dt: 1625.98ms | tok/sec: 80,611 | mfu: 0.00 | epoch: 1 | total time: 5.38m
step 00129 (13.93%) | loss: 1.626503 | lrm: 1.00 | dt: 1633.83ms | tok/sec: 80,223 | mfu: 0.00 | epoch: 1 | total time: 5.41m
step 00130 (14.04%) | loss: 1.643540 | lrm: 1.00 | dt: 1644.34ms | tok/sec: 79,711 | mfu: 0.00 | epoch: 1 | total time: 5.43m
step 00131 (14.15%) | loss: 1.614212 | lrm: 1.00 | dt: 1636.27ms | tok/sec: 80,103 | mfu: 0.00 | epoch: 1 | total time: 5.46m
step 00132 (14.26%) | loss: 1.595436 | lrm: 1.00 | dt: 1634.32ms | tok/sec: 80,199 | mfu: 0.00 | epoch: 1 | total time: 5.49m
step 00133 (14.36%) | loss: 1.563713 | lrm: 1.00 | dt: 1639.08ms | tok/sec: 79,966 | mfu: 0.00 | epoch: 1 | total time: 5.51m
step 00134 (14.46%) | loss: 1.531704 | lrm: 1.00 | dt: 1633.58ms | tok/sec: 80,235 | mfu: 0.00 | epoch: 1 | total time: 5.54m
step 00135 (14.58%) | loss: 1.500246 | lrm: 1.00 | dt: 1636.28ms | tok/sec: 80,103 | mfu: 0.00 | epoch: 1 | total time: 5.57m
step 00136 (14.69%) | loss: 1.461681 | lrm: 1.00 | dt: 1634.33ms | tok/sec: 80,199 | mfu: 0.00 | epoch: 1 | total time: 5.60m
step 00137 (14.79%) | loss: 1.470331 | lrm: 1.00 | dt: 1638.23ms | tok/sec: 80,008 | mfu: 0.00 | epoch: 1 | total time: 5.62m
step 00138 (14.90%) | loss: 1.505024 | lrm: 1.00 | dt: 1647.13ms | tok/sec: 79,575 | mfu: 0.00 | epoch: 1 | total time: 5.65m
step 00139 (15.01%) | loss: 1.519542 | lrm: 1.00 | dt: 1633.99ms | tok/sec: 80,216 | mfu: 0.00 | epoch: 1 | total time: 5.68m
step 00140 (15.12%) | loss: 1.523806 | lrm: 1.00 | dt: 1634.32ms | tok/sec: 80,199 | mfu: 0.00 | epoch: 1 | total time: 5.71m
step 00141 (15.23%) | loss: 1.510394 | lrm: 1.00 | dt: 1625.35ms | tok/sec: 80,642 | mfu: 0.00 | epoch: 1 | total time: 5.73m
step 00142 (15.34%) | loss: 1.522797 | lrm: 1.00 | dt: 1635.18ms | tok/sec: 80,157 | mfu: 0.00 | epoch: 1 | total time: 5.76m
step 00143 (15.44%) | loss: 1.526233 | lrm: 1.00 | dt: 1634.21ms | tok/sec: 80,205 | mfu: 0.00 | epoch: 1 | total time: 5.79m
step 00144 (15.55%) | loss: 1.567242 | lrm: 1.00 | dt: 1630.38ms | tok/sec: 80,393 | mfu: 0.00 | epoch: 1 | total time: 5.81m
step 00145 (15.66%) | loss: 1.566678 | lrm: 1.00 | dt: 1631.19ms | tok/sec: 80,353 | mfu: 0.00 | epoch: 1 | total time: 5.84m
step 00146 (15.77%) | loss: 1.578751 | lrm: 1.00 | dt: 1631.88ms | tok/sec: 80,319 | mfu: 0.00 | epoch: 1 | total time: 5.87m
step 00147 (15.88%) | loss: 1.535081 | lrm: 1.00 | dt: 1631.42ms | tok/sec: 80,342 | mfu: 0.00 | epoch: 1 | total time: 5.90m
step 00148 (15.99%) | loss: 1.511300 | lrm: 1.00 | dt: 1633.97ms | tok/sec: 80,217 | mfu: 0.00 | epoch: 1 | total time: 5.92m
step 00149 (16.09%) | loss: 1.489090 | lrm: 1.00 | dt: 1632.78ms | tok/sec: 80,275 | mfu: 0.00 | epoch: 1 | total time: 5.95m
step 00150 (16.20%) | loss: 1.526492 | lrm: 1.00 | dt: 1634.87ms | tok/sec: 80,172 | mfu: 0.00 | epoch: 1 | total time: 5.98m
step 00151 (16.31%) | loss: 1.533315 | lrm: 1.00 | dt: 1636.53ms | tok/sec: 80,091 | mfu: 0.00 | epoch: 1 | total time: 6.00m
step 00152 (16.41%) | loss: 1.575686 | lrm: 1.00 | dt: 1624.17ms | tok/sec: 80,700 | mfu: 0.00 | epoch: 1 | total time: 6.03m
step 00153 (16.52%) | loss: 1.555932 | lrm: 1.00 | dt: 1630.96ms | tok/sec: 80,364 | mfu: 0.00 | epoch: 1 | total time: 6.06m
step 00154 (16.62%) | loss: 1.564320 | lrm: 1.00 | dt: 1628.32ms | tok/sec: 80,495 | mfu: 0.00 | epoch: 1 | total time: 6.09m
step 00155 (16.73%) | loss: 1.540502 | lrm: 1.00 | dt: 1625.30ms | tok/sec: 80,644 | mfu: 0.00 | epoch: 1 | total time: 6.11m
step 00156 (16.84%) | loss: 1.558133 | lrm: 1.00 | dt: 1629.10ms | tok/sec: 80,456 | mfu: 0.00 | epoch: 1 | total time: 6.14m
step 00157 (16.94%) | loss: 1.531134 | lrm: 1.00 | dt: 1627.69ms | tok/sec: 80,526 | mfu: 0.00 | epoch: 1 | total time: 6.17m
step 00158 (17.05%) | loss: 1.512343 | lrm: 1.00 | dt: 1627.59ms | tok/sec: 80,531 | mfu: 0.00 | epoch: 1 | total time: 6.19m
step 00159 (17.15%) | loss: 1.501669 | lrm: 1.00 | dt: 1632.92ms | tok/sec: 80,268 | mfu: 0.00 | epoch: 1 | total time: 6.22m
step 00160 (17.26%) | loss: 1.508416 | lrm: 1.00 | dt: 1626.00ms | tok/sec: 80,610 | mfu: 0.00 | epoch: 1 | total time: 6.25m
step 00161 (17.37%) | loss: 1.498416 | lrm: 1.00 | dt: 1632.21ms | tok/sec: 80,303 | mfu: 0.00 | epoch: 1 | total time: 6.28m
step 00162 (17.48%) | loss: 1.499658 | lrm: 1.00 | dt: 1628.00ms | tok/sec: 80,511 | mfu: 0.00 | epoch: 1 | total time: 6.30m
step 00163 (17.59%) | loss: 1.496429 | lrm: 1.00 | dt: 1628.69ms | tok/sec: 80,477 | mfu: 0.00 | epoch: 1 | total time: 6.33m
step 00164 (17.70%) | loss: 1.527818 | lrm: 1.00 | dt: 1630.90ms | tok/sec: 80,367 | mfu: 0.00 | epoch: 1 | total time: 6.36m
step 00165 (17.80%) | loss: 1.501313 | lrm: 1.00 | dt: 1629.84ms | tok/sec: 80,420 | mfu: 0.00 | epoch: 1 | total time: 6.39m
step 00166 (17.91%) | loss: 1.490270 | lrm: 1.00 | dt: 1630.11ms | tok/sec: 80,406 | mfu: 0.00 | epoch: 1 | total time: 6.41m
step 00167 (18.01%) | loss: 1.463986 | lrm: 1.00 | dt: 1625.13ms | tok/sec: 80,653 | mfu: 0.00 | epoch: 1 | total time: 6.44m
step 00168 (18.12%) | loss: 1.476647 | lrm: 1.00 | dt: 1629.83ms | tok/sec: 80,420 | mfu: 0.00 | epoch: 1 | total time: 6.47m
step 00169 (18.23%) | loss: 1.504633 | lrm: 1.00 | dt: 1624.36ms | tok/sec: 80,691 | mfu: 0.00 | epoch: 1 | total time: 6.49m
step 00170 (18.34%) | loss: 1.497367 | lrm: 1.00 | dt: 1623.78ms | tok/sec: 80,720 | mfu: 0.00 | epoch: 1 | total time: 6.52m
step 00171 (18.44%) | loss: 1.502406 | lrm: 1.00 | dt: 1627.02ms | tok/sec: 80,559 | mfu: 0.00 | epoch: 1 | total time: 6.55m
step 00172 (18.55%) | loss: 1.507545 | lrm: 1.00 | dt: 1624.38ms | tok/sec: 80,690 | mfu: 0.00 | epoch: 1 | total time: 6.57m
step 00173 (18.66%) | loss: 1.522237 | lrm: 1.00 | dt: 1627.55ms | tok/sec: 80,533 | mfu: 0.00 | epoch: 1 | total time: 6.60m
step 00174 (18.78%) | loss: 1.506217 | lrm: 1.00 | dt: 1628.65ms | tok/sec: 80,478 | mfu: 0.00 | epoch: 1 | total time: 6.63m
step 00175 (18.88%) | loss: 1.512789 | lrm: 1.00 | dt: 1627.91ms | tok/sec: 80,515 | mfu: 0.00 | epoch: 1 | total time: 6.66m
step 00176 (18.98%) | loss: 1.547903 | lrm: 1.00 | dt: 1623.31ms | tok/sec: 80,743 | mfu: 0.00 | epoch: 1 | total time: 6.68m
step 00177 (19.09%) | loss: 1.525495 | lrm: 1.00 | dt: 1625.60ms | tok/sec: 80,629 | mfu: 0.00 | epoch: 1 | total time: 6.71m
step 00178 (19.20%) | loss: 1.517703 | lrm: 1.00 | dt: 1627.49ms | tok/sec: 80,536 | mfu: 0.00 | epoch: 1 | total time: 6.74m
step 00179 (19.31%) | loss: 1.538433 | lrm: 1.00 | dt: 1627.41ms | tok/sec: 80,540 | mfu: 0.00 | epoch: 1 | total time: 6.76m
step 00180 (19.42%) | loss: 1.505410 | lrm: 1.00 | dt: 1625.47ms | tok/sec: 80,636 | mfu: 0.00 | epoch: 1 | total time: 6.79m
step 00181 (19.52%) | loss: 1.485149 | lrm: 1.00 | dt: 1626.45ms | tok/sec: 80,587 | mfu: 0.00 | epoch: 1 | total time: 6.82m
step 00182 (19.63%) | loss: 1.469245 | lrm: 1.00 | dt: 1630.80ms | tok/sec: 80,372 | mfu: 0.00 | epoch: 1 | total time: 6.85m
step 00183 (19.74%) | loss: 1.485046 | lrm: 1.00 | dt: 1631.31ms | tok/sec: 80,347 | mfu: 0.00 | epoch: 1 | total time: 6.87m
step 00184 (19.85%) | loss: 1.501655 | lrm: 1.00 | dt: 1627.37ms | tok/sec: 80,542 | mfu: 0.00 | epoch: 1 | total time: 6.90m
step 00185 (19.95%) | loss: 1.501460 | lrm: 1.00 | dt: 1625.96ms | tok/sec: 80,611 | mfu: 0.00 | epoch: 1 | total time: 6.93m
step 00186 (20.06%) | loss: 1.517744 | lrm: 1.00 | dt: 1628.70ms | tok/sec: 80,476 | mfu: 0.00 | epoch: 1 | total time: 6.95m
step 00187 (20.17%) | loss: 1.515112 | lrm: 1.00 | dt: 1625.63ms | tok/sec: 80,628 | mfu: 0.00 | epoch: 1 | total time: 6.98m
step 00188 (20.28%) | loss: 1.433064 | lrm: 1.00 | dt: 1631.23ms | tok/sec: 80,351 | mfu: 0.00 | epoch: 1 | total time: 7.01m
step 00189 (20.38%) | loss: 1.453265 | lrm: 1.00 | dt: 1626.31ms | tok/sec: 80,594 | mfu: 0.00 | epoch: 1 | total time: 7.04m
step 00190 (20.49%) | loss: 1.493620 | lrm: 1.00 | dt: 1628.35ms | tok/sec: 80,493 | mfu: 0.00 | epoch: 1 | total time: 7.06m
step 00191 (20.60%) | loss: 1.505195 | lrm: 1.00 | dt: 1625.48ms | tok/sec: 80,635 | mfu: 0.00 | epoch: 1 | total time: 7.09m
step 00192 (20.71%) | loss: 1.500434 | lrm: 1.00 | dt: 1630.51ms | tok/sec: 80,386 | mfu: 0.00 | epoch: 1 | total time: 7.12m
step 00193 (20.82%) | loss: 1.477902 | lrm: 1.00 | dt: 1630.47ms | tok/sec: 80,389 | mfu: 0.00 | epoch: 1 | total time: 7.14m
step 00194 (20.92%) | loss: 1.448763 | lrm: 1.00 | dt: 1624.12ms | tok/sec: 80,703 | mfu: 0.00 | epoch: 1 | total time: 7.17m
step 00195 (21.03%) | loss: 1.463149 | lrm: 1.00 | dt: 1630.64ms | tok/sec: 80,380 | mfu: 0.00 | epoch: 1 | total time: 7.20m
step 00196 (21.14%) | loss: 1.468996 | lrm: 1.00 | dt: 1624.35ms | tok/sec: 80,691 | mfu: 0.00 | epoch: 1 | total time: 7.23m
step 00197 (21.25%) | loss: 1.444910 | lrm: 1.00 | dt: 1628.03ms | tok/sec: 80,509 | mfu: 0.00 | epoch: 1 | total time: 7.25m
step 00198 (21.35%) | loss: 1.471353 | lrm: 1.00 | dt: 1633.05ms | tok/sec: 80,262 | mfu: 0.00 | epoch: 1 | total time: 7.28m
step 00199 (21.46%) | loss: 1.469038 | lrm: 1.00 | dt: 1628.24ms | tok/sec: 80,499 | mfu: 0.00 | epoch: 1 | total time: 7.31m
step 00200 (21.57%) | loss: 1.445880 | lrm: 1.00 | dt: 1630.43ms | tok/sec: 80,391 | mfu: 0.00 | epoch: 1 | total time: 7.33m
Step 00200 | Validation bpb: 2.3298
step 00201 (21.68%) | loss: 1.460761 | lrm: 1.00 | dt: 1741.07ms | tok/sec: 75,282 | mfu: 0.00 | epoch: 1 | total time: 7.36m
step 00202 (21.79%) | loss: 1.491595 | lrm: 1.00 | dt: 1630.76ms | tok/sec: 80,374 | mfu: 0.00 | epoch: 1 | total time: 7.39m
step 00203 (21.89%) | loss: 1.491287 | lrm: 1.00 | dt: 1623.40ms | tok/sec: 80,739 | mfu: 0.00 | epoch: 1 | total time: 7.42m
step 00204 (22.00%) | loss: 1.506757 | lrm: 1.00 | dt: 1624.75ms | tok/sec: 80,671 | mfu: 0.00 | epoch: 1 | total time: 7.44m
step 00205 (22.11%) | loss: 1.500767 | lrm: 1.00 | dt: 1625.16ms | tok/sec: 80,651 | mfu: 0.00 | epoch: 1 | total time: 7.47m
step 00206 (22.22%) | loss: 1.475280 | lrm: 1.00 | dt: 1629.20ms | tok/sec: 80,451 | mfu: 0.00 | epoch: 1 | total time: 7.50m
step 00207 (22.32%) | loss: 1.483384 | lrm: 1.00 | dt: 1626.08ms | tok/sec: 80,606 | mfu: 0.00 | epoch: 1 | total time: 7.53m
step 00208 (22.43%) | loss: 1.464382 | lrm: 1.00 | dt: 1626.14ms | tok/sec: 80,603 | mfu: 0.00 | epoch: 1 | total time: 7.55m
step 00209 (22.54%) | loss: 1.460054 | lrm: 1.00 | dt: 1628.57ms | tok/sec: 80,482 | mfu: 0.00 | epoch: 1 | total time: 7.58m
step 00210 (22.65%) | loss: 1.486019 | lrm: 1.00 | dt: 1624.86ms | tok/sec: 80,666 | mfu: 0.00 | epoch: 1 | total time: 7.61m
step 00211 (22.76%) | loss: 1.492308 | lrm: 1.00 | dt: 1628.80ms | tok/sec: 80,471 | mfu: 0.00 | epoch: 1 | total time: 7.63m
step 00212 (22.87%) | loss: 1.502181 | lrm: 1.00 | dt: 1623.41ms | tok/sec: 80,738 | mfu: 0.00 | epoch: 1 | total time: 7.66m
step 00213 (22.98%) | loss: 1.516518 | lrm: 1.00 | dt: 1622.22ms | tok/sec: 80,797 | mfu: 0.00 | epoch: 1 | total time: 7.69m
step 00214 (23.09%) | loss: 1.517740 | lrm: 1.00 | dt: 1627.56ms | tok/sec: 80,533 | mfu: 0.00 | epoch: 1 | total time: 7.72m
step 00215 (23.19%) | loss: 1.550028 | lrm: 1.00 | dt: 1625.77ms | tok/sec: 80,621 | mfu: 0.00 | epoch: 1 | total time: 7.74m
step 00216 (23.30%) | loss: 1.549100 | lrm: 1.00 | dt: 1626.03ms | tok/sec: 80,608 | mfu: 0.00 | epoch: 1 | total time: 7.77m
step 00217 (23.41%) | loss: 1.521505 | lrm: 1.00 | dt: 1622.45ms | tok/sec: 80,786 | mfu: 0.00 | epoch: 1 | total time: 7.80m
step 00218 (23.52%) | loss: 1.541086 | lrm: 1.00 | dt: 1625.64ms | tok/sec: 80,628 | mfu: 0.00 | epoch: 1 | total time: 7.82m
step 00219 (23.62%) | loss: 1.519864 | lrm: 1.00 | dt: 1625.74ms | tok/sec: 80,623 | mfu: 0.00 | epoch: 1 | total time: 7.85m
step 00220 (23.73%) | loss: 1.505487 | lrm: 1.00 | dt: 1626.22ms | tok/sec: 80,599 | mfu: 0.00 | epoch: 1 | total time: 7.88m
step 00221 (23.84%) | loss: 1.484882 | lrm: 1.00 | dt: 1628.12ms | tok/sec: 80,505 | mfu: 0.00 | epoch: 1 | total time: 7.91m
step 00222 (23.95%) | loss: 1.471180 | lrm: 1.00 | dt: 1626.97ms | tok/sec: 80,562 | mfu: 0.00 | epoch: 1 | total time: 7.93m
step 00223 (24.06%) | loss: 1.453531 | lrm: 1.00 | dt: 1626.25ms | tok/sec: 80,597 | mfu: 0.00 | epoch: 1 | total time: 7.96m
step 00224 (24.16%) | loss: 1.481690 | lrm: 1.00 | dt: 1630.19ms | tok/sec: 80,403 | mfu: 0.00 | epoch: 1 | total time: 7.99m
step 00225 (24.27%) | loss: 1.442271 | lrm: 1.00 | dt: 1630.46ms | tok/sec: 80,389 | mfu: 0.00 | epoch: 1 | total time: 8.01m
step 00226 (24.38%) | loss: 1.407803 | lrm: 1.00 | dt: 1622.62ms | tok/sec: 80,777 | mfu: 0.00 | epoch: 1 | total time: 8.04m
step 00227 (24.49%) | loss: 1.434318 | lrm: 1.00 | dt: 1627.93ms | tok/sec: 80,514 | mfu: 0.00 | epoch: 1 | total time: 8.07m
step 00228 (24.60%) | loss: 1.420576 | lrm: 1.00 | dt: 1623.07ms | tok/sec: 80,755 | mfu: 0.00 | epoch: 1 | total time: 8.10m
step 00229 (24.71%) | loss: 1.465561 | lrm: 1.00 | dt: 1625.92ms | tok/sec: 80,613 | mfu: 0.00 | epoch: 1 | total time: 8.12m
step 00230 (24.82%) | loss: 1.488044 | lrm: 1.00 | dt: 1631.13ms | tok/sec: 80,356 | mfu: 0.00 | epoch: 1 | total time: 8.15m
step 00231 (24.93%) | loss: 1.479499 | lrm: 1.00 | dt: 1626.40ms | tok/sec: 80,590 | mfu: 0.00 | epoch: 1 | total time: 8.18m
step 00232 (25.03%) | loss: 1.432635 | lrm: 1.00 | dt: 1630.50ms | tok/sec: 80,387 | mfu: 0.00 | epoch: 1 | total time: 8.20m
step 00233 (25.14%) | loss: 1.437988 | lrm: 1.00 | dt: 1628.45ms | tok/sec: 80,488 | mfu: 0.00 | epoch: 1 | total time: 8.23m
step 00234 (25.25%) | loss: 1.444089 | lrm: 1.00 | dt: 1629.33ms | tok/sec: 80,445 | mfu: 0.00 | epoch: 1 | total time: 8.26m
step 00235 (25.35%) | loss: 1.422492 | lrm: 1.00 | dt: 1631.67ms | tok/sec: 80,330 | mfu: 0.00 | epoch: 1 | total time: 8.29m
step 00236 (25.45%) | loss: 1.455684 | lrm: 1.00 | dt: 1621.83ms | tok/sec: 80,817 | mfu: 0.00 | epoch: 1 | total time: 8.31m
step 00237 (25.56%) | loss: 1.473931 | lrm: 1.00 | dt: 1623.89ms | tok/sec: 80,714 | mfu: 0.00 | epoch: 1 | total time: 8.34m
step 00238 (25.67%) | loss: 1.466966 | lrm: 1.00 | dt: 1627.69ms | tok/sec: 80,526 | mfu: 0.00 | epoch: 1 | total time: 8.37m
step 00239 (25.78%) | loss: 1.439316 | lrm: 1.00 | dt: 1619.23ms | tok/sec: 80,947 | mfu: 0.00 | epoch: 1 | total time: 8.39m
step 00240 (25.88%) | loss: 1.452773 | lrm: 1.00 | dt: 1629.46ms | tok/sec: 80,439 | mfu: 0.00 | epoch: 1 | total time: 8.42m
step 00241 (25.99%) | loss: 1.447096 | lrm: 1.00 | dt: 1629.65ms | tok/sec: 80,429 | mfu: 0.00 | epoch: 1 | total time: 8.45m
step 00242 (26.10%) | loss: 1.401688 | lrm: 1.00 | dt: 1627.69ms | tok/sec: 80,526 | mfu: 0.00 | epoch: 1 | total time: 8.47m
step 00243 (26.20%) | loss: 1.431271 | lrm: 1.00 | dt: 1628.88ms | tok/sec: 80,467 | mfu: 0.00 | epoch: 1 | total time: 8.50m
step 00244 (26.31%) | loss: 1.423031 | lrm: 1.00 | dt: 1629.40ms | tok/sec: 80,441 | mfu: 0.00 | epoch: 1 | total time: 8.53m
step 00245 (26.42%) | loss: 1.393919 | lrm: 1.00 | dt: 1629.59ms | tok/sec: 80,432 | mfu: 0.00 | epoch: 1 | total time: 8.56m
step 00246 (26.52%) | loss: 1.369644 | lrm: 1.00 | dt: 1629.86ms | tok/sec: 80,419 | mfu: 0.00 | epoch: 1 | total time: 8.58m
step 00247 (26.63%) | loss: 1.386432 | lrm: 1.00 | dt: 1623.14ms | tok/sec: 80,751 | mfu: 0.00 | epoch: 1 | total time: 8.61m
step 00248 (26.74%) | loss: 1.342945 | lrm: 1.00 | dt: 1626.81ms | tok/sec: 80,570 | mfu: 0.00 | epoch: 1 | total time: 8.64m
step 00249 (26.84%) | loss: 1.377885 | lrm: 1.00 | dt: 1624.78ms | tok/sec: 80,670 | mfu: 0.00 | epoch: 1 | total time: 8.66m
step 00250 (26.95%) | loss: 1.358126 | lrm: 1.00 | dt: 1625.67ms | tok/sec: 80,626 | mfu: 0.00 | epoch: 1 | total time: 8.69m
step 00251 (27.06%) | loss: 1.373970 | lrm: 1.00 | dt: 1626.78ms | tok/sec: 80,571 | mfu: 0.00 | epoch: 1 | total time: 8.72m
step 00252 (27.17%) | loss: 1.381361 | lrm: 1.00 | dt: 1627.05ms | tok/sec: 80,557 | mfu: 0.00 | epoch: 1 | total time: 8.75m
step 00253 (27.28%) | loss: 1.371458 | lrm: 1.00 | dt: 1627.87ms | tok/sec: 80,517 | mfu: 0.00 | epoch: 1 | total time: 8.77m
step 00254 (27.39%) | loss: 1.359563 | lrm: 1.00 | dt: 1633.06ms | tok/sec: 80,261 | mfu: 0.00 | epoch: 1 | total time: 8.80m
step 00255 (27.50%) | loss: 1.351916 | lrm: 1.00 | dt: 1627.23ms | tok/sec: 80,549 | mfu: 0.00 | epoch: 1 | total time: 8.83m
step 00256 (27.60%) | loss: 1.359689 | lrm: 1.00 | dt: 1627.87ms | tok/sec: 80,517 | mfu: 0.00 | epoch: 1 | total time: 8.85m
step 00257 (27.71%) | loss: 1.292955 | lrm: 1.00 | dt: 1627.49ms | tok/sec: 80,536 | mfu: 0.00 | epoch: 1 | total time: 8.88m
step 00258 (27.81%) | loss: 1.291552 | lrm: 1.00 | dt: 1624.53ms | tok/sec: 80,683 | mfu: 0.00 | epoch: 1 | total time: 8.91m
step 00259 (27.92%) | loss: 1.302148 | lrm: 1.00 | dt: 1631.58ms | tok/sec: 80,334 | mfu: 0.00 | epoch: 1 | total time: 8.94m
step 00260 (28.03%) | loss: 1.289744 | lrm: 1.00 | dt: 1623.27ms | tok/sec: 80,745 | mfu: 0.00 | epoch: 1 | total time: 8.96m
step 00261 (28.13%) | loss: 1.280454 | lrm: 1.00 | dt: 1624.53ms | tok/sec: 80,683 | mfu: 0.00 | epoch: 1 | total time: 8.99m
step 00262 (28.24%) | loss: 1.297740 | lrm: 1.00 | dt: 1623.60ms | tok/sec: 80,729 | mfu: 0.00 | epoch: 1 | total time: 9.02m
step 00263 (28.35%) | loss: 1.293695 | lrm: 1.00 | dt: 1618.19ms | tok/sec: 80,998 | mfu: 0.00 | epoch: 1 | total time: 9.04m
step 00264 (28.46%) | loss: 1.321140 | lrm: 1.00 | dt: 1623.13ms | tok/sec: 80,752 | mfu: 0.00 | epoch: 1 | total time: 9.07m
step 00265 (28.57%) | loss: 1.309328 | lrm: 1.00 | dt: 1627.35ms | tok/sec: 80,543 | mfu: 0.00 | epoch: 1 | total time: 9.10m
step 00266 (28.67%) | loss: 1.284320 | lrm: 1.00 | dt: 1628.34ms | tok/sec: 80,494 | mfu: 0.00 | epoch: 1 | total time: 9.13m
step 00267 (28.78%) | loss: 1.305251 | lrm: 1.00 | dt: 1625.28ms | tok/sec: 80,645 | mfu: 0.00 | epoch: 1 | total time: 9.15m
step 00268 (28.89%) | loss: 1.291479 | lrm: 1.00 | dt: 1622.71ms | tok/sec: 80,773 | mfu: 0.00 | epoch: 1 | total time: 9.18m
step 00269 (29.00%) | loss: 1.298871 | lrm: 1.00 | dt: 1625.43ms | tok/sec: 80,638 | mfu: 0.00 | epoch: 1 | total time: 9.21m
step 00270 (29.10%) | loss: 1.315818 | lrm: 1.00 | dt: 1632.47ms | tok/sec: 80,290 | mfu: 0.00 | epoch: 1 | total time: 9.23m
step 00271 (29.21%) | loss: 1.295107 | lrm: 1.00 | dt: 1629.59ms | tok/sec: 80,432 | mfu: 0.00 | epoch: 1 | total time: 9.26m
step 00272 (29.32%) | loss: 1.280901 | lrm: 1.00 | dt: 1621.73ms | tok/sec: 80,822 | mfu: 0.00 | epoch: 1 | total time: 9.29m
step 00273 (29.43%) | loss: 1.283565 | lrm: 1.00 | dt: 1630.21ms | tok/sec: 80,401 | mfu: 0.00 | epoch: 1 | total time: 9.32m
step 00274 (29.54%) | loss: 1.280724 | lrm: 1.00 | dt: 1624.69ms | tok/sec: 80,675 | mfu: 0.00 | epoch: 1 | total time: 9.34m
step 00275 (29.65%) | loss: 1.271045 | lrm: 1.00 | dt: 1626.16ms | tok/sec: 80,602 | mfu: 0.00 | epoch: 1 | total time: 9.37m
step 00276 (29.76%) | loss: 1.266051 | lrm: 1.00 | dt: 1626.70ms | tok/sec: 80,575 | mfu: 0.00 | epoch: 1 | total time: 9.40m
step 00277 (29.87%) | loss: 1.254310 | lrm: 1.00 | dt: 1626.08ms | tok/sec: 80,606 | mfu: 0.00 | epoch: 1 | total time: 9.42m
step 00278 (29.98%) | loss: 1.282089 | lrm: 1.00 | dt: 1624.58ms | tok/sec: 80,680 | mfu: 0.00 | epoch: 1 | total time: 9.45m
step 00279 (30.09%) | loss: 1.287459 | lrm: 1.00 | dt: 1623.94ms | tok/sec: 80,712 | mfu: 0.00 | epoch: 1 | total time: 9.48m
step 00280 (30.19%) | loss: 1.326874 | lrm: 1.00 | dt: 1627.08ms | tok/sec: 80,556 | mfu: 0.00 | epoch: 1 | total time: 9.51m
step 00281 (30.30%) | loss: 1.325718 | lrm: 1.00 | dt: 1625.24ms | tok/sec: 80,647 | mfu: 0.00 | epoch: 1 | total time: 9.53m
step 00282 (30.41%) | loss: 1.346317 | lrm: 1.00 | dt: 1626.57ms | tok/sec: 80,581 | mfu: 0.00 | epoch: 1 | total time: 9.56m
step 00283 (30.52%) | loss: 1.351603 | lrm: 1.00 | dt: 1626.44ms | tok/sec: 80,588 | mfu: 0.00 | epoch: 1 | total time: 9.59m
step 00284 (30.62%) | loss: 1.337603 | lrm: 1.00 | dt: 1626.42ms | tok/sec: 80,589 | mfu: 0.00 | epoch: 1 | total time: 9.61m
step 00285 (30.73%) | loss: 1.334723 | lrm: 1.00 | dt: 1621.82ms | tok/sec: 80,817 | mfu: 0.00 | epoch: 1 | total time: 9.64m
step 00286 (30.83%) | loss: 1.330284 | lrm: 1.00 | dt: 1627.30ms | tok/sec: 80,545 | mfu: 0.00 | epoch: 1 | total time: 9.67m
step 00287 (30.94%) | loss: 1.330812 | lrm: 1.00 | dt: 1625.73ms | tok/sec: 80,623 | mfu: 0.00 | epoch: 1 | total time: 9.69m
step 00288 (31.05%) | loss: 1.335655 | lrm: 1.00 | dt: 1626.15ms | tok/sec: 80,602 | mfu: 0.00 | epoch: 1 | total time: 9.72m
step 00289 (31.16%) | loss: 1.342038 | lrm: 1.00 | dt: 1626.21ms | tok/sec: 80,599 | mfu: 0.00 | epoch: 1 | total time: 9.75m
step 00290 (31.27%) | loss: 1.328656 | lrm: 1.00 | dt: 1628.96ms | tok/sec: 80,463 | mfu: 0.00 | epoch: 1 | total time: 9.78m
step 00291 (31.37%) | loss: 1.310436 | lrm: 1.00 | dt: 1625.78ms | tok/sec: 80,621 | mfu: 0.00 | epoch: 1 | total time: 9.80m
step 00292 (31.48%) | loss: 1.318550 | lrm: 1.00 | dt: 1627.21ms | tok/sec: 80,549 | mfu: 0.00 | epoch: 1 | total time: 9.83m
step 00293 (31.59%) | loss: 1.286989 | lrm: 1.00 | dt: 1623.43ms | tok/sec: 80,737 | mfu: 0.00 | epoch: 1 | total time: 9.86m
step 00294 (31.70%) | loss: 1.335291 | lrm: 1.00 | dt: 1617.53ms | tok/sec: 81,032 | mfu: 0.00 | epoch: 1 | total time: 9.88m
step 00295 (31.82%) | loss: 1.322758 | lrm: 1.00 | dt: 1626.73ms | tok/sec: 80,573 | mfu: 0.00 | epoch: 1 | total time: 9.91m
step 00296 (31.92%) | loss: 1.299921 | lrm: 1.00 | dt: 1625.75ms | tok/sec: 80,622 | mfu: 0.00 | epoch: 1 | total time: 9.94m
step 00297 (32.04%) | loss: 1.261028 | lrm: 1.00 | dt: 1630.37ms | tok/sec: 80,394 | mfu: 0.00 | epoch: 1 | total time: 9.97m
step 00298 (32.14%) | loss: 1.287574 | lrm: 1.00 | dt: 1629.47ms | tok/sec: 80,438 | mfu: 0.00 | epoch: 1 | total time: 9.99m
step 00299 (32.25%) | loss: 1.303542 | lrm: 1.00 | dt: 1622.35ms | tok/sec: 80,791 | mfu: 0.00 | epoch: 1 | total time: 10.02m
step 00300 (32.36%) | loss: 1.341719 | lrm: 1.00 | dt: 1624.48ms | tok/sec: 80,685 | mfu: 0.00 | epoch: 1 | total time: 10.05m
Step 00300 | Validation bpb: 2.4798
step 00301 (32.46%) | loss: 1.343836 | lrm: 1.00 | dt: 2018.54ms | tok/sec: 64,934 | mfu: 0.00 | epoch: 1 | total time: 10.08m
step 00302 (32.57%) | loss: 1.361431 | lrm: 1.00 | dt: 1704.54ms | tok/sec: 76,895 | mfu: 0.00 | epoch: 1 | total time: 10.11m
step 00303 (32.68%) | loss: 1.369936 | lrm: 1.00 | dt: 1639.76ms | tok/sec: 79,933 | mfu: 0.00 | epoch: 1 | total time: 10.14m
step 00304 (32.78%) | loss: 1.369356 | lrm: 1.00 | dt: 1697.37ms | tok/sec: 77,220 | mfu: 0.00 | epoch: 1 | total time: 10.16m
step 00305 (32.89%) | loss: 1.378212 | lrm: 1.00 | dt: 1659.27ms | tok/sec: 78,993 | mfu: 0.00 | epoch: 1 | total time: 10.19m
step 00306 (33.00%) | loss: 1.351640 | lrm: 1.00 | dt: 1670.74ms | tok/sec: 78,451 | mfu: 0.00 | epoch: 1 | total time: 10.22m
step 00307 (33.11%) | loss: 1.350180 | lrm: 1.00 | dt: 1741.88ms | tok/sec: 75,247 | mfu: 0.00 | epoch: 1 | total time: 10.25m
step 00308 (33.22%) | loss: 1.353334 | lrm: 1.00 | dt: 1673.45ms | tok/sec: 78,324 | mfu: 0.00 | epoch: 1 | total time: 10.28m
step 00309 (33.32%) | loss: 1.330107 | lrm: 1.00 | dt: 1705.33ms | tok/sec: 76,860 | mfu: 0.00 | epoch: 1 | total time: 10.31m
step 00310 (33.44%) | loss: 1.357261 | lrm: 1.00 | dt: 1726.90ms | tok/sec: 75,899 | mfu: 0.00 | epoch: 1 | total time: 10.33m
step 00311 (33.54%) | loss: 1.334044 | lrm: 1.00 | dt: 1679.19ms | tok/sec: 78,056 | mfu: 0.00 | epoch: 1 | total time: 10.36m
step 00312 (33.65%) | loss: 1.327239 | lrm: 1.00 | dt: 1684.64ms | tok/sec: 77,804 | mfu: 0.00 | epoch: 1 | total time: 10.39m
step 00313 (33.76%) | loss: 1.288986 | lrm: 1.00 | dt: 1685.29ms | tok/sec: 77,774 | mfu: 0.00 | epoch: 1 | total time: 10.42m
step 00314 (33.87%) | loss: 1.332475 | lrm: 1.00 | dt: 1688.92ms | tok/sec: 77,606 | mfu: 0.00 | epoch: 1 | total time: 10.45m
step 00315 (33.98%) | loss: 1.291509 | lrm: 1.00 | dt: 1681.15ms | tok/sec: 77,965 | mfu: 0.00 | epoch: 1 | total time: 10.47m
step 00316 (34.09%) | loss: 1.283769 | lrm: 1.00 | dt: 1686.50ms | tok/sec: 77,718 | mfu: 0.00 | epoch: 1 | total time: 10.50m
step 00317 (34.19%) | loss: 1.310764 | lrm: 1.00 | dt: 1687.50ms | tok/sec: 77,672 | mfu: 0.00 | epoch: 1 | total time: 10.53m
step 00318 (34.30%) | loss: 1.293908 | lrm: 1.00 | dt: 1654.21ms | tok/sec: 79,235 | mfu: 0.00 | epoch: 1 | total time: 10.56m
step 00319 (34.40%) | loss: 1.297964 | lrm: 1.00 | dt: 1643.51ms | tok/sec: 79,751 | mfu: 0.00 | epoch: 1 | total time: 10.59m
step 00320 (34.52%) | loss: 1.303982 | lrm: 1.00 | dt: 1640.05ms | tok/sec: 79,919 | mfu: 0.00 | epoch: 1 | total time: 10.61m
step 00321 (34.62%) | loss: 1.305783 | lrm: 1.00 | dt: 1640.52ms | tok/sec: 79,896 | mfu: 0.00 | epoch: 1 | total time: 10.64m
step 00322 (34.73%) | loss: 1.301396 | lrm: 1.00 | dt: 1639.96ms | tok/sec: 79,923 | mfu: 0.00 | epoch: 1 | total time: 10.67m
step 00323 (34.84%) | loss: 1.283492 | lrm: 1.00 | dt: 1641.40ms | tok/sec: 79,853 | mfu: 0.00 | epoch: 1 | total time: 10.70m
step 00324 (34.94%) | loss: 1.285472 | lrm: 1.00 | dt: 1630.81ms | tok/sec: 80,372 | mfu: 0.00 | epoch: 1 | total time: 10.72m
step 00325 (35.06%) | loss: 1.310492 | lrm: 1.00 | dt: 1638.87ms | tok/sec: 79,977 | mfu: 0.00 | epoch: 1 | total time: 10.75m
step 00326 (35.16%) | loss: 1.334922 | lrm: 1.00 | dt: 1640.86ms | tok/sec: 79,880 | mfu: 0.00 | epoch: 1 | total time: 10.78m
step 00327 (35.27%) | loss: 1.335430 | lrm: 1.00 | dt: 1741.01ms | tok/sec: 75,284 | mfu: 0.00 | epoch: 1 | total time: 10.81m
step 00328 (35.38%) | loss: 1.330768 | lrm: 1.00 | dt: 1805.40ms | tok/sec: 72,600 | mfu: 0.00 | epoch: 1 | total time: 10.84m
step 00329 (35.49%) | loss: 1.316436 | lrm: 1.00 | dt: 1678.04ms | tok/sec: 78,110 | mfu: 0.00 | epoch: 1 | total time: 10.86m
step 00330 (35.60%) | loss: 1.348627 | lrm: 1.00 | dt: 1679.88ms | tok/sec: 78,024 | mfu: 0.00 | epoch: 1 | total time: 10.89m
step 00331 (35.70%) | loss: 1.368275 | lrm: 1.00 | dt: 1639.01ms | tok/sec: 79,970 | mfu: 0.00 | epoch: 1 | total time: 10.92m
step 00332 (35.81%) | loss: 1.351936 | lrm: 1.00 | dt: 1640.54ms | tok/sec: 79,895 | mfu: 0.00 | epoch: 1 | total time: 10.95m
step 00333 (35.92%) | loss: 1.355561 | lrm: 1.00 | dt: 1646.79ms | tok/sec: 79,592 | mfu: 0.00 | epoch: 1 | total time: 10.97m
step 00334 (36.03%) | loss: 1.362354 | lrm: 1.00 | dt: 1639.80ms | tok/sec: 79,931 | mfu: 0.00 | epoch: 1 | total time: 11.00m
step 00335 (36.14%) | loss: 1.358136 | lrm: 1.00 | dt: 1641.91ms | tok/sec: 79,829 | mfu: 0.00 | epoch: 1 | total time: 11.03m
step 00336 (36.25%) | loss: 1.360444 | lrm: 1.00 | dt: 1637.59ms | tok/sec: 80,039 | mfu: 0.00 | epoch: 1 | total time: 11.06m
step 00337 (36.36%) | loss: 1.368745 | lrm: 1.00 | dt: 1645.27ms | tok/sec: 79,665 | mfu: 0.00 | epoch: 1 | total time: 11.08m
step 00338 (36.47%) | loss: 1.373209 | lrm: 1.00 | dt: 1640.79ms | tok/sec: 79,883 | mfu: 0.00 | epoch: 1 | total time: 11.11m
step 00339 (36.57%) | loss: 1.344647 | lrm: 1.00 | dt: 1639.90ms | tok/sec: 79,926 | mfu: 0.00 | epoch: 1 | total time: 11.14m
step 00340 (36.68%) | loss: 1.347356 | lrm: 1.00 | dt: 1699.78ms | tok/sec: 77,111 | mfu: 0.00 | epoch: 1 | total time: 11.17m
step 00341 (36.79%) | loss: 1.338515 | lrm: 1.00 | dt: 1656.33ms | tok/sec: 79,134 | mfu: 0.00 | epoch: 1 | total time: 11.19m
step 00342 (36.89%) | loss: 1.314999 | lrm: 1.00 | dt: 1638.55ms | tok/sec: 79,992 | mfu: 0.00 | epoch: 1 | total time: 11.22m
step 00343 (37.00%) | loss: 1.314958 | lrm: 1.00 | dt: 1634.50ms | tok/sec: 80,190 | mfu: 0.00 | epoch: 1 | total time: 11.25m
step 00344 (37.11%) | loss: 1.297749 | lrm: 1.00 | dt: 1640.31ms | tok/sec: 79,906 | mfu: 0.00 | epoch: 1 | total time: 11.28m
step 00345 (37.22%) | loss: 1.305709 | lrm: 1.00 | dt: 1632.53ms | tok/sec: 80,287 | mfu: 0.00 | epoch: 1 | total time: 11.30m
step 00346 (37.32%) | loss: 1.306933 | lrm: 1.00 | dt: 1635.73ms | tok/sec: 80,130 | mfu: 0.00 | epoch: 1 | total time: 11.33m
step 00347 (37.43%) | loss: 1.279997 | lrm: 1.00 | dt: 1635.39ms | tok/sec: 80,147 | mfu: 0.00 | epoch: 1 | total time: 11.36m
step 00348 (37.54%) | loss: 1.279441 | lrm: 1.00 | dt: 1638.80ms | tok/sec: 79,980 | mfu: 0.00 | epoch: 1 | total time: 11.39m
step 00349 (37.65%) | loss: 1.271779 | lrm: 1.00 | dt: 1638.19ms | tok/sec: 80,010 | mfu: 0.00 | epoch: 1 | total time: 11.41m
step 00350 (37.76%) | loss: 1.253154 | lrm: 1.00 | dt: 1635.86ms | tok/sec: 80,124 | mfu: 0.00 | epoch: 1 | total time: 11.44m
step 00351 (37.87%) | loss: 1.268571 | lrm: 1.00 | dt: 1642.35ms | tok/sec: 79,807 | mfu: 0.00 | epoch: 1 | total time: 11.47m
step 00352 (37.98%) | loss: 1.299846 | lrm: 1.00 | dt: 1641.45ms | tok/sec: 79,851 | mfu: 0.00 | epoch: 1 | total time: 11.49m
step 00353 (38.08%) | loss: 1.296235 | lrm: 1.00 | dt: 1638.93ms | tok/sec: 79,974 | mfu: 0.00 | epoch: 1 | total time: 11.52m
step 00354 (38.19%) | loss: 1.284973 | lrm: 1.00 | dt: 1638.98ms | tok/sec: 79,971 | mfu: 0.00 | epoch: 1 | total time: 11.55m
step 00355 (38.30%) | loss: 1.265719 | lrm: 1.00 | dt: 1636.53ms | tok/sec: 80,091 | mfu: 0.00 | epoch: 1 | total time: 11.58m
step 00356 (38.41%) | loss: 1.289287 | lrm: 1.00 | dt: 1777.07ms | tok/sec: 73,757 | mfu: 0.00 | epoch: 1 | total time: 11.61m
step 00357 (38.51%) | loss: 1.284777 | lrm: 1.00 | dt: 1767.58ms | tok/sec: 74,153 | mfu: 0.00 | epoch: 1 | total time: 11.64m
step 00358 (38.62%) | loss: 1.279427 | lrm: 1.00 | dt: 1668.32ms | tok/sec: 78,565 | mfu: 0.00 | epoch: 1 | total time: 11.66m
step 00359 (38.73%) | loss: 1.279837 | lrm: 1.00 | dt: 1643.59ms | tok/sec: 79,747 | mfu: 0.00 | epoch: 1 | total time: 11.69m
step 00360 (38.83%) | loss: 1.274207 | lrm: 1.00 | dt: 1633.21ms | tok/sec: 80,254 | mfu: 0.00 | epoch: 1 | total time: 11.72m
step 00361 (38.94%) | loss: 1.268502 | lrm: 1.00 | dt: 1634.13ms | tok/sec: 80,209 | mfu: 0.00 | epoch: 1 | total time: 11.75m
step 00362 (39.05%) | loss: 1.270861 | lrm: 1.00 | dt: 1631.26ms | tok/sec: 80,349 | mfu: 0.00 | epoch: 1 | total time: 11.77m
step 00363 (39.16%) | loss: 1.265451 | lrm: 1.00 | dt: 1635.55ms | tok/sec: 80,139 | mfu: 0.00 | epoch: 1 | total time: 11.80m
step 00364 (39.27%) | loss: 1.220764 | lrm: 1.00 | dt: 1632.65ms | tok/sec: 80,281 | mfu: 0.00 | epoch: 1 | total time: 11.83m
step 00365 (39.38%) | loss: 1.222491 | lrm: 1.00 | dt: 1637.84ms | tok/sec: 80,027 | mfu: 0.00 | epoch: 1 | total time: 11.85m
step 00366 (39.49%) | loss: 1.258011 | lrm: 1.00 | dt: 1633.80ms | tok/sec: 80,225 | mfu: 0.00 | epoch: 1 | total time: 11.88m
step 00367 (39.60%) | loss: 1.253525 | lrm: 1.00 | dt: 1634.91ms | tok/sec: 80,170 | mfu: 0.00 | epoch: 1 | total time: 11.91m
step 00368 (39.70%) | loss: 1.264331 | lrm: 1.00 | dt: 1659.83ms | tok/sec: 78,967 | mfu: 0.00 | epoch: 1 | total time: 11.94m
step 00369 (39.81%) | loss: 1.268912 | lrm: 1.00 | dt: 1820.54ms | tok/sec: 71,996 | mfu: 0.00 | epoch: 1 | total time: 11.97m
step 00370 (39.92%) | loss: 1.278134 | lrm: 1.00 | dt: 1722.73ms | tok/sec: 76,084 | mfu: 0.00 | epoch: 1 | total time: 12.00m
step 00371 (40.03%) | loss: 1.253417 | lrm: 1.00 | dt: 1650.70ms | tok/sec: 79,403 | mfu: 0.00 | epoch: 1 | total time: 12.02m
step 00372 (40.15%) | loss: 1.255195 | lrm: 1.00 | dt: 1633.16ms | tok/sec: 80,256 | mfu: 0.00 | epoch: 1 | total time: 12.05m
step 00373 (40.26%) | loss: 1.250646 | lrm: 1.00 | dt: 1632.14ms | tok/sec: 80,306 | mfu: 0.00 | epoch: 1 | total time: 12.08m
step 00374 (40.36%) | loss: 1.230090 | lrm: 1.00 | dt: 1635.56ms | tok/sec: 80,138 | mfu: 0.00 | epoch: 1 | total time: 12.10m
step 00375 (40.47%) | loss: 1.211694 | lrm: 1.00 | dt: 1633.15ms | tok/sec: 80,257 | mfu: 0.00 | epoch: 1 | total time: 12.13m
step 00376 (40.59%) | loss: 1.193242 | lrm: 1.00 | dt: 1639.43ms | tok/sec: 79,949 | mfu: 0.00 | epoch: 1 | total time: 12.16m
step 00377 (40.69%) | loss: 1.223750 | lrm: 1.00 | dt: 1634.89ms | tok/sec: 80,171 | mfu: 0.00 | epoch: 1 | total time: 12.19m
step 00378 (40.80%) | loss: 1.258198 | lrm: 1.00 | dt: 1633.00ms | tok/sec: 80,264 | mfu: 0.00 | epoch: 1 | total time: 12.21m
step 00379 (40.91%) | loss: 1.289965 | lrm: 1.00 | dt: 1629.11ms | tok/sec: 80,456 | mfu: 0.00 | epoch: 1 | total time: 12.24m
step 00380 (41.02%) | loss: 1.271324 | lrm: 1.00 | dt: 1659.07ms | tok/sec: 79,003 | mfu: 0.00 | epoch: 1 | total time: 12.27m
step 00381 (41.13%) | loss: 1.274664 | lrm: 1.00 | dt: 1676.14ms | tok/sec: 78,198 | mfu: 0.00 | epoch: 1 | total time: 12.30m
step 00382 (41.23%) | loss: 1.277862 | lrm: 1.00 | dt: 1631.59ms | tok/sec: 80,333 | mfu: 0.00 | epoch: 1 | total time: 12.32m
step 00383 (41.35%) | loss: 1.294222 | lrm: 1.00 | dt: 1627.16ms | tok/sec: 80,552 | mfu: 0.00 | epoch: 1 | total time: 12.35m
step 00384 (41.45%) | loss: 1.300639 | lrm: 1.00 | dt: 1627.17ms | tok/sec: 80,551 | mfu: 0.00 | epoch: 1 | total time: 12.38m
step 00385 (41.56%) | loss: 1.312689 | lrm: 1.00 | dt: 1628.42ms | tok/sec: 80,490 | mfu: 0.00 | epoch: 1 | total time: 12.40m
step 00386 (41.67%) | loss: 1.322296 | lrm: 1.00 | dt: 1624.90ms | tok/sec: 80,664 | mfu: 0.00 | epoch: 1 | total time: 12.43m
step 00387 (41.78%) | loss: 1.305179 | lrm: 1.00 | dt: 1633.70ms | tok/sec: 80,229 | mfu: 0.00 | epoch: 1 | total time: 12.46m
step 00388 (41.89%) | loss: 1.314837 | lrm: 1.00 | dt: 1631.86ms | tok/sec: 80,320 | mfu: 0.00 | epoch: 1 | total time: 12.49m
step 00389 (41.99%) | loss: 1.256838 | lrm: 1.00 | dt: 1631.62ms | tok/sec: 80,332 | mfu: 0.00 | epoch: 1 | total time: 12.51m
step 00390 (42.10%) | loss: 1.278081 | lrm: 1.00 | dt: 1634.49ms | tok/sec: 80,191 | mfu: 0.00 | epoch: 1 | total time: 12.54m
step 00391 (42.20%) | loss: 1.270117 | lrm: 1.00 | dt: 1630.10ms | tok/sec: 80,407 | mfu: 0.00 | epoch: 1 | total time: 12.57m
step 00392 (42.31%) | loss: 1.269242 | lrm: 1.00 | dt: 1627.68ms | tok/sec: 80,526 | mfu: 0.00 | epoch: 1 | total time: 12.59m
step 00393 (42.42%) | loss: 1.250553 | lrm: 1.00 | dt: 1628.28ms | tok/sec: 80,497 | mfu: 0.00 | epoch: 1 | total time: 12.62m
step 00394 (42.52%) | loss: 1.247728 | lrm: 1.00 | dt: 1624.01ms | tok/sec: 80,708 | mfu: 0.00 | epoch: 1 | total time: 12.65m
step 00395 (42.63%) | loss: 1.265988 | lrm: 1.00 | dt: 1633.04ms | tok/sec: 80,262 | mfu: 0.00 | epoch: 1 | total time: 12.68m
step 00396 (42.74%) | loss: 1.256898 | lrm: 1.00 | dt: 1626.31ms | tok/sec: 80,594 | mfu: 0.00 | epoch: 1 | total time: 12.70m
step 00397 (42.84%) | loss: 1.209704 | lrm: 1.00 | dt: 1632.30ms | tok/sec: 80,299 | mfu: 0.00 | epoch: 1 | total time: 12.73m
step 00398 (42.95%) | loss: 1.188036 | lrm: 1.00 | dt: 1629.24ms | tok/sec: 80,449 | mfu: 0.00 | epoch: 1 | total time: 12.76m
step 00399 (43.07%) | loss: 1.202982 | lrm: 1.00 | dt: 1626.81ms | tok/sec: 80,570 | mfu: 0.00 | epoch: 1 | total time: 12.78m
step 00400 (43.18%) | loss: 1.205283 | lrm: 1.00 | dt: 1630.41ms | tok/sec: 80,391 | mfu: 0.00 | epoch: 1 | total time: 12.81m
Step 00400 | Validation bpb: 2.6406
step 00401 (43.29%) | loss: 1.229939 | lrm: 1.00 | dt: 1742.90ms | tok/sec: 75,203 | mfu: 0.00 | epoch: 1 | total time: 12.84m
step 00402 (43.39%) | loss: 1.241085 | lrm: 1.00 | dt: 1636.45ms | tok/sec: 80,095 | mfu: 0.00 | epoch: 1 | total time: 12.87m
step 00403 (43.50%) | loss: 1.230030 | lrm: 1.00 | dt: 1628.78ms | tok/sec: 80,472 | mfu: 0.00 | epoch: 1 | total time: 12.90m
step 00404 (43.62%) | loss: 1.215739 | lrm: 1.00 | dt: 1629.32ms | tok/sec: 80,445 | mfu: 0.00 | epoch: 1 | total time: 12.92m
step 00405 (43.72%) | loss: 1.213112 | lrm: 1.00 | dt: 1633.05ms | tok/sec: 80,261 | mfu: 0.00 | epoch: 1 | total time: 12.95m
step 00406 (43.83%) | loss: 1.223543 | lrm: 1.00 | dt: 1629.05ms | tok/sec: 80,459 | mfu: 0.00 | epoch: 1 | total time: 12.98m
step 00407 (43.93%) | loss: 1.202321 | lrm: 1.00 | dt: 1635.47ms | tok/sec: 80,143 | mfu: 0.00 | epoch: 1 | total time: 13.00m
step 00408 (44.04%) | loss: 1.197048 | lrm: 1.00 | dt: 1629.74ms | tok/sec: 80,425 | mfu: 0.00 | epoch: 1 | total time: 13.03m
step 00409 (44.15%) | loss: 1.205774 | lrm: 1.00 | dt: 1628.59ms | tok/sec: 80,482 | mfu: 0.00 | epoch: 1 | total time: 13.06m
step 00410 (44.26%) | loss: 1.207083 | lrm: 1.00 | dt: 1632.61ms | tok/sec: 80,283 | mfu: 0.00 | epoch: 1 | total time: 13.09m
step 00411 (44.37%) | loss: 1.206406 | lrm: 1.00 | dt: 1630.78ms | tok/sec: 80,374 | mfu: 0.00 | epoch: 1 | total time: 13.11m
step 00412 (44.48%) | loss: 1.221497 | lrm: 1.00 | dt: 1637.90ms | tok/sec: 80,024 | mfu: 0.00 | epoch: 1 | total time: 13.14m
step 00413 (44.59%) | loss: 1.216344 | lrm: 1.00 | dt: 1635.45ms | tok/sec: 80,144 | mfu: 0.00 | epoch: 1 | total time: 13.17m
step 00414 (44.69%) | loss: 1.231595 | lrm: 1.00 | dt: 1629.13ms | tok/sec: 80,455 | mfu: 0.00 | epoch: 1 | total time: 13.19m
step 00415 (44.80%) | loss: 1.230074 | lrm: 1.00 | dt: 1632.45ms | tok/sec: 80,291 | mfu: 0.00 | epoch: 1 | total time: 13.22m
step 00416 (44.91%) | loss: 1.219802 | lrm: 1.00 | dt: 1634.09ms | tok/sec: 80,211 | mfu: 0.00 | epoch: 1 | total time: 13.25m
step 00417 (45.02%) | loss: 1.203894 | lrm: 1.00 | dt: 1636.87ms | tok/sec: 80,074 | mfu: 0.00 | epoch: 1 | total time: 13.28m
step 00418 (45.13%) | loss: 1.214730 | lrm: 1.00 | dt: 1637.42ms | tok/sec: 80,047 | mfu: 0.00 | epoch: 1 | total time: 13.30m
step 00419 (45.23%) | loss: 1.238975 | lrm: 1.00 | dt: 1632.92ms | tok/sec: 80,268 | mfu: 0.00 | epoch: 1 | total time: 13.33m
step 00420 (45.34%) | loss: 1.188188 | lrm: 1.00 | dt: 1634.35ms | tok/sec: 80,198 | mfu: 0.00 | epoch: 1 | total time: 13.36m
step 00421 (45.45%) | loss: 1.179001 | lrm: 1.00 | dt: 1639.42ms | tok/sec: 79,950 | mfu: 0.00 | epoch: 1 | total time: 13.39m
step 00422 (45.55%) | loss: 1.214045 | lrm: 1.00 | dt: 1633.37ms | tok/sec: 80,246 | mfu: 0.00 | epoch: 1 | total time: 13.41m
step 00423 (45.66%) | loss: 1.311950 | lrm: 1.00 | dt: 1634.26ms | tok/sec: 80,202 | mfu: 0.00 | epoch: 1 | total time: 13.44m
step 00424 (45.76%) | loss: 1.302057 | lrm: 1.00 | dt: 1633.73ms | tok/sec: 80,228 | mfu: 0.00 | epoch: 1 | total time: 13.47m
step 00425 (45.87%) | loss: 1.281984 | lrm: 1.00 | dt: 1636.16ms | tok/sec: 80,109 | mfu: 0.00 | epoch: 1 | total time: 13.49m
step 00426 (45.98%) | loss: 1.273166 | lrm: 1.00 | dt: 1635.60ms | tok/sec: 80,136 | mfu: 0.00 | epoch: 1 | total time: 13.52m
step 00427 (46.09%) | loss: 1.276239 | lrm: 1.00 | dt: 1618.90ms | tok/sec: 80,963 | mfu: 0.00 | epoch: 1 | total time: 13.55m
step 00428 (46.20%) | loss: 1.250102 | lrm: 1.00 | dt: 1623.89ms | tok/sec: 80,715 | mfu: 0.00 | epoch: 1 | total time: 13.58m
step 00429 (46.30%) | loss: 1.233386 | lrm: 1.00 | dt: 1630.84ms | tok/sec: 80,370 | mfu: 0.00 | epoch: 1 | total time: 13.60m
step 00430 (46.41%) | loss: 1.205810 | lrm: 1.00 | dt: 1635.13ms | tok/sec: 80,159 | mfu: 0.00 | epoch: 1 | total time: 13.63m
step 00431 (46.52%) | loss: 1.229482 | lrm: 1.00 | dt: 1629.80ms | tok/sec: 80,422 | mfu: 0.00 | epoch: 1 | total time: 13.66m
step 00432 (46.62%) | loss: 1.207374 | lrm: 1.00 | dt: 1633.31ms | tok/sec: 80,249 | mfu: 0.00 | epoch: 1 | total time: 13.68m
step 00433 (46.73%) | loss: 1.187150 | lrm: 1.00 | dt: 1633.56ms | tok/sec: 80,236 | mfu: 0.00 | epoch: 1 | total time: 13.71m
step 00434 (46.84%) | loss: 1.241278 | lrm: 1.00 | dt: 1634.47ms | tok/sec: 80,192 | mfu: 0.00 | epoch: 1 | total time: 13.74m
step 00435 (46.95%) | loss: 1.232529 | lrm: 1.00 | dt: 1629.92ms | tok/sec: 80,416 | mfu: 0.00 | epoch: 1 | total time: 13.77m
step 00436 (47.06%) | loss: 1.219965 | lrm: 1.00 | dt: 1633.66ms | tok/sec: 80,232 | mfu: 0.00 | epoch: 1 | total time: 13.79m
step 00437 (47.17%) | loss: 1.213907 | lrm: 1.00 | dt: 1634.66ms | tok/sec: 80,182 | mfu: 0.00 | epoch: 1 | total time: 13.82m
step 00438 (47.28%) | loss: 1.186713 | lrm: 1.00 | dt: 1631.96ms | tok/sec: 80,315 | mfu: 0.00 | epoch: 1 | total time: 13.85m
step 00439 (47.38%) | loss: 1.170861 | lrm: 1.00 | dt: 1635.34ms | tok/sec: 80,149 | mfu: 0.00 | epoch: 1 | total time: 13.88m
step 00440 (47.49%) | loss: 1.181428 | lrm: 1.00 | dt: 1634.04ms | tok/sec: 80,213 | mfu: 0.00 | epoch: 1 | total time: 13.90m
step 00441 (47.59%) | loss: 1.211910 | lrm: 1.00 | dt: 1637.30ms | tok/sec: 80,053 | mfu: 0.00 | epoch: 1 | total time: 13.93m
step 00442 (47.70%) | loss: 1.212316 | lrm: 1.00 | dt: 1628.22ms | tok/sec: 80,500 | mfu: 0.00 | epoch: 1 | total time: 13.96m
step 00443 (47.81%) | loss: 1.210180 | lrm: 1.00 | dt: 1631.59ms | tok/sec: 80,333 | mfu: 0.00 | epoch: 1 | total time: 13.98m
step 00444 (47.92%) | loss: 1.243086 | lrm: 1.00 | dt: 1629.26ms | tok/sec: 80,448 | mfu: 0.00 | epoch: 1 | total time: 14.01m
step 00445 (48.03%) | loss: 1.249561 | lrm: 1.00 | dt: 1635.71ms | tok/sec: 80,131 | mfu: 0.00 | epoch: 1 | total time: 14.04m
step 00446 (48.13%) | loss: 1.241314 | lrm: 1.00 | dt: 1639.58ms | tok/sec: 79,942 | mfu: 0.00 | epoch: 1 | total time: 14.07m
step 00447 (48.24%) | loss: 1.252690 | lrm: 1.00 | dt: 1640.77ms | tok/sec: 79,884 | mfu: 0.00 | epoch: 1 | total time: 14.09m
step 00448 (48.35%) | loss: 1.257289 | lrm: 1.00 | dt: 1716.76ms | tok/sec: 76,348 | mfu: 0.00 | epoch: 1 | total time: 14.12m
step 00449 (48.46%) | loss: 1.270867 | lrm: 1.00 | dt: 1815.17ms | tok/sec: 72,209 | mfu: 0.00 | epoch: 1 | total time: 14.15m
step 00450 (48.57%) | loss: 1.259039 | lrm: 1.00 | dt: 1667.99ms | tok/sec: 78,580 | mfu: 0.00 | epoch: 1 | total time: 14.18m
step 00451 (48.68%) | loss: 1.280701 | lrm: 1.00 | dt: 1675.17ms | tok/sec: 78,243 | mfu: 0.00 | epoch: 1 | total time: 14.21m
step 00452 (48.78%) | loss: 1.311055 | lrm: 1.00 | dt: 1630.07ms | tok/sec: 80,409 | mfu: 0.00 | epoch: 1 | total time: 14.23m
step 00453 (48.89%) | loss: 1.319477 | lrm: 1.00 | dt: 1634.27ms | tok/sec: 80,202 | mfu: 0.00 | epoch: 1 | total time: 14.26m
step 00454 (48.99%) | loss: 1.309573 | lrm: 1.00 | dt: 1631.07ms | tok/sec: 80,359 | mfu: 0.00 | epoch: 1 | total time: 14.29m
step 00455 (49.10%) | loss: 1.288531 | lrm: 1.00 | dt: 1633.82ms | tok/sec: 80,224 | mfu: 0.00 | epoch: 1 | total time: 14.32m
step 00456 (49.21%) | loss: 1.255961 | lrm: 1.00 | dt: 1637.38ms | tok/sec: 80,049 | mfu: 0.00 | epoch: 1 | total time: 14.34m
step 00457 (49.32%) | loss: 1.237309 | lrm: 1.00 | dt: 1631.35ms | tok/sec: 80,345 | mfu: 0.00 | epoch: 1 | total time: 14.37m
step 00458 (49.42%) | loss: 1.194203 | lrm: 1.00 | dt: 1630.30ms | tok/sec: 80,397 | mfu: 0.00 | epoch: 1 | total time: 14.40m
step 00459 (49.53%) | loss: 1.170285 | lrm: 1.00 | dt: 1639.93ms | tok/sec: 79,925 | mfu: 0.00 | epoch: 1 | total time: 14.43m
step 00460 (49.64%) | loss: 1.192039 | lrm: 1.00 | dt: 1632.21ms | tok/sec: 80,303 | mfu: 0.00 | epoch: 1 | total time: 14.45m
step 00461 (49.75%) | loss: 1.197815 | lrm: 1.00 | dt: 1681.96ms | tok/sec: 77,928 | mfu: 0.00 | epoch: 1 | total time: 14.48m
step 00462 (49.86%) | loss: 1.205070 | lrm: 1.00 | dt: 1649.96ms | tok/sec: 79,439 | mfu: 0.00 | epoch: 1 | total time: 14.51m
step 00463 (49.96%) | loss: 1.183323 | lrm: 1.00 | dt: 1641.03ms | tok/sec: 79,871 | mfu: 0.00 | epoch: 1 | total time: 14.54m
step 00464 (50.07%) | loss: 1.231245 | lrm: 1.00 | dt: 1633.85ms | tok/sec: 80,222 | mfu: 0.00 | epoch: 1 | total time: 14.56m
step 00465 (50.18%) | loss: 1.188183 | lrm: 1.00 | dt: 1644.42ms | tok/sec: 79,706 | mfu: 0.00 | epoch: 1 | total time: 14.59m
step 00466 (50.29%) | loss: 1.209770 | lrm: 0.99 | dt: 1639.62ms | tok/sec: 79,940 | mfu: 0.00 | epoch: 1 | total time: 14.62m
step 00467 (50.40%) | loss: 1.182374 | lrm: 0.99 | dt: 1640.96ms | tok/sec: 79,875 | mfu: 0.00 | epoch: 1 | total time: 14.64m
step 00468 (50.51%) | loss: 1.184731 | lrm: 0.99 | dt: 1639.14ms | tok/sec: 79,963 | mfu: 0.00 | epoch: 1 | total time: 14.67m
step 00469 (50.62%) | loss: 1.197939 | lrm: 0.99 | dt: 1636.72ms | tok/sec: 80,082 | mfu: 0.00 | epoch: 1 | total time: 14.70m
step 00470 (50.73%) | loss: 1.195888 | lrm: 0.99 | dt: 1639.90ms | tok/sec: 79,926 | mfu: 0.00 | epoch: 1 | total time: 14.73m
step 00471 (50.83%) | loss: 1.207833 | lrm: 0.98 | dt: 1644.34ms | tok/sec: 79,711 | mfu: 0.00 | epoch: 1 | total time: 14.75m
step 00472 (50.94%) | loss: 1.177422 | lrm: 0.98 | dt: 1633.32ms | tok/sec: 80,249 | mfu: 0.00 | epoch: 1 | total time: 14.78m
step 00473 (51.05%) | loss: 1.189609 | lrm: 0.98 | dt: 1640.73ms | tok/sec: 79,886 | mfu: 0.00 | epoch: 1 | total time: 14.81m
step 00474 (51.16%) | loss: 1.233727 | lrm: 0.98 | dt: 1640.69ms | tok/sec: 79,888 | mfu: 0.00 | epoch: 1 | total time: 14.84m
step 00475 (51.27%) | loss: 1.210212 | lrm: 0.97 | dt: 1637.05ms | tok/sec: 80,065 | mfu: 0.00 | epoch: 1 | total time: 14.86m
step 00476 (51.38%) | loss: 1.190904 | lrm: 0.97 | dt: 1649.49ms | tok/sec: 79,462 | mfu: 0.00 | epoch: 1 | total time: 14.89m
step 00477 (51.48%) | loss: 1.175946 | lrm: 0.97 | dt: 1642.13ms | tok/sec: 79,818 | mfu: 0.00 | epoch: 1 | total time: 14.92m
step 00478 (51.59%) | loss: 1.194155 | lrm: 0.97 | dt: 1645.32ms | tok/sec: 79,663 | mfu: 0.00 | epoch: 1 | total time: 14.95m
step 00479 (51.70%) | loss: 1.205843 | lrm: 0.97 | dt: 1641.92ms | tok/sec: 79,828 | mfu: 0.00 | epoch: 1 | total time: 14.97m
step 00480 (51.81%) | loss: 1.200936 | lrm: 0.96 | dt: 1634.45ms | tok/sec: 80,193 | mfu: 0.00 | epoch: 1 | total time: 15.00m
step 00481 (51.92%) | loss: 1.213222 | lrm: 0.96 | dt: 1635.89ms | tok/sec: 80,122 | mfu: 0.00 | epoch: 1 | total time: 15.03m
step 00482 (52.03%) | loss: 1.198176 | lrm: 0.96 | dt: 1640.17ms | tok/sec: 79,913 | mfu: 0.00 | epoch: 1 | total time: 15.05m
step 00483 (52.13%) | loss: 1.182911 | lrm: 0.96 | dt: 1639.43ms | tok/sec: 79,949 | mfu: 0.00 | epoch: 1 | total time: 15.08m
step 00484 (52.24%) | loss: 1.182243 | lrm: 0.96 | dt: 1640.04ms | tok/sec: 79,920 | mfu: 0.00 | epoch: 1 | total time: 15.11m
step 00485 (52.35%) | loss: 1.173848 | lrm: 0.95 | dt: 1644.72ms | tok/sec: 79,692 | mfu: 0.00 | epoch: 1 | total time: 15.14m
step 00486 (52.46%) | loss: 1.197606 | lrm: 0.95 | dt: 1637.66ms | tok/sec: 80,035 | mfu: 0.00 | epoch: 1 | total time: 15.16m
step 00487 (52.56%) | loss: 1.184343 | lrm: 0.95 | dt: 1638.14ms | tok/sec: 80,012 | mfu: 0.00 | epoch: 1 | total time: 15.19m
step 00488 (52.67%) | loss: 1.197592 | lrm: 0.95 | dt: 1632.16ms | tok/sec: 80,305 | mfu: 0.00 | epoch: 1 | total time: 15.22m
step 00489 (52.78%) | loss: 1.206663 | lrm: 0.94 | dt: 1639.33ms | tok/sec: 79,954 | mfu: 0.00 | epoch: 1 | total time: 15.25m
step 00490 (52.88%) | loss: 1.208117 | lrm: 0.94 | dt: 1638.88ms | tok/sec: 79,976 | mfu: 0.00 | epoch: 1 | total time: 15.27m
step 00491 (52.99%) | loss: 1.225382 | lrm: 0.94 | dt: 1641.86ms | tok/sec: 79,831 | mfu: 0.00 | epoch: 1 | total time: 15.30m
step 00492 (53.10%) | loss: 1.243443 | lrm: 0.94 | dt: 1809.99ms | tok/sec: 72,415 | mfu: 0.00 | epoch: 1 | total time: 15.33m
step 00493 (53.20%) | loss: 1.227619 | lrm: 0.94 | dt: 2332.99ms | tok/sec: 56,182 | mfu: 0.00 | epoch: 1 | total time: 15.37m
step 00494 (53.31%) | loss: 1.255850 | lrm: 0.93 | dt: 2278.91ms | tok/sec: 57,515 | mfu: 0.00 | epoch: 1 | total time: 15.41m
step 00495 (53.42%) | loss: 1.280091 | lrm: 0.93 | dt: 1648.25ms | tok/sec: 79,522 | mfu: 0.00 | epoch: 1 | total time: 15.44m
step 00496 (53.53%) | loss: 1.279578 | lrm: 0.93 | dt: 1651.84ms | tok/sec: 79,349 | mfu: 0.00 | epoch: 1 | total time: 15.46m
step 00497 (53.64%) | loss: 1.290310 | lrm: 0.93 | dt: 1825.52ms | tok/sec: 71,799 | mfu: 0.00 | epoch: 1 | total time: 15.49m
step 00498 (53.75%) | loss: 1.284622 | lrm: 0.93 | dt: 1798.97ms | tok/sec: 72,859 | mfu: 0.00 | epoch: 1 | total time: 15.52m
step 00499 (53.86%) | loss: 1.297652 | lrm: 0.92 | dt: 1682.57ms | tok/sec: 77,899 | mfu: 0.00 | epoch: 1 | total time: 15.55m
step 00500 (53.97%) | loss: 1.292766 | lrm: 0.92 | dt: 1677.83ms | tok/sec: 78,120 | mfu: 0.00 | epoch: 1 | total time: 15.58m
Step 00500 | Validation bpb: 2.6697
step 00501 (54.07%) | loss: 1.257264 | lrm: 0.92 | dt: 1754.52ms | tok/sec: 74,705 | mfu: 0.00 | epoch: 1 | total time: 15.61m
step 00502 (54.18%) | loss: 1.262354 | lrm: 0.92 | dt: 1636.13ms | tok/sec: 80,111 | mfu: 0.00 | epoch: 1 | total time: 15.64m
step 00503 (54.29%) | loss: 1.220069 | lrm: 0.91 | dt: 1630.65ms | tok/sec: 80,380 | mfu: 0.00 | epoch: 1 | total time: 15.66m
step 00504 (54.40%) | loss: 1.247905 | lrm: 0.91 | dt: 1639.00ms | tok/sec: 79,970 | mfu: 0.00 | epoch: 1 | total time: 15.69m
step 00505 (54.51%) | loss: 1.232470 | lrm: 0.91 | dt: 1622.69ms | tok/sec: 80,774 | mfu: 0.00 | epoch: 1 | total time: 15.72m
step 00506 (54.62%) | loss: 1.235002 | lrm: 0.91 | dt: 1633.50ms | tok/sec: 80,240 | mfu: 0.00 | epoch: 1 | total time: 15.74m
step 00507 (54.72%) | loss: 1.231594 | lrm: 0.91 | dt: 1650.43ms | tok/sec: 79,416 | mfu: 0.00 | epoch: 1 | total time: 15.77m
step 00508 (54.83%) | loss: 1.245203 | lrm: 0.90 | dt: 1695.28ms | tok/sec: 77,315 | mfu: 0.00 | epoch: 1 | total time: 15.80m
step 00509 (54.94%) | loss: 1.234456 | lrm: 0.90 | dt: 1640.52ms | tok/sec: 79,896 | mfu: 0.00 | epoch: 1 | total time: 15.83m
step 00510 (55.04%) | loss: 1.209768 | lrm: 0.90 | dt: 1632.91ms | tok/sec: 80,268 | mfu: 0.00 | epoch: 1 | total time: 15.85m
step 00511 (55.15%) | loss: 1.217477 | lrm: 0.90 | dt: 1636.22ms | tok/sec: 80,106 | mfu: 0.00 | epoch: 1 | total time: 15.88m
step 00512 (55.26%) | loss: 1.245163 | lrm: 0.89 | dt: 1637.82ms | tok/sec: 80,028 | mfu: 0.00 | epoch: 1 | total time: 15.91m
step 00513 (55.37%) | loss: 1.254796 | lrm: 0.89 | dt: 1630.24ms | tok/sec: 80,400 | mfu: 0.00 | epoch: 1 | total time: 15.94m
step 00514 (55.48%) | loss: 1.245925 | lrm: 0.89 | dt: 1632.79ms | tok/sec: 80,274 | mfu: 0.00 | epoch: 1 | total time: 15.96m
step 00515 (55.58%) | loss: 1.235832 | lrm: 0.89 | dt: 1640.54ms | tok/sec: 79,895 | mfu: 0.00 | epoch: 1 | total time: 15.99m
step 00516 (55.69%) | loss: 1.224407 | lrm: 0.89 | dt: 1632.56ms | tok/sec: 80,286 | mfu: 0.00 | epoch: 1 | total time: 16.02m
step 00517 (55.80%) | loss: 1.219519 | lrm: 0.88 | dt: 1633.27ms | tok/sec: 80,251 | mfu: 0.00 | epoch: 1 | total time: 16.05m
step 00518 (55.90%) | loss: 1.200994 | lrm: 0.88 | dt: 1637.33ms | tok/sec: 80,052 | mfu: 0.00 | epoch: 1 | total time: 16.07m
step 00519 (56.01%) | loss: 1.220111 | lrm: 0.88 | dt: 1633.34ms | tok/sec: 80,247 | mfu: 0.00 | epoch: 1 | total time: 16.10m
step 00520 (56.12%) | loss: 1.225526 | lrm: 0.88 | dt: 1638.17ms | tok/sec: 80,011 | mfu: 0.00 | epoch: 1 | total time: 16.13m
step 00521 (56.23%) | loss: 1.225186 | lrm: 0.88 | dt: 1640.87ms | tok/sec: 79,879 | mfu: 0.00 | epoch: 1 | total time: 16.15m
step 00522 (56.34%) | loss: 1.199802 | lrm: 0.87 | dt: 1637.28ms | tok/sec: 80,054 | mfu: 0.00 | epoch: 1 | total time: 16.18m
step 00523 (56.44%) | loss: 1.188792 | lrm: 0.87 | dt: 1635.18ms | tok/sec: 80,157 | mfu: 0.00 | epoch: 1 | total time: 16.21m
step 00524 (56.55%) | loss: 1.192951 | lrm: 0.87 | dt: 1628.66ms | tok/sec: 80,478 | mfu: 0.00 | epoch: 1 | total time: 16.24m
step 00525 (56.66%) | loss: 1.146615 | lrm: 0.87 | dt: 1640.42ms | tok/sec: 79,901 | mfu: 0.00 | epoch: 1 | total time: 16.26m
step 00526 (56.76%) | loss: 1.152185 | lrm: 0.86 | dt: 1635.58ms | tok/sec: 80,138 | mfu: 0.00 | epoch: 1 | total time: 16.29m
step 00527 (56.87%) | loss: 1.162015 | lrm: 0.86 | dt: 1636.24ms | tok/sec: 80,105 | mfu: 0.00 | epoch: 1 | total time: 16.32m
step 00528 (56.98%) | loss: 1.173101 | lrm: 0.86 | dt: 1630.47ms | tok/sec: 80,389 | mfu: 0.00 | epoch: 1 | total time: 16.35m
step 00529 (57.09%) | loss: 1.157835 | lrm: 0.86 | dt: 1639.26ms | tok/sec: 79,957 | mfu: 0.00 | epoch: 1 | total time: 16.37m
step 00530 (57.19%) | loss: 1.134853 | lrm: 0.86 | dt: 1632.99ms | tok/sec: 80,265 | mfu: 0.00 | epoch: 1 | total time: 16.40m
step 00531 (57.30%) | loss: 1.158661 | lrm: 0.85 | dt: 1639.06ms | tok/sec: 79,967 | mfu: 0.00 | epoch: 1 | total time: 16.43m
step 00532 (57.41%) | loss: 1.176714 | lrm: 0.85 | dt: 1643.56ms | tok/sec: 79,748 | mfu: 0.00 | epoch: 1 | total time: 16.45m
step 00533 (57.51%) | loss: 1.139027 | lrm: 0.85 | dt: 1636.16ms | tok/sec: 80,109 | mfu: 0.00 | epoch: 1 | total time: 16.48m
step 00534 (57.62%) | loss: 1.168021 | lrm: 0.85 | dt: 1635.93ms | tok/sec: 80,120 | mfu: 0.00 | epoch: 1 | total time: 16.51m
step 00535 (57.73%) | loss: 1.163412 | lrm: 0.85 | dt: 1639.90ms | tok/sec: 79,926 | mfu: 0.00 | epoch: 1 | total time: 16.54m
step 00536 (57.84%) | loss: 1.153742 | lrm: 0.84 | dt: 1635.34ms | tok/sec: 80,149 | mfu: 0.00 | epoch: 1 | total time: 16.56m
step 00537 (57.95%) | loss: 1.130798 | lrm: 0.84 | dt: 1636.98ms | tok/sec: 80,069 | mfu: 0.00 | epoch: 1 | total time: 16.59m
step 00538 (58.05%) | loss: 1.132665 | lrm: 0.84 | dt: 1633.86ms | tok/sec: 80,222 | mfu: 0.00 | epoch: 1 | total time: 16.62m
step 00539 (58.17%) | loss: 1.136834 | lrm: 0.84 | dt: 1641.76ms | tok/sec: 79,836 | mfu: 0.00 | epoch: 1 | total time: 16.65m
step 00540 (58.27%) | loss: 1.144793 | lrm: 0.83 | dt: 1633.06ms | tok/sec: 80,261 | mfu: 0.00 | epoch: 1 | total time: 16.67m
step 00541 (58.38%) | loss: 1.129152 | lrm: 0.83 | dt: 1637.53ms | tok/sec: 80,042 | mfu: 0.00 | epoch: 1 | total time: 16.70m
step 00542 (58.49%) | loss: 1.115488 | lrm: 0.83 | dt: 1638.94ms | tok/sec: 79,973 | mfu: 0.00 | epoch: 1 | total time: 16.73m
step 00543 (58.59%) | loss: 1.130347 | lrm: 0.83 | dt: 1628.45ms | tok/sec: 80,488 | mfu: 0.00 | epoch: 1 | total time: 16.75m
step 00544 (58.70%) | loss: 1.148033 | lrm: 0.83 | dt: 1636.70ms | tok/sec: 80,083 | mfu: 0.00 | epoch: 1 | total time: 16.78m
step 00545 (58.81%) | loss: 1.161096 | lrm: 0.82 | dt: 1636.72ms | tok/sec: 80,082 | mfu: 0.00 | epoch: 1 | total time: 16.81m
step 00546 (58.92%) | loss: 1.151299 | lrm: 0.82 | dt: 1632.07ms | tok/sec: 80,310 | mfu: 0.00 | epoch: 1 | total time: 16.84m
step 00547 (59.03%) | loss: 1.147398 | lrm: 0.82 | dt: 1629.65ms | tok/sec: 80,429 | mfu: 0.00 | epoch: 1 | total time: 16.86m
step 00548 (59.13%) | loss: 1.130584 | lrm: 0.82 | dt: 1631.34ms | tok/sec: 80,346 | mfu: 0.00 | epoch: 1 | total time: 16.89m
step 00549 (59.24%) | loss: 1.132915 | lrm: 0.82 | dt: 1626.59ms | tok/sec: 80,581 | mfu: 0.00 | epoch: 1 | total time: 16.92m
step 00550 (59.35%) | loss: 1.115392 | lrm: 0.81 | dt: 1631.11ms | tok/sec: 80,357 | mfu: 0.00 | epoch: 1 | total time: 16.95m
step 00551 (59.46%) | loss: 1.110923 | lrm: 0.81 | dt: 1634.57ms | tok/sec: 80,187 | mfu: 0.00 | epoch: 1 | total time: 16.97m
step 00552 (59.57%) | loss: 1.128255 | lrm: 0.81 | dt: 1634.72ms | tok/sec: 80,180 | mfu: 0.00 | epoch: 1 | total time: 17.00m
step 00553 (59.67%) | loss: 1.121662 | lrm: 0.81 | dt: 1631.49ms | tok/sec: 80,338 | mfu: 0.00 | epoch: 1 | total time: 17.03m
step 00554 (59.79%) | loss: 1.129163 | lrm: 0.80 | dt: 1632.37ms | tok/sec: 80,295 | mfu: 0.00 | epoch: 1 | total time: 17.05m
step 00555 (59.90%) | loss: 1.102954 | lrm: 0.80 | dt: 1630.59ms | tok/sec: 80,383 | mfu: 0.00 | epoch: 1 | total time: 17.08m
step 00556 (60.01%) | loss: 1.107533 | lrm: 0.80 | dt: 1632.87ms | tok/sec: 80,270 | mfu: 0.00 | epoch: 1 | total time: 17.11m
step 00557 (60.12%) | loss: 1.088920 | lrm: 0.80 | dt: 1628.52ms | tok/sec: 80,485 | mfu: 0.00 | epoch: 1 | total time: 17.14m
step 00558 (60.23%) | loss: 1.087994 | lrm: 0.80 | dt: 1631.93ms | tok/sec: 80,317 | mfu: 0.00 | epoch: 1 | total time: 17.16m
step 00559 (60.33%) | loss: 1.090486 | lrm: 0.79 | dt: 1630.98ms | tok/sec: 80,364 | mfu: 0.00 | epoch: 1 | total time: 17.19m
step 00560 (60.43%) | loss: 1.087431 | lrm: 0.79 | dt: 1635.45ms | tok/sec: 80,144 | mfu: 0.00 | epoch: 1 | total time: 17.22m
step 00561 (60.54%) | loss: 1.093175 | lrm: 0.79 | dt: 1632.93ms | tok/sec: 80,267 | mfu: 0.00 | epoch: 1 | total time: 17.24m
step 00562 (60.65%) | loss: 1.076657 | lrm: 0.79 | dt: 1632.31ms | tok/sec: 80,298 | mfu: 0.00 | epoch: 1 | total time: 17.27m
step 00563 (60.76%) | loss: 1.071406 | lrm: 0.78 | dt: 1634.99ms | tok/sec: 80,166 | mfu: 0.00 | epoch: 1 | total time: 17.30m
step 00564 (60.86%) | loss: 1.070250 | lrm: 0.78 | dt: 1639.25ms | tok/sec: 79,958 | mfu: 0.00 | epoch: 1 | total time: 17.33m
step 00565 (60.97%) | loss: 1.082023 | lrm: 0.78 | dt: 1626.06ms | tok/sec: 80,607 | mfu: 0.00 | epoch: 1 | total time: 17.35m
step 00566 (61.08%) | loss: 1.110389 | lrm: 0.78 | dt: 1626.47ms | tok/sec: 80,586 | mfu: 0.00 | epoch: 1 | total time: 17.38m
step 00567 (61.20%) | loss: 1.069576 | lrm: 0.78 | dt: 1635.99ms | tok/sec: 80,117 | mfu: 0.00 | epoch: 1 | total time: 17.41m
step 00568 (61.31%) | loss: 1.086627 | lrm: 0.77 | dt: 1629.81ms | tok/sec: 80,421 | mfu: 0.00 | epoch: 1 | total time: 17.43m
step 00569 (61.41%) | loss: 1.096182 | lrm: 0.77 | dt: 1636.02ms | tok/sec: 80,116 | mfu: 0.00 | epoch: 1 | total time: 17.46m
step 00570 (61.52%) | loss: 1.102557 | lrm: 0.77 | dt: 1633.84ms | tok/sec: 80,223 | mfu: 0.00 | epoch: 1 | total time: 17.49m
step 00571 (61.62%) | loss: 1.121143 | lrm: 0.77 | dt: 1638.28ms | tok/sec: 80,005 | mfu: 0.00 | epoch: 1 | total time: 17.52m
step 00572 (61.73%) | loss: 1.114531 | lrm: 0.77 | dt: 1637.43ms | tok/sec: 80,047 | mfu: 0.00 | epoch: 1 | total time: 17.54m
step 00573 (61.84%) | loss: 1.122707 | lrm: 0.76 | dt: 1630.10ms | tok/sec: 80,407 | mfu: 0.00 | epoch: 1 | total time: 17.57m
step 00574 (61.94%) | loss: 1.119268 | lrm: 0.76 | dt: 1630.10ms | tok/sec: 80,407 | mfu: 0.00 | epoch: 1 | total time: 17.60m
step 00575 (62.05%) | loss: 1.119677 | lrm: 0.76 | dt: 1630.41ms | tok/sec: 80,392 | mfu: 0.00 | epoch: 1 | total time: 17.63m
step 00576 (62.15%) | loss: 1.113233 | lrm: 0.76 | dt: 1635.35ms | tok/sec: 80,149 | mfu: 0.00 | epoch: 1 | total time: 17.65m
step 00577 (62.26%) | loss: 1.094551 | lrm: 0.75 | dt: 1632.99ms | tok/sec: 80,264 | mfu: 0.00 | epoch: 1 | total time: 17.68m
step 00578 (62.37%) | loss: 1.094591 | lrm: 0.75 | dt: 1634.78ms | tok/sec: 80,177 | mfu: 0.00 | epoch: 1 | total time: 17.71m
step 00579 (62.48%) | loss: 1.090731 | lrm: 0.75 | dt: 1635.77ms | tok/sec: 80,128 | mfu: 0.00 | epoch: 1 | total time: 17.73m
step 00580 (62.58%) | loss: 1.089607 | lrm: 0.75 | dt: 1624.36ms | tok/sec: 80,691 | mfu: 0.00 | epoch: 1 | total time: 17.76m
step 00581 (62.68%) | loss: 1.120113 | lrm: 0.75 | dt: 1630.54ms | tok/sec: 80,385 | mfu: 0.00 | epoch: 1 | total time: 17.79m
step 00582 (62.79%) | loss: 1.116943 | lrm: 0.74 | dt: 1845.25ms | tok/sec: 71,031 | mfu: 0.00 | epoch: 1 | total time: 17.82m
step 00583 (62.89%) | loss: 1.094149 | lrm: 0.74 | dt: 1706.79ms | tok/sec: 76,794 | mfu: 0.00 | epoch: 1 | total time: 17.85m
step 00584 (63.00%) | loss: 1.090582 | lrm: 0.74 | dt: 1659.91ms | tok/sec: 78,963 | mfu: 0.00 | epoch: 1 | total time: 17.88m
step 00585 (63.11%) | loss: 1.088435 | lrm: 0.74 | dt: 1669.32ms | tok/sec: 78,518 | mfu: 0.00 | epoch: 1 | total time: 17.90m
step 00586 (63.21%) | loss: 1.086773 | lrm: 0.74 | dt: 1632.05ms | tok/sec: 80,311 | mfu: 0.00 | epoch: 1 | total time: 17.93m
step 00587 (63.32%) | loss: 1.117728 | lrm: 0.73 | dt: 1630.62ms | tok/sec: 80,381 | mfu: 0.00 | epoch: 1 | total time: 17.96m
step 00588 (63.42%) | loss: 1.116679 | lrm: 0.73 | dt: 1632.01ms | tok/sec: 80,313 | mfu: 0.00 | epoch: 1 | total time: 17.98m
step 00589 (63.53%) | loss: 1.111029 | lrm: 0.73 | dt: 1633.28ms | tok/sec: 80,250 | mfu: 0.00 | epoch: 1 | total time: 18.01m
step 00590 (63.64%) | loss: 1.104851 | lrm: 0.73 | dt: 1628.28ms | tok/sec: 80,497 | mfu: 0.00 | epoch: 1 | total time: 18.04m
step 00591 (63.75%) | loss: 1.092625 | lrm: 0.73 | dt: 1628.53ms | tok/sec: 80,484 | mfu: 0.00 | epoch: 1 | total time: 18.07m
step 00592 (63.85%) | loss: 1.095091 | lrm: 0.72 | dt: 1629.54ms | tok/sec: 80,435 | mfu: 0.00 | epoch: 1 | total time: 18.09m
step 00593 (63.96%) | loss: 1.112866 | lrm: 0.72 | dt: 1629.03ms | tok/sec: 80,459 | mfu: 0.00 | epoch: 1 | total time: 18.12m
step 00594 (64.07%) | loss: 1.117820 | lrm: 0.72 | dt: 1630.26ms | tok/sec: 80,399 | mfu: 0.00 | epoch: 1 | total time: 18.15m
step 00595 (64.18%) | loss: 1.117151 | lrm: 0.72 | dt: 1687.13ms | tok/sec: 77,689 | mfu: 0.00 | epoch: 1 | total time: 18.18m
step 00596 (64.29%) | loss: 1.112924 | lrm: 0.71 | dt: 1638.86ms | tok/sec: 79,977 | mfu: 0.00 | epoch: 1 | total time: 18.20m
step 00597 (64.40%) | loss: 1.111066 | lrm: 0.71 | dt: 1633.11ms | tok/sec: 80,258 | mfu: 0.00 | epoch: 1 | total time: 18.23m
step 00598 (64.51%) | loss: 1.084916 | lrm: 0.71 | dt: 1631.32ms | tok/sec: 80,347 | mfu: 0.00 | epoch: 1 | total time: 18.26m
step 00599 (64.62%) | loss: 1.069296 | lrm: 0.71 | dt: 1630.32ms | tok/sec: 80,396 | mfu: 0.00 | epoch: 1 | total time: 18.28m
step 00600 (64.72%) | loss: 1.073507 | lrm: 0.71 | dt: 1631.41ms | tok/sec: 80,342 | mfu: 0.00 | epoch: 1 | total time: 18.31m
Step 00600 | Validation bpb: 2.6995
step 00601 (64.83%) | loss: 1.041036 | lrm: 0.70 | dt: 1718.37ms | tok/sec: 76,277 | mfu: 0.00 | epoch: 1 | total time: 18.34m
step 00602 (64.94%) | loss: 1.075436 | lrm: 0.70 | dt: 1633.90ms | tok/sec: 80,220 | mfu: 0.00 | epoch: 1 | total time: 18.37m
step 00603 (65.04%) | loss: 1.057443 | lrm: 0.70 | dt: 1630.42ms | tok/sec: 80,391 | mfu: 0.00 | epoch: 1 | total time: 18.40m
step 00604 (65.15%) | loss: 1.045616 | lrm: 0.70 | dt: 1633.00ms | tok/sec: 80,264 | mfu: 0.00 | epoch: 1 | total time: 18.42m
step 00605 (65.26%) | loss: 1.029833 | lrm: 0.69 | dt: 1630.33ms | tok/sec: 80,396 | mfu: 0.00 | epoch: 1 | total time: 18.45m
step 00606 (65.37%) | loss: 1.016119 | lrm: 0.69 | dt: 1638.61ms | tok/sec: 79,989 | mfu: 0.00 | epoch: 1 | total time: 18.48m
step 00607 (65.48%) | loss: 1.007371 | lrm: 0.69 | dt: 1631.95ms | tok/sec: 80,315 | mfu: 0.00 | epoch: 1 | total time: 18.50m
step 00608 (65.58%) | loss: 1.024492 | lrm: 0.69 | dt: 1630.07ms | tok/sec: 80,409 | mfu: 0.00 | epoch: 1 | total time: 18.53m
step 00609 (65.69%) | loss: 0.998208 | lrm: 0.69 | dt: 1636.29ms | tok/sec: 80,103 | mfu: 0.00 | epoch: 1 | total time: 18.56m
step 00610 (65.80%) | loss: 0.998700 | lrm: 0.68 | dt: 1635.94ms | tok/sec: 80,120 | mfu: 0.00 | epoch: 1 | total time: 18.59m
step 00611 (65.91%) | loss: 0.987252 | lrm: 0.68 | dt: 1631.51ms | tok/sec: 80,337 | mfu: 0.00 | epoch: 1 | total time: 18.61m
step 00612 (66.02%) | loss: 0.990379 | lrm: 0.68 | dt: 1631.95ms | tok/sec: 80,316 | mfu: 0.00 | epoch: 1 | total time: 18.64m
step 00613 (66.13%) | loss: 0.989801 | lrm: 0.68 | dt: 1637.15ms | tok/sec: 80,061 | mfu: 0.00 | epoch: 1 | total time: 18.67m
step 00614 (66.24%) | loss: 0.983914 | lrm: 0.68 | dt: 1631.71ms | tok/sec: 80,328 | mfu: 0.00 | epoch: 1 | total time: 18.69m
step 00615 (66.35%) | loss: 0.995737 | lrm: 0.67 | dt: 1629.56ms | tok/sec: 80,433 | mfu: 0.00 | epoch: 1 | total time: 18.72m
step 00616 (66.45%) | loss: 0.999486 | lrm: 0.67 | dt: 1629.72ms | tok/sec: 80,426 | mfu: 0.00 | epoch: 1 | total time: 18.75m
step 00617 (66.56%) | loss: 0.999874 | lrm: 0.67 | dt: 1631.65ms | tok/sec: 80,330 | mfu: 0.00 | epoch: 1 | total time: 18.78m
step 00618 (66.67%) | loss: 0.980531 | lrm: 0.67 | dt: 1632.63ms | tok/sec: 80,282 | mfu: 0.00 | epoch: 1 | total time: 18.80m
step 00619 (66.78%) | loss: 0.975952 | lrm: 0.66 | dt: 1634.36ms | tok/sec: 80,197 | mfu: 0.00 | epoch: 1 | total time: 18.83m
step 00620 (66.88%) | loss: 0.975614 | lrm: 0.66 | dt: 1627.89ms | tok/sec: 80,516 | mfu: 0.00 | epoch: 1 | total time: 18.86m
step 00621 (66.99%) | loss: 0.985596 | lrm: 0.66 | dt: 1643.67ms | tok/sec: 79,743 | mfu: 0.00 | epoch: 1 | total time: 18.89m
step 00622 (67.10%) | loss: 0.989479 | lrm: 0.66 | dt: 1633.29ms | tok/sec: 80,250 | mfu: 0.00 | epoch: 1 | total time: 18.91m
step 00623 (67.21%) | loss: 0.990438 | lrm: 0.66 | dt: 1636.04ms | tok/sec: 80,115 | mfu: 0.00 | epoch: 1 | total time: 18.94m
step 00624 (67.32%) | loss: 0.998183 | lrm: 0.65 | dt: 1637.62ms | tok/sec: 80,037 | mfu: 0.00 | epoch: 1 | total time: 18.97m
step 00625 (67.42%) | loss: 1.013968 | lrm: 0.65 | dt: 1636.15ms | tok/sec: 80,110 | mfu: 0.00 | epoch: 1 | total time: 18.99m
step 00626 (67.53%) | loss: 0.994047 | lrm: 0.65 | dt: 1628.44ms | tok/sec: 80,489 | mfu: 0.00 | epoch: 1 | total time: 19.02m
step 00627 (67.64%) | loss: 1.007807 | lrm: 0.65 | dt: 1634.26ms | tok/sec: 80,202 | mfu: 0.00 | epoch: 1 | total time: 19.05m
step 00628 (67.75%) | loss: 1.055388 | lrm: 0.64 | dt: 1634.92ms | tok/sec: 80,170 | mfu: 0.00 | epoch: 1 | total time: 19.08m
step 00629 (67.86%) | loss: 1.050648 | lrm: 0.64 | dt: 1635.05ms | tok/sec: 80,163 | mfu: 0.00 | epoch: 1 | total time: 19.10m
step 00630 (67.97%) | loss: 1.042532 | lrm: 0.64 | dt: 1625.77ms | tok/sec: 80,621 | mfu: 0.00 | epoch: 1 | total time: 19.13m
step 00631 (68.08%) | loss: 1.036276 | lrm: 0.64 | dt: 1627.48ms | tok/sec: 80,536 | mfu: 0.00 | epoch: 1 | total time: 19.16m
step 00632 (68.18%) | loss: 1.039644 | lrm: 0.64 | dt: 1637.18ms | tok/sec: 80,059 | mfu: 0.00 | epoch: 1 | total time: 19.18m
step 00633 (68.29%) | loss: 1.061702 | lrm: 0.63 | dt: 1630.07ms | tok/sec: 80,408 | mfu: 0.00 | epoch: 1 | total time: 19.21m
step 00634 (68.40%) | loss: 1.068211 | lrm: 0.63 | dt: 1637.03ms | tok/sec: 80,066 | mfu: 0.00 | epoch: 1 | total time: 19.24m
step 00635 (68.50%) | loss: 1.047116 | lrm: 0.63 | dt: 1638.55ms | tok/sec: 79,992 | mfu: 0.00 | epoch: 1 | total time: 19.27m
step 00636 (68.62%) | loss: 1.023044 | lrm: 0.63 | dt: 1632.40ms | tok/sec: 80,294 | mfu: 0.00 | epoch: 1 | total time: 19.29m
step 00637 (68.73%) | loss: 1.050186 | lrm: 0.63 | dt: 1638.67ms | tok/sec: 79,986 | mfu: 0.00 | epoch: 1 | total time: 19.32m
step 00638 (68.83%) | loss: 1.047965 | lrm: 0.62 | dt: 1634.69ms | tok/sec: 80,181 | mfu: 0.00 | epoch: 1 | total time: 19.35m
step 00639 (68.94%) | loss: 1.051514 | lrm: 0.62 | dt: 1639.04ms | tok/sec: 79,968 | mfu: 0.00 | epoch: 1 | total time: 19.38m
step 00640 (69.05%) | loss: 1.066616 | lrm: 0.62 | dt: 1633.64ms | tok/sec: 80,233 | mfu: 0.00 | epoch: 1 | total time: 19.40m
step 00641 (69.16%) | loss: 1.058915 | lrm: 0.62 | dt: 1630.24ms | tok/sec: 80,400 | mfu: 0.00 | epoch: 1 | total time: 19.43m
step 00642 (69.27%) | loss: 1.063867 | lrm: 0.61 | dt: 1637.35ms | tok/sec: 80,051 | mfu: 0.00 | epoch: 1 | total time: 19.46m
step 00643 (69.38%) | loss: 1.090536 | lrm: 0.61 | dt: 1635.51ms | tok/sec: 80,141 | mfu: 0.00 | epoch: 1 | total time: 19.48m
step 00644 (69.49%) | loss: 1.117382 | lrm: 0.61 | dt: 1634.04ms | tok/sec: 80,213 | mfu: 0.00 | epoch: 1 | total time: 19.51m
step 00645 (69.60%) | loss: 1.123461 | lrm: 0.61 | dt: 1644.47ms | tok/sec: 79,704 | mfu: 0.00 | epoch: 1 | total time: 19.54m
step 00646 (69.71%) | loss: 1.113772 | lrm: 0.61 | dt: 1639.07ms | tok/sec: 79,967 | mfu: 0.00 | epoch: 1 | total time: 19.57m
step 00647 (69.82%) | loss: 1.084496 | lrm: 0.60 | dt: 1636.11ms | tok/sec: 80,112 | mfu: 0.00 | epoch: 1 | total time: 19.59m
step 00648 (69.92%) | loss: 1.095652 | lrm: 0.60 | dt: 1636.12ms | tok/sec: 80,111 | mfu: 0.00 | epoch: 1 | total time: 19.62m
step 00649 (70.03%) | loss: 1.127970 | lrm: 0.60 | dt: 1639.81ms | tok/sec: 79,931 | mfu: 0.00 | epoch: 1 | total time: 19.65m
step 00650 (70.14%) | loss: 1.119092 | lrm: 0.60 | dt: 1640.81ms | tok/sec: 79,882 | mfu: 0.00 | epoch: 1 | total time: 19.68m
step 00651 (70.25%) | loss: 1.125487 | lrm: 0.60 | dt: 1634.05ms | tok/sec: 80,213 | mfu: 0.00 | epoch: 1 | total time: 19.70m
step 00652 (70.35%) | loss: 1.112557 | lrm: 0.59 | dt: 1637.63ms | tok/sec: 80,037 | mfu: 0.00 | epoch: 1 | total time: 19.73m
step 00653 (70.45%) | loss: 1.113576 | lrm: 0.59 | dt: 1637.60ms | tok/sec: 80,038 | mfu: 0.00 | epoch: 1 | total time: 19.76m
step 00654 (70.56%) | loss: 1.072968 | lrm: 0.59 | dt: 1643.00ms | tok/sec: 79,775 | mfu: 0.00 | epoch: 1 | total time: 19.78m
step 00655 (70.67%) | loss: 1.094857 | lrm: 0.59 | dt: 1638.66ms | tok/sec: 79,987 | mfu: 0.00 | epoch: 1 | total time: 19.81m
step 00656 (70.78%) | loss: 1.077304 | lrm: 0.58 | dt: 1641.36ms | tok/sec: 79,855 | mfu: 0.00 | epoch: 1 | total time: 19.84m
step 00657 (70.89%) | loss: 1.063449 | lrm: 0.58 | dt: 1640.20ms | tok/sec: 79,912 | mfu: 0.00 | epoch: 1 | total time: 19.87m
step 00658 (70.99%) | loss: 1.054480 | lrm: 0.58 | dt: 1641.86ms | tok/sec: 79,831 | mfu: 0.00 | epoch: 1 | total time: 19.89m
step 00659 (71.11%) | loss: 1.064561 | lrm: 0.58 | dt: 1635.92ms | tok/sec: 80,121 | mfu: 0.00 | epoch: 1 | total time: 19.92m
step 00660 (71.21%) | loss: 1.076554 | lrm: 0.58 | dt: 1628.57ms | tok/sec: 80,482 | mfu: 0.00 | epoch: 1 | total time: 19.95m
step 00661 (71.32%) | loss: 1.086575 | lrm: 0.57 | dt: 1633.25ms | tok/sec: 80,252 | mfu: 0.00 | epoch: 1 | total time: 19.98m
step 00662 (71.43%) | loss: 1.082069 | lrm: 0.57 | dt: 1634.35ms | tok/sec: 80,198 | mfu: 0.00 | epoch: 1 | total time: 20.00m
step 00663 (71.54%) | loss: 1.078821 | lrm: 0.57 | dt: 1634.34ms | tok/sec: 80,198 | mfu: 0.00 | epoch: 1 | total time: 20.03m
step 00664 (71.65%) | loss: 1.061866 | lrm: 0.57 | dt: 1638.10ms | tok/sec: 80,014 | mfu: 0.00 | epoch: 1 | total time: 20.06m
step 00665 (71.75%) | loss: 1.074011 | lrm: 0.56 | dt: 1635.18ms | tok/sec: 80,157 | mfu: 0.00 | epoch: 1 | total time: 20.08m
step 00666 (71.86%) | loss: 1.072723 | lrm: 0.56 | dt: 1634.13ms | tok/sec: 80,209 | mfu: 0.00 | epoch: 1 | total time: 20.11m
step 00667 (71.97%) | loss: 1.063500 | lrm: 0.56 | dt: 1637.19ms | tok/sec: 80,059 | mfu: 0.00 | epoch: 1 | total time: 20.14m
step 00668 (72.08%) | loss: 1.063230 | lrm: 0.56 | dt: 1637.48ms | tok/sec: 80,045 | mfu: 0.00 | epoch: 1 | total time: 20.17m
step 00669 (72.18%) | loss: 1.026949 | lrm: 0.56 | dt: 1632.72ms | tok/sec: 80,278 | mfu: 0.00 | epoch: 1 | total time: 20.19m
step 00670 (72.29%) | loss: 0.994103 | lrm: 0.55 | dt: 1640.03ms | tok/sec: 79,920 | mfu: 0.00 | epoch: 1 | total time: 20.22m
step 00671 (72.40%) | loss: 1.016659 | lrm: 0.55 | dt: 1632.28ms | tok/sec: 80,300 | mfu: 0.00 | epoch: 1 | total time: 20.25m
step 00672 (72.51%) | loss: 1.006399 | lrm: 0.55 | dt: 1635.70ms | tok/sec: 80,132 | mfu: 0.00 | epoch: 1 | total time: 20.28m
step 00673 (72.61%) | loss: 1.002031 | lrm: 0.55 | dt: 1632.39ms | tok/sec: 80,294 | mfu: 0.00 | epoch: 1 | total time: 20.30m
step 00674 (72.72%) | loss: 0.997043 | lrm: 0.55 | dt: 1636.56ms | tok/sec: 80,089 | mfu: 0.00 | epoch: 1 | total time: 20.33m
step 00675 (72.83%) | loss: 0.978450 | lrm: 0.54 | dt: 1635.25ms | tok/sec: 80,154 | mfu: 0.00 | epoch: 1 | total time: 20.36m
step 00676 (72.94%) | loss: 0.961099 | lrm: 0.54 | dt: 1633.87ms | tok/sec: 80,221 | mfu: 0.00 | epoch: 1 | total time: 20.38m
step 00677 (73.05%) | loss: 0.956724 | lrm: 0.54 | dt: 1637.82ms | tok/sec: 80,028 | mfu: 0.00 | epoch: 1 | total time: 20.41m
step 00678 (73.16%) | loss: 0.954937 | lrm: 0.54 | dt: 1632.95ms | tok/sec: 80,266 | mfu: 0.00 | epoch: 1 | total time: 20.44m
step 00679 (73.27%) | loss: 0.947811 | lrm: 0.53 | dt: 1634.89ms | tok/sec: 80,171 | mfu: 0.00 | epoch: 1 | total time: 20.47m
step 00680 (73.37%) | loss: 0.941623 | lrm: 0.53 | dt: 1628.22ms | tok/sec: 80,500 | mfu: 0.00 | epoch: 1 | total time: 20.49m
step 00681 (73.48%) | loss: 0.928351 | lrm: 0.53 | dt: 1631.43ms | tok/sec: 80,341 | mfu: 0.00 | epoch: 1 | total time: 20.52m
step 00682 (73.59%) | loss: 0.969768 | lrm: 0.53 | dt: 1638.29ms | tok/sec: 80,005 | mfu: 0.00 | epoch: 1 | total time: 20.55m
step 00683 (73.69%) | loss: 0.935662 | lrm: 0.53 | dt: 1721.74ms | tok/sec: 76,127 | mfu: 0.00 | epoch: 1 | total time: 20.58m
step 00684 (73.80%) | loss: 0.974922 | lrm: 0.52 | dt: 1812.52ms | tok/sec: 72,314 | mfu: 0.00 | epoch: 1 | total time: 20.61m
step 00685 (73.92%) | loss: 0.985468 | lrm: 0.52 | dt: 1676.70ms | tok/sec: 78,172 | mfu: 0.00 | epoch: 1 | total time: 20.63m
step 00686 (74.03%) | loss: 0.962295 | lrm: 0.52 | dt: 1665.94ms | tok/sec: 78,677 | mfu: 0.00 | epoch: 1 | total time: 20.66m
step 00687 (74.13%) | loss: 0.976341 | lrm: 0.52 | dt: 1676.13ms | tok/sec: 78,199 | mfu: 0.00 | epoch: 1 | total time: 20.69m
step 00688 (74.25%) | loss: 0.981174 | lrm: 0.52 | dt: 1668.64ms | tok/sec: 78,550 | mfu: 0.00 | epoch: 1 | total time: 20.72m
step 00689 (74.35%) | loss: 0.996207 | lrm: 0.51 | dt: 1668.66ms | tok/sec: 78,549 | mfu: 0.00 | epoch: 1 | total time: 20.75m
step 00690 (74.46%) | loss: 0.993910 | lrm: 0.51 | dt: 1665.34ms | tok/sec: 78,705 | mfu: 0.00 | epoch: 1 | total time: 20.77m
step 00691 (74.56%) | loss: 0.971957 | lrm: 0.51 | dt: 1667.49ms | tok/sec: 78,604 | mfu: 0.00 | epoch: 1 | total time: 20.80m
step 00692 (74.67%) | loss: 0.943706 | lrm: 0.51 | dt: 1662.77ms | tok/sec: 78,827 | mfu: 0.00 | epoch: 1 | total time: 20.83m
step 00693 (74.78%) | loss: 0.939671 | lrm: 0.50 | dt: 1668.79ms | tok/sec: 78,543 | mfu: 0.00 | epoch: 1 | total time: 20.86m
step 00694 (74.89%) | loss: 0.950932 | lrm: 0.50 | dt: 1670.88ms | tok/sec: 78,444 | mfu: 0.00 | epoch: 1 | total time: 20.89m
step 00695 (74.99%) | loss: 0.948894 | lrm: 0.50 | dt: 1666.77ms | tok/sec: 78,638 | mfu: 0.00 | epoch: 1 | total time: 20.91m
step 00696 (75.10%) | loss: 0.944919 | lrm: 0.50 | dt: 1668.16ms | tok/sec: 78,572 | mfu: 0.00 | epoch: 1 | total time: 20.94m
step 00697 (75.21%) | loss: 0.927247 | lrm: 0.50 | dt: 1630.72ms | tok/sec: 80,376 | mfu: 0.00 | epoch: 1 | total time: 20.97m
step 00698 (75.32%) | loss: 0.930371 | lrm: 0.49 | dt: 1628.89ms | tok/sec: 80,466 | mfu: 0.00 | epoch: 1 | total time: 20.99m
step 00699 (75.43%) | loss: 0.936158 | lrm: 0.49 | dt: 1628.89ms | tok/sec: 80,466 | mfu: 0.00 | epoch: 1 | total time: 21.02m
step 00700 (75.53%) | loss: 0.923130 | lrm: 0.49 | dt: 1630.17ms | tok/sec: 80,403 | mfu: 0.00 | epoch: 1 | total time: 21.05m
Step 00700 | Validation bpb: 2.7144
step 00701 (75.64%) | loss: 0.952732 | lrm: 0.49 | dt: 1712.17ms | tok/sec: 76,553 | mfu: 0.00 | epoch: 1 | total time: 21.08m
step 00702 (75.75%) | loss: 0.958479 | lrm: 0.49 | dt: 1656.96ms | tok/sec: 79,103 | mfu: 0.00 | epoch: 1 | total time: 21.11m
step 00703 (75.86%) | loss: 0.983845 | lrm: 0.48 | dt: 1675.89ms | tok/sec: 78,210 | mfu: 0.00 | epoch: 1 | total time: 21.13m
step 00704 (75.97%) | loss: 0.983025 | lrm: 0.48 | dt: 1632.29ms | tok/sec: 80,299 | mfu: 0.00 | epoch: 1 | total time: 21.16m
step 00705 (76.08%) | loss: 0.954480 | lrm: 0.48 | dt: 1631.27ms | tok/sec: 80,349 | mfu: 0.00 | epoch: 1 | total time: 21.19m
step 00706 (76.19%) | loss: 0.954714 | lrm: 0.48 | dt: 1627.55ms | tok/sec: 80,533 | mfu: 0.00 | epoch: 1 | total time: 21.21m
step 00707 (76.29%) | loss: 0.940570 | lrm: 0.47 | dt: 1632.32ms | tok/sec: 80,297 | mfu: 0.00 | epoch: 1 | total time: 21.24m
step 00708 (76.40%) | loss: 0.954080 | lrm: 0.47 | dt: 1629.63ms | tok/sec: 80,430 | mfu: 0.00 | epoch: 1 | total time: 21.27m
step 00709 (76.51%) | loss: 0.973478 | lrm: 0.47 | dt: 1633.62ms | tok/sec: 80,234 | mfu: 0.00 | epoch: 1 | total time: 21.30m
step 00710 (76.62%) | loss: 0.970193 | lrm: 0.47 | dt: 1637.95ms | tok/sec: 80,021 | mfu: 0.00 | epoch: 1 | total time: 21.32m
step 00711 (76.72%) | loss: 0.962586 | lrm: 0.47 | dt: 1631.02ms | tok/sec: 80,361 | mfu: 0.00 | epoch: 1 | total time: 21.35m
step 00712 (76.83%) | loss: 0.970559 | lrm: 0.46 | dt: 1632.23ms | tok/sec: 80,302 | mfu: 0.00 | epoch: 1 | total time: 21.38m
step 00713 (76.94%) | loss: 0.949889 | lrm: 0.46 | dt: 1624.55ms | tok/sec: 80,682 | mfu: 0.00 | epoch: 1 | total time: 21.41m
step 00714 (77.04%) | loss: 0.955972 | lrm: 0.46 | dt: 1634.72ms | tok/sec: 80,180 | mfu: 0.00 | epoch: 1 | total time: 21.43m
step 00715 (77.15%) | loss: 0.962847 | lrm: 0.46 | dt: 1632.28ms | tok/sec: 80,300 | mfu: 0.00 | epoch: 1 | total time: 21.46m
step 00716 (77.26%) | loss: 0.974686 | lrm: 0.45 | dt: 1632.46ms | tok/sec: 80,290 | mfu: 0.00 | epoch: 1 | total time: 21.49m
step 00717 (77.36%) | loss: 0.962248 | lrm: 0.45 | dt: 1629.95ms | tok/sec: 80,414 | mfu: 0.00 | epoch: 1 | total time: 21.51m
step 00718 (77.47%) | loss: 0.955661 | lrm: 0.45 | dt: 1627.60ms | tok/sec: 80,530 | mfu: 0.00 | epoch: 1 | total time: 21.54m
step 00719 (77.58%) | loss: 0.977155 | lrm: 0.45 | dt: 1630.78ms | tok/sec: 80,373 | mfu: 0.00 | epoch: 1 | total time: 21.57m
step 00720 (77.68%) | loss: 0.957210 | lrm: 0.45 | dt: 1632.26ms | tok/sec: 80,300 | mfu: 0.00 | epoch: 1 | total time: 21.60m
step 00721 (77.79%) | loss: 0.944311 | lrm: 0.44 | dt: 1629.12ms | tok/sec: 80,455 | mfu: 0.00 | epoch: 1 | total time: 21.62m
step 00722 (77.90%) | loss: 0.938478 | lrm: 0.44 | dt: 1636.23ms | tok/sec: 80,105 | mfu: 0.00 | epoch: 1 | total time: 21.65m
step 00723 (78.01%) | loss: 0.931993 | lrm: 0.44 | dt: 1639.03ms | tok/sec: 79,969 | mfu: 0.00 | epoch: 1 | total time: 21.68m
step 00724 (78.12%) | loss: 0.940838 | lrm: 0.44 | dt: 1630.38ms | tok/sec: 80,393 | mfu: 0.00 | epoch: 1 | total time: 21.70m
step 00725 (78.23%) | loss: 0.937017 | lrm: 0.44 | dt: 1629.33ms | tok/sec: 80,445 | mfu: 0.00 | epoch: 1 | total time: 21.73m
step 00726 (78.33%) | loss: 0.978607 | lrm: 0.43 | dt: 1638.94ms | tok/sec: 79,973 | mfu: 0.00 | epoch: 1 | total time: 21.76m
step 00727 (78.44%) | loss: 0.976345 | lrm: 0.43 | dt: 1635.66ms | tok/sec: 80,134 | mfu: 0.00 | epoch: 1 | total time: 21.79m
step 00728 (78.54%) | loss: 0.950527 | lrm: 0.43 | dt: 1633.90ms | tok/sec: 80,220 | mfu: 0.00 | epoch: 1 | total time: 21.81m
step 00729 (78.65%) | loss: 0.952582 | lrm: 0.43 | dt: 1637.80ms | tok/sec: 80,029 | mfu: 0.00 | epoch: 1 | total time: 21.84m
step 00730 (78.76%) | loss: 0.952008 | lrm: 0.42 | dt: 1637.94ms | tok/sec: 80,022 | mfu: 0.00 | epoch: 1 | total time: 21.87m
step 00731 (78.86%) | loss: 0.966885 | lrm: 0.42 | dt: 1635.75ms | tok/sec: 80,129 | mfu: 0.00 | epoch: 1 | total time: 21.90m
step 00732 (78.97%) | loss: 0.949389 | lrm: 0.42 | dt: 1635.42ms | tok/sec: 80,145 | mfu: 0.00 | epoch: 1 | total time: 21.92m
step 00733 (79.08%) | loss: 0.958640 | lrm: 0.42 | dt: 1633.99ms | tok/sec: 80,215 | mfu: 0.00 | epoch: 1 | total time: 21.95m
step 00734 (79.19%) | loss: 0.942403 | lrm: 0.42 | dt: 1628.47ms | tok/sec: 80,487 | mfu: 0.00 | epoch: 1 | total time: 21.98m
step 00735 (79.29%) | loss: 0.948760 | lrm: 0.41 | dt: 1632.07ms | tok/sec: 80,310 | mfu: 0.00 | epoch: 1 | total time: 22.00m
step 00736 (79.39%) | loss: 0.941604 | lrm: 0.41 | dt: 1626.50ms | tok/sec: 80,585 | mfu: 0.00 | epoch: 1 | total time: 22.03m
step 00737 (79.50%) | loss: 0.943796 | lrm: 0.41 | dt: 1631.65ms | tok/sec: 80,330 | mfu: 0.00 | epoch: 1 | total time: 22.06m
step 00738 (79.61%) | loss: 0.960796 | lrm: 0.41 | dt: 1628.52ms | tok/sec: 80,485 | mfu: 0.00 | epoch: 1 | total time: 22.09m
step 00739 (79.72%) | loss: 0.967569 | lrm: 0.41 | dt: 1638.21ms | tok/sec: 80,009 | mfu: 0.00 | epoch: 1 | total time: 22.11m
step 00740 (79.82%) | loss: 0.969884 | lrm: 0.40 | dt: 1633.58ms | tok/sec: 80,236 | mfu: 0.00 | epoch: 1 | total time: 22.14m
step 00741 (79.93%) | loss: 0.977007 | lrm: 0.40 | dt: 1629.60ms | tok/sec: 80,432 | mfu: 0.00 | epoch: 1 | total time: 22.17m
step 00742 (80.04%) | loss: 0.996462 | lrm: 0.40 | dt: 1636.56ms | tok/sec: 80,090 | mfu: 0.00 | epoch: 1 | total time: 22.19m
step 00743 (80.14%) | loss: 0.983974 | lrm: 0.40 | dt: 1638.54ms | tok/sec: 79,993 | mfu: 0.00 | epoch: 1 | total time: 22.22m
step 00744 (80.25%) | loss: 0.985707 | lrm: 0.40 | dt: 1628.05ms | tok/sec: 80,508 | mfu: 0.00 | epoch: 1 | total time: 22.25m
step 00745 (80.36%) | loss: 0.980695 | lrm: 0.39 | dt: 1626.26ms | tok/sec: 80,596 | mfu: 0.00 | epoch: 1 | total time: 22.28m
step 00746 (80.46%) | loss: 0.970345 | lrm: 0.39 | dt: 1632.38ms | tok/sec: 80,295 | mfu: 0.00 | epoch: 1 | total time: 22.30m
step 00747 (80.57%) | loss: 0.959311 | lrm: 0.39 | dt: 1626.17ms | tok/sec: 80,601 | mfu: 0.00 | epoch: 1 | total time: 22.33m
step 00748 (80.67%) | loss: 0.936059 | lrm: 0.39 | dt: 1637.66ms | tok/sec: 80,036 | mfu: 0.00 | epoch: 1 | total time: 22.36m
step 00749 (80.78%) | loss: 0.922254 | lrm: 0.38 | dt: 1632.76ms | tok/sec: 80,276 | mfu: 0.00 | epoch: 1 | total time: 22.38m
step 00750 (80.89%) | loss: 0.916062 | lrm: 0.38 | dt: 1633.57ms | tok/sec: 80,236 | mfu: 0.00 | epoch: 1 | total time: 22.41m
step 00751 (81.00%) | loss: 0.936476 | lrm: 0.38 | dt: 1632.19ms | tok/sec: 80,304 | mfu: 0.00 | epoch: 1 | total time: 22.44m
step 00752 (81.11%) | loss: 0.939281 | lrm: 0.38 | dt: 1623.32ms | tok/sec: 80,743 | mfu: 0.00 | epoch: 1 | total time: 22.47m
step 00753 (81.21%) | loss: 0.923678 | lrm: 0.38 | dt: 1634.51ms | tok/sec: 80,190 | mfu: 0.00 | epoch: 1 | total time: 22.49m
step 00754 (81.32%) | loss: 0.924112 | lrm: 0.37 | dt: 1638.49ms | tok/sec: 79,995 | mfu: 0.00 | epoch: 1 | total time: 22.52m
step 00755 (81.43%) | loss: 0.917538 | lrm: 0.37 | dt: 1636.98ms | tok/sec: 80,069 | mfu: 0.00 | epoch: 1 | total time: 22.55m
step 00756 (81.54%) | loss: 0.912627 | lrm: 0.37 | dt: 1641.10ms | tok/sec: 79,868 | mfu: 0.00 | epoch: 1 | total time: 22.58m
step 00757 (81.65%) | loss: 0.888028 | lrm: 0.37 | dt: 1634.96ms | tok/sec: 80,168 | mfu: 0.00 | epoch: 1 | total time: 22.60m
step 00758 (81.76%) | loss: 0.895487 | lrm: 0.36 | dt: 1632.59ms | tok/sec: 80,284 | mfu: 0.00 | epoch: 1 | total time: 22.63m
step 00759 (81.86%) | loss: 0.903597 | lrm: 0.36 | dt: 1641.11ms | tok/sec: 79,867 | mfu: 0.00 | epoch: 1 | total time: 22.66m
step 00760 (81.97%) | loss: 0.900383 | lrm: 0.36 | dt: 1640.60ms | tok/sec: 79,892 | mfu: 0.00 | epoch: 1 | total time: 22.68m
step 00761 (82.07%) | loss: 0.896899 | lrm: 0.36 | dt: 1635.10ms | tok/sec: 80,161 | mfu: 0.00 | epoch: 1 | total time: 22.71m
step 00762 (82.18%) | loss: 0.919452 | lrm: 0.36 | dt: 1636.04ms | tok/sec: 80,115 | mfu: 0.00 | epoch: 1 | total time: 22.74m
step 00763 (82.28%) | loss: 0.894189 | lrm: 0.35 | dt: 1631.46ms | tok/sec: 80,340 | mfu: 0.00 | epoch: 1 | total time: 22.77m
step 00764 (82.39%) | loss: 0.870141 | lrm: 0.35 | dt: 1639.36ms | tok/sec: 79,952 | mfu: 0.00 | epoch: 1 | total time: 22.79m
2026-09-22 18:22:46,130 - nanochat.checkpoint_manager - [32m[1mINFO[0m - Saved model parameters to: /Users/mayureshkhalane/.cache/nanochat/chatsft_checkpoints/d2_mid/model_000928.pt
2026-09-22 18:22:46,131 - nanochat.checkpoint_manager - [32m[1mINFO[0m - Saved metadata to: /Users/mayureshkhalane/.cache/nanochat/chatsft_checkpoints/d2_mid/meta_000928.json
2026-09-22 18:22:46,248 - nanochat.checkpoint_manager - [32m[1mINFO[0m - Saved optimizer state to: /Users/mayureshkhalane/.cache/nanochat/chatsft_checkpoints/d2_mid/optim_000928_rank0.pt
wandb: updating run metadata
wandb: uploading wandb-summary.json; uploading config.yaml; uploading output.log
wandb: uploading history steps 102-102, summary, console lines 950-961
wandb: 
wandb: Run history:
wandb:                 step ▁▁▁▁▂▂▂▂▂▃▃▃▃▃▃▄▄▄▄▄▅▅▅▅▅▆▆▆▆▆▇▇▇▇▇█████
wandb: total_training_flops ▁▁▁▁▁▂▂▂▂▂▃▃▃▃▃▃▄▄▄▅▅▅▅▅▆▆▆▆▆▆▇▇▇▇▇▇▇███
wandb:  total_training_time ▁▁▁▂▂▂▂▃▃▃▃▃▃▃▃▄▄▄▄▄▄▅▅▅▅▅▅▆▆▆▆▇▇▇▇▇▇▇██
wandb:             train/dt ███▇▁▁▁▁▁▁▁▁▁▁▁▁▁▁▁▁▁▁▁▁▁▁▁▁▁▁▁▁▁▁▁▁▁▁▁▁
wandb:          train/epoch ▁▁▁▁▁▁▁▁▁▁▁▁▁▁▁▁▁▁▁▁▁▁▁▁▁▁▁▁▁▁▁▁▁▁▁▁▁▁▁▁
wandb:           train/loss █▆▅▄▄▄▄▃▃▃▃▃▂▂▂▂▂▂▂▂▂▂▂▂▂▁▂▂▁▁▁▁▁▁▁▁▁▁▁▁
wandb:            train/lrm ████████████████████████▇▇▆▆▆▅▄▄▄▃▃▂▂▂▁▁
wandb:            train/mfu ▁▁▁▁▁▁▁▁▁▁▁▁▁▁▁▁▁▁▁▁▁▁▁▁▁▁▁▁▁▁▁▁▁▁▁▁▁▁▁▁
wandb:    train/tok_per_sec ▁▁▁▁▂████████████▇██████████████████████
wandb:              val/bpb ▁▅▆▇▇██████
wandb: 
wandb: Run summary:
wandb:                 step 928
wandb: total_training_flops 4113299272630272
wandb:  total_training_time 1636.20661
wandb:             train/dt 1.633
wandb:          train/epoch 1
wandb:           train/loss 0.79894
wandb:            train/lrm 0.01586
wandb:            train/mfu 0
wandb:    train/tok_per_sec 80264
wandb:              val/bpb 2.76092
wandb: 
wandb: 🚀 View run task3_d2_mid at: https://wandb.ai/mayureshkhalane1-leiden-university/nanochat-sft/runs/zzdr6weq
wandb: ⭐️ View project at: https://wandb.ai/mayureshkhalane1-leiden-university/nanochat-sft
wandb: Synced 5 W&B file(s), 0 media file(s), 0 artifact file(s) and 0 other file(s)
wandb: Find logs at: ./wandb/run-20260922_175316-zzdr6weq/logs
step 00765 (82.50%) | loss: 0.884123 | lrm: 0.35 | dt: 1638.15ms | tok/sec: 80,012 | mfu: 0.00 | epoch: 1 | total time: 22.82m
step 00766 (82.60%) | loss: 0.893322 | lrm: 0.35 | dt: 1637.18ms | tok/sec: 80,059 | mfu: 0.00 | epoch: 1 | total time: 22.85m
step 00767 (82.72%) | loss: 0.902947 | lrm: 0.35 | dt: 1638.97ms | tok/sec: 79,972 | mfu: 0.00 | epoch: 1 | total time: 22.88m
step 00768 (82.82%) | loss: 0.895873 | lrm: 0.34 | dt: 1634.86ms | tok/sec: 80,173 | mfu: 0.00 | epoch: 1 | total time: 22.90m
step 00769 (82.93%) | loss: 0.898674 | lrm: 0.34 | dt: 1637.83ms | tok/sec: 80,027 | mfu: 0.00 | epoch: 1 | total time: 22.93m
step 00770 (83.04%) | loss: 0.912137 | lrm: 0.34 | dt: 1637.04ms | tok/sec: 80,066 | mfu: 0.00 | epoch: 1 | total time: 22.96m
step 00771 (83.15%) | loss: 0.907466 | lrm: 0.34 | dt: 1640.70ms | tok/sec: 79,888 | mfu: 0.00 | epoch: 1 | total time: 22.98m
step 00772 (83.25%) | loss: 0.922737 | lrm: 0.33 | dt: 1632.95ms | tok/sec: 80,267 | mfu: 0.00 | epoch: 1 | total time: 23.01m
step 00773 (83.36%) | loss: 0.914671 | lrm: 0.33 | dt: 1643.64ms | tok/sec: 79,745 | mfu: 0.00 | epoch: 1 | total time: 23.04m
step 00774 (83.47%) | loss: 0.908341 | lrm: 0.33 | dt: 1639.03ms | tok/sec: 79,969 | mfu: 0.00 | epoch: 1 | total time: 23.07m
step 00775 (83.57%) | loss: 0.920734 | lrm: 0.33 | dt: 1638.79ms | tok/sec: 79,980 | mfu: 0.00 | epoch: 1 | total time: 23.09m
step 00776 (83.68%) | loss: 0.946674 | lrm: 0.33 | dt: 1641.36ms | tok/sec: 79,855 | mfu: 0.00 | epoch: 1 | total time: 23.12m
step 00777 (83.78%) | loss: 0.923468 | lrm: 0.32 | dt: 1638.72ms | tok/sec: 79,984 | mfu: 0.00 | epoch: 1 | total time: 23.15m
step 00778 (83.89%) | loss: 0.901405 | lrm: 0.32 | dt: 1636.99ms | tok/sec: 80,069 | mfu: 0.00 | epoch: 1 | total time: 23.18m
step 00779 (84.00%) | loss: 0.906453 | lrm: 0.32 | dt: 1630.82ms | tok/sec: 80,371 | mfu: 0.00 | epoch: 1 | total time: 23.20m
step 00780 (84.11%) | loss: 0.913898 | lrm: 0.32 | dt: 1638.89ms | tok/sec: 79,976 | mfu: 0.00 | epoch: 1 | total time: 23.23m
step 00781 (84.22%) | loss: 0.926649 | lrm: 0.32 | dt: 1636.60ms | tok/sec: 80,087 | mfu: 0.00 | epoch: 1 | total time: 23.26m
step 00782 (84.32%) | loss: 0.914414 | lrm: 0.31 | dt: 1639.32ms | tok/sec: 79,954 | mfu: 0.00 | epoch: 1 | total time: 23.29m
step 00783 (84.43%) | loss: 0.894048 | lrm: 0.31 | dt: 1637.25ms | tok/sec: 80,056 | mfu: 0.00 | epoch: 1 | total time: 23.31m
step 00784 (84.54%) | loss: 0.908237 | lrm: 0.31 | dt: 1641.46ms | tok/sec: 79,850 | mfu: 0.00 | epoch: 1 | total time: 23.34m
step 00785 (84.65%) | loss: 0.902334 | lrm: 0.31 | dt: 1633.14ms | tok/sec: 80,257 | mfu: 0.00 | epoch: 1 | total time: 23.37m
step 00786 (84.76%) | loss: 0.903856 | lrm: 0.30 | dt: 1638.33ms | tok/sec: 80,003 | mfu: 0.00 | epoch: 1 | total time: 23.39m
step 00787 (84.86%) | loss: 0.924153 | lrm: 0.30 | dt: 1632.00ms | tok/sec: 80,313 | mfu: 0.00 | epoch: 1 | total time: 23.42m
step 00788 (84.98%) | loss: 0.913583 | lrm: 0.30 | dt: 1630.85ms | tok/sec: 80,370 | mfu: 0.00 | epoch: 1 | total time: 23.45m
step 00789 (85.09%) | loss: 0.921329 | lrm: 0.30 | dt: 1635.62ms | tok/sec: 80,135 | mfu: 0.00 | epoch: 1 | total time: 23.48m
step 00790 (85.20%) | loss: 0.902063 | lrm: 0.30 | dt: 1632.70ms | tok/sec: 80,279 | mfu: 0.00 | epoch: 1 | total time: 23.50m
step 00791 (85.30%) | loss: 0.905985 | lrm: 0.29 | dt: 1638.07ms | tok/sec: 80,016 | mfu: 0.00 | epoch: 1 | total time: 23.53m
step 00792 (85.41%) | loss: 0.909490 | lrm: 0.29 | dt: 1634.26ms | tok/sec: 80,202 | mfu: 0.00 | epoch: 1 | total time: 23.56m
step 00793 (85.52%) | loss: 0.908630 | lrm: 0.29 | dt: 1631.48ms | tok/sec: 80,339 | mfu: 0.00 | epoch: 1 | total time: 23.58m
step 00794 (85.62%) | loss: 0.910965 | lrm: 0.29 | dt: 1637.50ms | tok/sec: 80,043 | mfu: 0.00 | epoch: 1 | total time: 23.61m
step 00795 (85.73%) | loss: 0.925233 | lrm: 0.29 | dt: 1634.60ms | tok/sec: 80,185 | mfu: 0.00 | epoch: 1 | total time: 23.64m
step 00796 (85.83%) | loss: 0.927641 | lrm: 0.28 | dt: 1634.65ms | tok/sec: 80,183 | mfu: 0.00 | epoch: 1 | total time: 23.67m
step 00797 (85.94%) | loss: 0.959528 | lrm: 0.28 | dt: 1632.31ms | tok/sec: 80,298 | mfu: 0.00 | epoch: 1 | total time: 23.69m
step 00798 (86.05%) | loss: 0.930358 | lrm: 0.28 | dt: 1630.99ms | tok/sec: 80,363 | mfu: 0.00 | epoch: 1 | total time: 23.72m
step 00799 (86.16%) | loss: 0.925056 | lrm: 0.28 | dt: 1635.36ms | tok/sec: 80,148 | mfu: 0.00 | epoch: 1 | total time: 23.75m
step 00800 (86.26%) | loss: 0.907878 | lrm: 0.27 | dt: 1630.36ms | tok/sec: 80,394 | mfu: 0.00 | epoch: 1 | total time: 23.78m
Step 00800 | Validation bpb: 2.6897
step 00801 (86.37%) | loss: 0.913255 | lrm: 0.27 | dt: 1713.38ms | tok/sec: 76,499 | mfu: 0.00 | epoch: 1 | total time: 23.80m
step 00802 (86.48%) | loss: 0.924423 | lrm: 0.27 | dt: 1631.55ms | tok/sec: 80,336 | mfu: 0.00 | epoch: 1 | total time: 23.83m
step 00803 (86.59%) | loss: 0.909193 | lrm: 0.27 | dt: 1627.28ms | tok/sec: 80,546 | mfu: 0.00 | epoch: 1 | total time: 23.86m
step 00804 (86.71%) | loss: 0.911675 | lrm: 0.27 | dt: 1630.08ms | tok/sec: 80,408 | mfu: 0.00 | epoch: 1 | total time: 23.89m
step 00805 (86.81%) | loss: 0.907052 | lrm: 0.26 | dt: 1635.36ms | tok/sec: 80,148 | mfu: 0.00 | epoch: 1 | total time: 23.91m
step 00806 (86.92%) | loss: 0.900099 | lrm: 0.26 | dt: 1627.76ms | tok/sec: 80,522 | mfu: 0.00 | epoch: 1 | total time: 23.94m
step 00807 (87.03%) | loss: 0.887902 | lrm: 0.26 | dt: 1631.98ms | tok/sec: 80,314 | mfu: 0.00 | epoch: 1 | total time: 23.97m
step 00808 (87.14%) | loss: 0.881637 | lrm: 0.26 | dt: 1634.07ms | tok/sec: 80,211 | mfu: 0.00 | epoch: 1 | total time: 23.99m
step 00809 (87.24%) | loss: 0.887016 | lrm: 0.26 | dt: 1631.50ms | tok/sec: 80,338 | mfu: 0.00 | epoch: 1 | total time: 24.02m
step 00810 (87.35%) | loss: 0.905985 | lrm: 0.25 | dt: 1637.21ms | tok/sec: 80,058 | mfu: 0.00 | epoch: 1 | total time: 24.05m
step 00811 (87.46%) | loss: 0.894006 | lrm: 0.25 | dt: 1631.96ms | tok/sec: 80,315 | mfu: 0.00 | epoch: 1 | total time: 24.08m
step 00812 (87.57%) | loss: 0.919268 | lrm: 0.25 | dt: 1634.84ms | tok/sec: 80,174 | mfu: 0.00 | epoch: 1 | total time: 24.10m
step 00813 (87.67%) | loss: 0.952550 | lrm: 0.25 | dt: 1626.29ms | tok/sec: 80,595 | mfu: 0.00 | epoch: 1 | total time: 24.13m
step 00814 (87.78%) | loss: 0.940316 | lrm: 0.24 | dt: 1636.72ms | tok/sec: 80,082 | mfu: 0.00 | epoch: 1 | total time: 24.16m
step 00815 (87.88%) | loss: 0.907676 | lrm: 0.24 | dt: 1635.51ms | tok/sec: 80,141 | mfu: 0.00 | epoch: 1 | total time: 24.18m
step 00816 (87.98%) | loss: 0.919707 | lrm: 0.24 | dt: 1634.52ms | tok/sec: 80,189 | mfu: 0.00 | epoch: 1 | total time: 24.21m
step 00817 (88.09%) | loss: 0.921589 | lrm: 0.24 | dt: 1628.59ms | tok/sec: 80,481 | mfu: 0.00 | epoch: 1 | total time: 24.24m
step 00818 (88.20%) | loss: 0.914102 | lrm: 0.24 | dt: 1642.71ms | tok/sec: 79,790 | mfu: 0.00 | epoch: 1 | total time: 24.27m
step 00819 (88.31%) | loss: 0.906002 | lrm: 0.23 | dt: 1640.04ms | tok/sec: 79,919 | mfu: 0.00 | epoch: 1 | total time: 24.29m
step 00820 (88.42%) | loss: 0.889542 | lrm: 0.23 | dt: 1638.06ms | tok/sec: 80,016 | mfu: 0.00 | epoch: 1 | total time: 24.32m
step 00821 (88.52%) | loss: 0.880159 | lrm: 0.23 | dt: 1637.92ms | tok/sec: 80,023 | mfu: 0.00 | epoch: 1 | total time: 24.35m
step 00822 (88.63%) | loss: 0.871028 | lrm: 0.23 | dt: 1644.61ms | tok/sec: 79,697 | mfu: 0.00 | epoch: 1 | total time: 24.38m
step 00823 (88.74%) | loss: 0.873762 | lrm: 0.23 | dt: 1643.32ms | tok/sec: 79,760 | mfu: 0.00 | epoch: 1 | total time: 24.40m
step 00824 (88.84%) | loss: 0.900513 | lrm: 0.22 | dt: 1639.58ms | tok/sec: 79,942 | mfu: 0.00 | epoch: 1 | total time: 24.43m
step 00825 (88.95%) | loss: 0.877871 | lrm: 0.22 | dt: 1639.90ms | tok/sec: 79,926 | mfu: 0.00 | epoch: 1 | total time: 24.46m
step 00826 (89.06%) | loss: 0.886060 | lrm: 0.22 | dt: 1633.77ms | tok/sec: 80,226 | mfu: 0.00 | epoch: 1 | total time: 24.49m
step 00827 (89.18%) | loss: 0.918277 | lrm: 0.22 | dt: 1641.36ms | tok/sec: 79,855 | mfu: 0.00 | epoch: 1 | total time: 24.51m
step 00828 (89.29%) | loss: 0.925052 | lrm: 0.21 | dt: 1637.32ms | tok/sec: 80,052 | mfu: 0.00 | epoch: 1 | total time: 24.54m
step 00829 (89.40%) | loss: 0.940273 | lrm: 0.21 | dt: 1638.07ms | tok/sec: 80,016 | mfu: 0.00 | epoch: 1 | total time: 24.57m
step 00830 (89.51%) | loss: 0.934827 | lrm: 0.21 | dt: 1643.72ms | tok/sec: 79,741 | mfu: 0.00 | epoch: 1 | total time: 24.59m
step 00831 (89.62%) | loss: 0.935804 | lrm: 0.21 | dt: 1637.54ms | tok/sec: 80,041 | mfu: 0.00 | epoch: 1 | total time: 24.62m
step 00832 (89.72%) | loss: 0.924039 | lrm: 0.21 | dt: 1642.31ms | tok/sec: 79,809 | mfu: 0.00 | epoch: 1 | total time: 24.65m
step 00833 (89.83%) | loss: 0.915019 | lrm: 0.20 | dt: 1634.01ms | tok/sec: 80,215 | mfu: 0.00 | epoch: 1 | total time: 24.68m
step 00834 (89.93%) | loss: 0.893742 | lrm: 0.20 | dt: 1637.93ms | tok/sec: 80,023 | mfu: 0.00 | epoch: 1 | total time: 24.70m
step 00835 (90.04%) | loss: 0.876338 | lrm: 0.20 | dt: 1638.82ms | tok/sec: 79,979 | mfu: 0.00 | epoch: 1 | total time: 24.73m
step 00836 (90.15%) | loss: 0.892161 | lrm: 0.20 | dt: 1637.39ms | tok/sec: 80,049 | mfu: 0.00 | epoch: 1 | total time: 24.76m
step 00837 (90.25%) | loss: 0.878911 | lrm: 0.19 | dt: 1641.17ms | tok/sec: 79,864 | mfu: 0.00 | epoch: 1 | total time: 24.79m
step 00838 (90.36%) | loss: 0.888523 | lrm: 0.19 | dt: 1630.90ms | tok/sec: 80,367 | mfu: 0.00 | epoch: 1 | total time: 24.81m
step 00839 (90.47%) | loss: 0.883771 | lrm: 0.19 | dt: 1639.11ms | tok/sec: 79,965 | mfu: 0.00 | epoch: 1 | total time: 24.84m
step 00840 (90.57%) | loss: 0.888834 | lrm: 0.19 | dt: 1639.76ms | tok/sec: 79,933 | mfu: 0.00 | epoch: 1 | total time: 24.87m
step 00841 (90.68%) | loss: 0.893708 | lrm: 0.19 | dt: 1640.35ms | tok/sec: 79,904 | mfu: 0.00 | epoch: 1 | total time: 24.89m
step 00842 (90.79%) | loss: 0.880828 | lrm: 0.18 | dt: 1633.66ms | tok/sec: 80,232 | mfu: 0.00 | epoch: 1 | total time: 24.92m
step 00843 (90.89%) | loss: 0.891826 | lrm: 0.18 | dt: 1637.17ms | tok/sec: 80,060 | mfu: 0.00 | epoch: 1 | total time: 24.95m
step 00844 (91.00%) | loss: 0.894901 | lrm: 0.18 | dt: 1625.80ms | tok/sec: 80,620 | mfu: 0.00 | epoch: 1 | total time: 24.98m
step 00845 (91.11%) | loss: 0.891520 | lrm: 0.18 | dt: 1643.76ms | tok/sec: 79,739 | mfu: 0.00 | epoch: 1 | total time: 25.00m
step 00846 (91.21%) | loss: 0.898659 | lrm: 0.18 | dt: 1637.84ms | tok/sec: 80,027 | mfu: 0.00 | epoch: 1 | total time: 25.03m
step 00847 (91.32%) | loss: 0.901050 | lrm: 0.17 | dt: 1632.07ms | tok/sec: 80,310 | mfu: 0.00 | epoch: 1 | total time: 25.06m
step 00848 (91.43%) | loss: 0.902656 | lrm: 0.17 | dt: 1639.26ms | tok/sec: 79,957 | mfu: 0.00 | epoch: 1 | total time: 25.09m
step 00849 (91.53%) | loss: 0.886554 | lrm: 0.17 | dt: 1635.49ms | tok/sec: 80,142 | mfu: 0.00 | epoch: 1 | total time: 25.11m
step 00850 (91.64%) | loss: 0.883578 | lrm: 0.17 | dt: 1632.50ms | tok/sec: 80,289 | mfu: 0.00 | epoch: 1 | total time: 25.14m
step 00851 (91.75%) | loss: 0.881293 | lrm: 0.17 | dt: 1641.18ms | tok/sec: 79,864 | mfu: 0.00 | epoch: 1 | total time: 25.17m
step 00852 (91.86%) | loss: 0.874393 | lrm: 0.16 | dt: 1635.79ms | tok/sec: 80,127 | mfu: 0.00 | epoch: 1 | total time: 25.19m
step 00853 (91.97%) | loss: 0.874093 | lrm: 0.16 | dt: 1639.96ms | tok/sec: 79,923 | mfu: 0.00 | epoch: 1 | total time: 25.22m
step 00854 (92.07%) | loss: 0.863684 | lrm: 0.16 | dt: 1638.61ms | tok/sec: 79,989 | mfu: 0.00 | epoch: 1 | total time: 25.25m
step 00855 (92.18%) | loss: 0.872091 | lrm: 0.16 | dt: 1633.26ms | tok/sec: 80,251 | mfu: 0.00 | epoch: 1 | total time: 25.28m
step 00856 (92.29%) | loss: 0.861642 | lrm: 0.15 | dt: 1637.95ms | tok/sec: 80,022 | mfu: 0.00 | epoch: 1 | total time: 25.30m
step 00857 (92.40%) | loss: 0.864879 | lrm: 0.15 | dt: 1638.25ms | tok/sec: 80,007 | mfu: 0.00 | epoch: 1 | total time: 25.33m
step 00858 (92.51%) | loss: 0.860180 | lrm: 0.15 | dt: 1635.72ms | tok/sec: 80,130 | mfu: 0.00 | epoch: 1 | total time: 25.36m
step 00859 (92.62%) | loss: 0.847499 | lrm: 0.15 | dt: 1640.67ms | tok/sec: 79,889 | mfu: 0.00 | epoch: 1 | total time: 25.39m
step 00860 (92.72%) | loss: 0.874440 | lrm: 0.15 | dt: 1638.31ms | tok/sec: 80,004 | mfu: 0.00 | epoch: 1 | total time: 25.41m
step 00861 (92.83%) | loss: 0.879715 | lrm: 0.14 | dt: 1644.15ms | tok/sec: 79,720 | mfu: 0.00 | epoch: 1 | total time: 25.44m
step 00862 (92.94%) | loss: 0.884950 | lrm: 0.14 | dt: 1636.75ms | tok/sec: 80,080 | mfu: 0.00 | epoch: 1 | total time: 25.47m
step 00863 (93.05%) | loss: 0.858874 | lrm: 0.14 | dt: 1636.83ms | tok/sec: 80,076 | mfu: 0.00 | epoch: 1 | total time: 25.50m
step 00864 (93.16%) | loss: 0.883008 | lrm: 0.14 | dt: 1636.44ms | tok/sec: 80,095 | mfu: 0.00 | epoch: 1 | total time: 25.52m
step 00865 (93.27%) | loss: 0.877105 | lrm: 0.13 | dt: 1631.49ms | tok/sec: 80,338 | mfu: 0.00 | epoch: 1 | total time: 25.55m
step 00866 (93.38%) | loss: 0.862113 | lrm: 0.13 | dt: 1634.92ms | tok/sec: 80,170 | mfu: 0.00 | epoch: 1 | total time: 25.58m
step 00867 (93.48%) | loss: 0.862936 | lrm: 0.13 | dt: 1639.09ms | tok/sec: 79,966 | mfu: 0.00 | epoch: 1 | total time: 25.60m
step 00868 (93.59%) | loss: 0.856754 | lrm: 0.13 | dt: 1642.11ms | tok/sec: 79,819 | mfu: 0.00 | epoch: 1 | total time: 25.63m
step 00869 (93.70%) | loss: 0.844821 | lrm: 0.13 | dt: 1638.37ms | tok/sec: 80,001 | mfu: 0.00 | epoch: 1 | total time: 25.66m
step 00870 (93.80%) | loss: 0.849650 | lrm: 0.12 | dt: 1636.58ms | tok/sec: 80,089 | mfu: 0.00 | epoch: 1 | total time: 25.69m
step 00871 (93.91%) | loss: 0.847680 | lrm: 0.12 | dt: 1640.56ms | tok/sec: 79,894 | mfu: 0.00 | epoch: 1 | total time: 25.71m
step 00872 (94.02%) | loss: 0.843864 | lrm: 0.12 | dt: 1641.78ms | tok/sec: 79,835 | mfu: 0.00 | epoch: 1 | total time: 25.74m
step 00873 (94.14%) | loss: 0.854965 | lrm: 0.12 | dt: 1638.64ms | tok/sec: 79,988 | mfu: 0.00 | epoch: 1 | total time: 25.77m
step 00874 (94.24%) | loss: 0.863518 | lrm: 0.12 | dt: 1632.56ms | tok/sec: 80,286 | mfu: 0.00 | epoch: 1 | total time: 25.80m
step 00875 (94.35%) | loss: 0.866025 | lrm: 0.11 | dt: 1641.13ms | tok/sec: 79,866 | mfu: 0.00 | epoch: 1 | total time: 25.82m
step 00876 (94.46%) | loss: 0.842123 | lrm: 0.11 | dt: 1638.87ms | tok/sec: 79,977 | mfu: 0.00 | epoch: 1 | total time: 25.85m
step 00877 (94.58%) | loss: 0.870700 | lrm: 0.11 | dt: 1637.52ms | tok/sec: 80,043 | mfu: 0.00 | epoch: 1 | total time: 25.88m
step 00878 (94.69%) | loss: 0.864507 | lrm: 0.11 | dt: 1633.49ms | tok/sec: 80,240 | mfu: 0.00 | epoch: 1 | total time: 25.90m
step 00879 (94.80%) | loss: 0.873110 | lrm: 0.10 | dt: 1634.93ms | tok/sec: 80,169 | mfu: 0.00 | epoch: 1 | total time: 25.93m
step 00880 (94.91%) | loss: 0.852530 | lrm: 0.10 | dt: 1639.16ms | tok/sec: 79,962 | mfu: 0.00 | epoch: 1 | total time: 25.96m
step 00881 (95.02%) | loss: 0.834370 | lrm: 0.10 | dt: 1633.48ms | tok/sec: 80,240 | mfu: 0.00 | epoch: 1 | total time: 25.99m
step 00882 (95.12%) | loss: 0.838622 | lrm: 0.10 | dt: 1636.21ms | tok/sec: 80,107 | mfu: 0.00 | epoch: 1 | total time: 26.01m
step 00883 (95.23%) | loss: 0.836786 | lrm: 0.10 | dt: 1638.08ms | tok/sec: 80,015 | mfu: 0.00 | epoch: 1 | total time: 26.04m
step 00884 (95.33%) | loss: 0.860417 | lrm: 0.09 | dt: 1640.21ms | tok/sec: 79,911 | mfu: 0.00 | epoch: 1 | total time: 26.07m
step 00885 (95.44%) | loss: 0.865915 | lrm: 0.09 | dt: 1642.20ms | tok/sec: 79,815 | mfu: 0.00 | epoch: 1 | total time: 26.10m
step 00886 (95.55%) | loss: 0.869798 | lrm: 0.09 | dt: 1641.40ms | tok/sec: 79,854 | mfu: 0.00 | epoch: 1 | total time: 26.12m
step 00887 (95.65%) | loss: 0.848226 | lrm: 0.09 | dt: 1635.53ms | tok/sec: 80,140 | mfu: 0.00 | epoch: 1 | total time: 26.15m
step 00888 (95.76%) | loss: 0.841879 | lrm: 0.08 | dt: 1640.46ms | tok/sec: 79,899 | mfu: 0.00 | epoch: 1 | total time: 26.18m
step 00889 (95.87%) | loss: 0.837091 | lrm: 0.08 | dt: 1632.61ms | tok/sec: 80,283 | mfu: 0.00 | epoch: 1 | total time: 26.20m
step 00890 (95.98%) | loss: 0.845266 | lrm: 0.08 | dt: 1643.73ms | tok/sec: 79,740 | mfu: 0.00 | epoch: 1 | total time: 26.23m
step 00891 (96.08%) | loss: 0.867853 | lrm: 0.08 | dt: 1637.49ms | tok/sec: 80,044 | mfu: 0.00 | epoch: 1 | total time: 26.26m
step 00892 (96.19%) | loss: 0.874100 | lrm: 0.08 | dt: 1645.88ms | tok/sec: 79,636 | mfu: 0.00 | epoch: 1 | total time: 26.29m
step 00893 (96.30%) | loss: 0.895631 | lrm: 0.07 | dt: 1638.49ms | tok/sec: 79,995 | mfu: 0.00 | epoch: 1 | total time: 26.31m
step 00894 (96.41%) | loss: 0.901780 | lrm: 0.07 | dt: 1633.37ms | tok/sec: 80,246 | mfu: 0.00 | epoch: 1 | total time: 26.34m
step 00895 (96.51%) | loss: 0.900690 | lrm: 0.07 | dt: 1638.60ms | tok/sec: 79,990 | mfu: 0.00 | epoch: 1 | total time: 26.37m
step 00896 (96.62%) | loss: 0.914753 | lrm: 0.07 | dt: 1636.97ms | tok/sec: 80,069 | mfu: 0.00 | epoch: 1 | total time: 26.40m
step 00897 (96.72%) | loss: 0.888601 | lrm: 0.07 | dt: 1636.59ms | tok/sec: 80,088 | mfu: 0.00 | epoch: 1 | total time: 26.42m
step 00898 (96.83%) | loss: 0.864688 | lrm: 0.06 | dt: 1631.05ms | tok/sec: 80,360 | mfu: 0.00 | epoch: 1 | total time: 26.45m
step 00899 (96.94%) | loss: 0.860389 | lrm: 0.06 | dt: 1635.35ms | tok/sec: 80,149 | mfu: 0.00 | epoch: 1 | total time: 26.48m
step 00900 (97.05%) | loss: 0.876107 | lrm: 0.06 | dt: 1640.07ms | tok/sec: 79,918 | mfu: 0.00 | epoch: 1 | total time: 26.51m
Step 00900 | Validation bpb: 2.7690
step 00901 (97.16%) | loss: 0.874673 | lrm: 0.06 | dt: 1710.88ms | tok/sec: 76,610 | mfu: 0.00 | epoch: 1 | total time: 26.53m
step 00902 (97.26%) | loss: 0.880819 | lrm: 0.05 | dt: 1630.64ms | tok/sec: 80,380 | mfu: 0.00 | epoch: 1 | total time: 26.56m
step 00903 (97.37%) | loss: 0.876149 | lrm: 0.05 | dt: 1637.58ms | tok/sec: 80,039 | mfu: 0.00 | epoch: 1 | total time: 26.59m
step 00904 (97.48%) | loss: 0.878549 | lrm: 0.05 | dt: 1634.36ms | tok/sec: 80,197 | mfu: 0.00 | epoch: 1 | total time: 26.62m
step 00905 (97.59%) | loss: 0.871349 | lrm: 0.05 | dt: 1637.93ms | tok/sec: 80,023 | mfu: 0.00 | epoch: 1 | total time: 26.64m
step 00906 (97.70%) | loss: 0.872439 | lrm: 0.05 | dt: 1631.47ms | tok/sec: 80,339 | mfu: 0.00 | epoch: 1 | total time: 26.67m
step 00907 (97.81%) | loss: 0.861668 | lrm: 0.04 | dt: 1641.90ms | tok/sec: 79,829 | mfu: 0.00 | epoch: 1 | total time: 26.70m
step 00908 (97.91%) | loss: 0.865347 | lrm: 0.04 | dt: 1638.36ms | tok/sec: 80,001 | mfu: 0.00 | epoch: 1 | total time: 26.72m
step 00909 (98.02%) | loss: 0.856541 | lrm: 0.04 | dt: 1638.00ms | tok/sec: 80,019 | mfu: 0.00 | epoch: 1 | total time: 26.75m
step 00910 (98.13%) | loss: 0.843451 | lrm: 0.04 | dt: 1639.02ms | tok/sec: 79,969 | mfu: 0.00 | epoch: 1 | total time: 26.78m
step 00911 (98.24%) | loss: 0.845363 | lrm: 0.04 | dt: 1633.00ms | tok/sec: 80,264 | mfu: 0.00 | epoch: 1 | total time: 26.81m
step 00912 (98.35%) | loss: 0.829744 | lrm: 0.03 | dt: 1639.58ms | tok/sec: 79,942 | mfu: 0.00 | epoch: 1 | total time: 26.83m
step 00913 (98.46%) | loss: 0.810153 | lrm: 0.03 | dt: 1633.22ms | tok/sec: 80,253 | mfu: 0.00 | epoch: 1 | total time: 26.86m
step 00914 (98.56%) | loss: 0.800398 | lrm: 0.03 | dt: 1637.88ms | tok/sec: 80,025 | mfu: 0.00 | epoch: 1 | total time: 26.89m
step 00915 (98.67%) | loss: 0.821982 | lrm: 0.03 | dt: 1635.50ms | tok/sec: 80,141 | mfu: 0.00 | epoch: 1 | total time: 26.92m
step 00916 (98.78%) | loss: 0.808817 | lrm: 0.02 | dt: 1643.47ms | tok/sec: 79,753 | mfu: 0.00 | epoch: 1 | total time: 26.94m
step 00917 (98.88%) | loss: 0.835349 | lrm: 0.02 | dt: 1640.12ms | tok/sec: 79,915 | mfu: 0.00 | epoch: 1 | total time: 26.97m
step 00918 (98.99%) | loss: 0.821974 | lrm: 0.02 | dt: 1635.29ms | tok/sec: 80,152 | mfu: 0.00 | epoch: 1 | total time: 27.00m
step 00919 (99.10%) | loss: 0.813623 | lrm: 0.02 | dt: 1630.64ms | tok/sec: 80,380 | mfu: 0.00 | epoch: 1 | total time: 27.02m
step 00920 (99.21%) | loss: 0.798937 | lrm: 0.02 | dt: 1633.00ms | tok/sec: 80,264 | mfu: 0.00 | epoch: 1 | total time: 27.05m
step 00921 (99.31%) | loss: 0.809726 | lrm: 0.01 | dt: 1643.59ms | tok/sec: 79,747 | mfu: 0.00 | epoch: 1 | total time: 27.08m
step 00922 (99.42%) | loss: 0.828776 | lrm: 0.01 | dt: 1632.90ms | tok/sec: 80,269 | mfu: 0.00 | epoch: 1 | total time: 27.11m
step 00923 (99.52%) | loss: 0.836316 | lrm: 0.01 | dt: 1631.42ms | tok/sec: 80,342 | mfu: 0.00 | epoch: 1 | total time: 27.13m
step 00924 (99.64%) | loss: 0.823255 | lrm: 0.01 | dt: 1640.85ms | tok/sec: 79,880 | mfu: 0.00 | epoch: 1 | total time: 27.16m
step 00925 (99.74%) | loss: 0.826088 | lrm: 0.01 | dt: 1638.87ms | tok/sec: 79,977 | mfu: 0.00 | epoch: 1 | total time: 27.19m
step 00926 (99.85%) | loss: 0.812765 | lrm: 0.00 | dt: 1635.58ms | tok/sec: 80,137 | mfu: 0.00 | epoch: 1 | total time: 27.22m
step 00927 (99.96%) | loss: 0.833022 | lrm: 0.00 | dt: 1637.93ms | tok/sec: 80,022 | mfu: 0.00 | epoch: 1 | total time: 27.24m
step 00928 (100.07%) | loss: 0.812027 | lrm: -0.00 | dt: 1637.57ms | tok/sec: 80,040 | mfu: 0.00 | epoch: 2 | total time: 27.27m
Step 00928 | Validation bpb: 2.7609
Peak memory usage: 0.00MiB
Total training time: 27.27m
Minimum validation bpb: 1.2575
